time=2026-09-12T08:23:23.360+08:00 level=INFO source=routes.go:1951 msg="server config" env="map[HTTPS_PROXY: HTTP_PROXY: LLAMA_ARG_FIT: LLAMA_ARG_FIT_TARGET: NO_PROXY: OLLAMA_CONTEXT_LENGTH:8192 OLLAMA_DEBUG:INFO OLLAMA_DEBUG_LOG_REQUESTS:false OLLAMA_EDITOR: OLLAMA_FLASH_ATTENTION:false OLLAMA_GO_TEMPLATE:true OLLAMA_GPU_OVERHEAD:0 OLLAMA_HOST:http://127.0.0.1:11439 OLLAMA_IGPU_ENABLE: OLLAMA_KEEP_ALIVE:5m0s OLLAMA_KV_CACHE_TYPE: OLLAMA_LLM_LIBRARY: OLLAMA_LOAD_TIMEOUT:5m0s OLLAMA_MAX_LOADED_MODELS:1 OLLAMA_MAX_QUEUE:512 OLLAMA_MAX_TRANSFER_STREAMS:4 OLLAMA_MODELS:/Users/songyy/.ollama/models OLLAMA_NOHISTORY:false OLLAMA_NOPRUNE:false OLLAMA_NO_CLOUD:true OLLAMA_NUM_PARALLEL:1 OLLAMA_ORIGINS:[http://localhost https://localhost http://localhost:* https://localhost:* http://127.0.0.1 https://127.0.0.1 http://127.0.0.1:* https://127.0.0.1:* http://0.0.0.0 https://0.0.0.0 http://0.0.0.0:* https://0.0.0.0:* app://* file://* tauri://* vscode-webview://* vscode-file://*] OLLAMA_REMOTES:[ollama.com] OLLAMA_SCHED_SPREAD:false http_proxy: https_proxy: no_proxy:]"
time=2026-09-12T08:23:23.361+08:00 level=INFO source=routes.go:1953 msg="Ollama cloud disabled: true"
time=2026-09-12T08:23:23.491+08:00 level=INFO source=images.go:919 msg="total blobs: 3573"
time=2026-09-12T08:23:23.495+08:00 level=INFO source=images.go:926 msg="total unused blobs removed: 0"
time=2026-09-12T08:23:23.497+08:00 level=INFO source=routes.go:2008 msg="Listening on 127.0.0.1:11439 (version 0.32.15)"
time=2026-09-12T08:23:23.498+08:00 level=INFO source=model_recommendations.go:177 msg="model recommendations cache sleep scheduled" wait=3h36m32.590838591s consecutive_failures=0
time=2026-09-12T08:23:23.499+08:00 level=INFO source=runner.go:60 msg="discovering available GPUs..."
time=2026-09-12T08:23:23.503+08:00 level=INFO source=model_list_cache.go:112 msg="model list cache hydration complete" models=3 failures=0 elapsed=6.241833ms
time=2026-09-12T08:23:23.610+08:00 level=INFO source=types.go:32 msg="inference compute" id=0 filter_id=0 library=Metal compute=0.0 name=MTL0 description="Apple M5 Pro" libdirs="" driver=0.0 pci_id="" type=iGPU total="51.8 GiB" available="51.8 GiB"
time=2026-09-12T08:23:23.610+08:00 level=INFO source=routes.go:2058 msg="vram-based default context" total_vram="51.8 GiB" default_num_ctx=262144
[GIN] 2026/09/12 - 08:23:52 | 200 |    8.103083ms |       127.0.0.1 | GET      "/api/tags"
time=2026-09-12T08:23:52.417+08:00 level=INFO source=sched.go:613 msg="system memory" total="64.0 GiB" free="31.0 GiB" free_swap="0 B"
time=2026-09-12T08:23:52.417+08:00 level=INFO source=sched.go:620 msg="gpu memory" id=0 library=Metal available="51.3 GiB" free="51.8 GiB" minimum="512.0 MiB" overhead="0 B"
time=2026-09-12T08:23:52.419+08:00 level=INFO source=client.go:391 msg="starting mlx runner subprocess" model=qwen3.5:35b-a3b-nvfp4 port=49848
time=2026-09-12T08:23:52.421+08:00 level=INFO source=images.go:381 msg="template selection" model=registry.ollama.ai/library/qwen3.5:35b-a3b-nvfp4 selected=renderer_parser renderer=qwen3.5 parser=qwen3.5 go_template=null chat_template=null harmony=null renderer_parser="[completion vision thinking tools]"
time=2026-09-12T08:23:52.421+08:00 level=INFO source=sched.go:728 msg="loaded runners" count=1
time=2026-09-12T08:23:52.454+08:00 level=INFO source=server.go:44 msg="MLX engine initialized" "MLX version"=0.32.1-6-g7f062dd device=gpu
time=2026-09-12T08:23:52.555+08:00 level=INFO source=base.go:122 msg="Model architecture" arch=Qwen3_5MoeForConditionalGeneration
time=2026-09-12T08:23:52.710+08:00 level=INFO source=runner.go:217 msg="Loaded tensors from manifest" count=1436
time=2026-09-12T08:23:59.338+08:00 level=INFO source=runner.go:252 msg="Starting HTTP server" host=127.0.0.1 port=49848
time=2026-09-12T08:23:59.427+08:00 level=INFO source=server.go:225 msg=ServeHTTP method=GET path=/v1/status took=82.584µs status="200 OK"
time=2026-09-12T08:23:59.427+08:00 level=INFO source=client.go:106 msg="mlx runner is ready" port=49848
time=2026-09-12T08:23:59.429+08:00 level=INFO source=prefix_cache.go:124 msg="cache miss" total=20 matched=0 cached=0 left=20
time=2026-09-12T08:24:00.692+08:00 level=INFO source=pipeline.go:200 msg="Prompt processing progress" processed=19 total=20
time=2026-09-12T08:24:00.878+08:00 level=INFO source=server.go:225 msg=ServeHTTP method=POST path=/v1/completions took=1.450480166s status="200 OK"
[GIN] 2026/09/12 - 08:24:00 | 200 |   8.48401225s |       127.0.0.1 | POST     "/api/chat"
time=2026-09-12T08:24:00.883+08:00 level=INFO source=pipeline.go:91 msg="peak memory" size="20.55 GiB"
time=2026-09-12T08:29:00.886+08:00 level=INFO source=client.go:142 msg="stopping mlx runner subprocess" pid=89221
time=2026-09-12T08:35:10.041+08:00 level=INFO source=sched.go:613 msg="system memory" total="64.0 GiB" free="37.2 GiB" free_swap="0 B"
time=2026-09-12T08:35:10.041+08:00 level=INFO source=sched.go:620 msg="gpu memory" id=0 library=Metal available="51.3 GiB" free="51.8 GiB" minimum="512.0 MiB" overhead="0 B"
time=2026-09-12T08:35:10.042+08:00 level=INFO source=client.go:391 msg="starting mlx runner subprocess" model=qwen3.5:35b-a3b-nvfp4 port=51035
time=2026-09-12T08:35:10.043+08:00 level=INFO source=images.go:381 msg="template selection" model=registry.ollama.ai/library/qwen3.5:35b-a3b-nvfp4 selected=renderer_parser renderer=qwen3.5 parser=qwen3.5 go_template=null chat_template=null harmony=null renderer_parser="[completion vision thinking tools]"
time=2026-09-12T08:35:10.043+08:00 level=INFO source=sched.go:728 msg="loaded runners" count=1
time=2026-09-12T08:35:10.081+08:00 level=INFO source=server.go:44 msg="MLX engine initialized" "MLX version"=0.32.1-6-g7f062dd device=gpu
time=2026-09-12T08:35:10.181+08:00 level=INFO source=base.go:122 msg="Model architecture" arch=Qwen3_5MoeForConditionalGeneration
time=2026-09-12T08:35:10.319+08:00 level=INFO source=runner.go:217 msg="Loaded tensors from manifest" count=1436
time=2026-09-12T08:35:15.512+08:00 level=INFO source=runner.go:252 msg="Starting HTTP server" host=127.0.0.1 port=51035
time=2026-09-12T08:35:15.545+08:00 level=INFO source=server.go:225 msg=ServeHTTP method=GET path=/v1/status took=104µs status="200 OK"
time=2026-09-12T08:35:15.545+08:00 level=INFO source=client.go:106 msg="mlx runner is ready" port=51035
time=2026-09-12T08:35:15.547+08:00 level=INFO source=prefix_cache.go:124 msg="cache miss" total=503 matched=0 cached=0 left=503
time=2026-09-12T08:35:16.204+08:00 level=INFO source=pipeline.go:200 msg="Prompt processing progress" processed=502 total=503
time=2026-09-12T08:35:21.202+08:00 level=INFO source=server.go:225 msg=ServeHTTP method=POST path=/v1/completions took=5.657203584s status="200 OK"
[GIN] 2026/09/12 - 08:35:21 | 200 |   11.1693705s |       127.0.0.1 | POST     "/api/chat"
time=2026-09-12T08:35:21.208+08:00 level=INFO source=pipeline.go:91 msg="peak memory" size="21.24 GiB"
time=2026-09-12T08:35:21.217+08:00 level=INFO source=server.go:225 msg=ServeHTTP method=GET path=/v1/status took=36.792µs status="200 OK"
time=2026-09-12T08:35:21.218+08:00 level=INFO source=prefix_cache.go:124 msg="cache miss" total=1862 matched=126 cached=0 left=1862
time=2026-09-12T08:35:22.235+08:00 level=INFO source=pipeline.go:200 msg="Prompt processing progress" processed=1861 total=1862
[GIN] 2026/09/12 - 08:35:28 | 200 |  7.637674917s |       127.0.0.1 | POST     "/api/chat"
time=2026-09-12T08:35:28.847+08:00 level=INFO source=server.go:225 msg=ServeHTTP method=POST path=/v1/completions took=7.629090917s status="200 OK"
time=2026-09-12T08:35:28.852+08:00 level=INFO source=pipeline.go:91 msg="peak memory" size="22.54 GiB"
time=2026-09-12T08:35:28.856+08:00 level=INFO source=server.go:225 msg=ServeHTTP method=GET path=/v1/status took=34.625µs status="200 OK"
time=2026-09-12T08:35:28.857+08:00 level=INFO source=prefix_cache.go:124 msg="cache miss" total=557 matched=3 cached=0 left=557
time=2026-09-12T08:35:29.161+08:00 level=INFO source=pipeline.go:200 msg="Prompt processing progress" processed=556 total=557
[GIN] 2026/09/12 - 08:35:30 | 200 |  1.159135833s |       127.0.0.1 | POST     "/api/chat"
time=2026-09-12T08:35:30.009+08:00 level=INFO source=server.go:225 msg=ServeHTTP method=POST path=/v1/completions took=1.152799167s status="200 OK"
time=2026-09-12T08:35:30.015+08:00 level=INFO source=pipeline.go:91 msg="peak memory" size="21.77 GiB"
time=2026-09-12T08:35:30.018+08:00 level=INFO source=server.go:225 msg=ServeHTTP method=GET path=/v1/status took=34.75µs status="200 OK"
time=2026-09-12T08:35:30.019+08:00 level=INFO source=prefix_cache.go:124 msg="cache hit" total=589 matched=173 cached=3 left=586
time=2026-09-12T08:35:30.327+08:00 level=INFO source=pipeline.go:200 msg="Prompt processing progress" processed=585 total=586
[GIN] 2026/09/12 - 08:35:31 | 200 |  1.166435416s |       127.0.0.1 | POST     "/api/chat"
time=2026-09-12T08:35:31.178+08:00 level=INFO source=server.go:225 msg=ServeHTTP method=POST path=/v1/completions took=1.160306208s status="200 OK"
time=2026-09-12T08:35:31.184+08:00 level=INFO source=pipeline.go:91 msg="peak memory" size="22.00 GiB"
time=2026-09-12T08:35:31.187+08:00 level=INFO source=server.go:225 msg=ServeHTTP method=GET path=/v1/status took=28.875µs status="200 OK"
time=2026-09-12T08:35:31.188+08:00 level=INFO source=prefix_cache.go:124 msg="cache hit" total=557 matched=174 cached=173 left=384
time=2026-09-12T08:35:31.427+08:00 level=INFO source=pipeline.go:200 msg="Prompt processing progress" processed=383 total=384
[GIN] 2026/09/12 - 08:35:32 | 200 |  1.119541125s |       127.0.0.1 | POST     "/api/chat"
time=2026-09-12T08:35:32.300+08:00 level=INFO source=server.go:225 msg=ServeHTTP method=POST path=/v1/completions took=1.112791208s status="200 OK"
time=2026-09-12T08:35:32.306+08:00 level=INFO source=pipeline.go:91 msg="peak memory" size="21.90 GiB"
time=2026-09-12T08:35:32.308+08:00 level=INFO source=server.go:225 msg=ServeHTTP method=GET path=/v1/status took=34.041µs status="200 OK"
time=2026-09-12T08:35:32.309+08:00 level=INFO source=prefix_cache.go:124 msg="cache hit" total=569 matched=242 cached=174 left=395
time=2026-09-12T08:35:32.559+08:00 level=INFO source=pipeline.go:200 msg="Prompt processing progress" processed=394 total=395
[GIN] 2026/09/12 - 08:35:33 | 200 |  1.079560542s |       127.0.0.1 | POST     "/api/chat"
time=2026-09-12T08:35:33.382+08:00 level=INFO source=server.go:225 msg=ServeHTTP method=POST path=/v1/completions took=1.073020417s status="200 OK"
time=2026-09-12T08:35:33.387+08:00 level=INFO source=pipeline.go:91 msg="peak memory" size="22.11 GiB"
time=2026-09-12T08:35:33.392+08:00 level=INFO source=server.go:225 msg=ServeHTTP method=GET path=/v1/status took=36.125µs status="200 OK"
time=2026-09-12T08:35:33.393+08:00 level=INFO source=prefix_cache.go:124 msg="cache hit" total=1890 matched=166 cached=3 left=1887
time=2026-09-12T08:35:34.201+08:00 level=INFO source=pipeline.go:200 msg="Prompt processing progress" processed=1886 total=1887
[GIN] 2026/09/12 - 08:35:35 | 200 |  1.672037834s |       127.0.0.1 | POST     "/api/chat"
time=2026-09-12T08:35:35.058+08:00 level=INFO source=server.go:225 msg=ServeHTTP method=POST path=/v1/completions took=1.6657255s status="200 OK"
time=2026-09-12T08:35:35.063+08:00 level=INFO source=pipeline.go:91 msg="peak memory" size="23.45 GiB"
time=2026-09-12T08:35:35.066+08:00 level=INFO source=server.go:225 msg=ServeHTTP method=GET path=/v1/status took=32.666µs status="200 OK"
time=2026-09-12T08:35:35.067+08:00 level=INFO source=prefix_cache.go:124 msg="cache hit" total=662 matched=174 cached=166 left=496
time=2026-09-12T08:35:35.357+08:00 level=INFO source=pipeline.go:200 msg="Prompt processing progress" processed=495 total=496
[GIN] 2026/09/12 - 08:35:36 | 200 |  974.241458ms |       127.0.0.1 | POST     "/api/chat"
time=2026-09-12T08:35:36.034+08:00 level=INFO source=server.go:225 msg=ServeHTTP method=POST path=/v1/completions took=967.661791ms status="200 OK"
time=2026-09-12T08:35:36.039+08:00 level=INFO source=pipeline.go:91 msg="peak memory" size="22.67 GiB"
time=2026-09-12T08:35:36.042+08:00 level=INFO source=server.go:225 msg=ServeHTTP method=GET path=/v1/status took=34.792µs status="200 OK"
time=2026-09-12T08:35:36.043+08:00 level=INFO source=prefix_cache.go:124 msg="cache hit" total=708 matched=319 cached=174 left=534
time=2026-09-12T08:35:36.333+08:00 level=INFO source=pipeline.go:200 msg="Prompt processing progress" processed=533 total=534
[GIN] 2026/09/12 - 08:35:37 | 200 |  1.122004792s |       127.0.0.1 | POST     "/api/chat"
time=2026-09-12T08:35:37.158+08:00 level=INFO source=server.go:225 msg=ServeHTTP method=POST path=/v1/completions took=1.115809167s status="200 OK"
time=2026-09-12T08:35:37.164+08:00 level=INFO source=pipeline.go:91 msg="peak memory" size="22.90 GiB"
time=2026-09-12T08:35:37.166+08:00 level=INFO source=server.go:225 msg=ServeHTTP method=GET path=/v1/status took=34.083µs status="200 OK"
time=2026-09-12T08:35:37.167+08:00 level=INFO source=prefix_cache.go:124 msg="cache hit" total=725 matched=176 cached=174 left=551
time=2026-09-12T08:35:37.527+08:00 level=INFO source=pipeline.go:200 msg="Prompt processing progress" processed=550 total=551
[GIN] 2026/09/12 - 08:35:38 | 200 |  1.208185875s |       127.0.0.1 | POST     "/api/chat"
time=2026-09-12T08:35:38.368+08:00 level=INFO source=server.go:225 msg=ServeHTTP method=POST path=/v1/completions took=1.201955292s status="200 OK"
time=2026-09-12T08:35:38.375+08:00 level=INFO source=pipeline.go:91 msg="peak memory" size="23.12 GiB"
time=2026-09-12T08:35:38.390+08:00 level=INFO source=server.go:225 msg=ServeHTTP method=GET path=/v1/status took=58.542µs status="200 OK"
time=2026-09-12T08:35:38.393+08:00 level=INFO source=prefix_cache.go:124 msg="cache hit" total=2757 matched=131 cached=126 left=2631
time=2026-09-12T08:35:39.544+08:00 level=INFO source=pipeline.go:200 msg="Prompt processing progress" processed=2048 total=2631
time=2026-09-12T08:35:39.873+08:00 level=INFO source=pipeline.go:200 msg="Prompt processing progress" processed=2630 total=2631
[GIN] 2026/09/12 - 08:35:46 | 200 |  8.175636125s |       127.0.0.1 | POST     "/api/chat"
time=2026-09-12T08:35:46.558+08:00 level=INFO source=server.go:225 msg=ServeHTTP method=POST path=/v1/completions took=8.167545791s status="200 OK"
time=2026-09-12T08:35:46.563+08:00 level=INFO source=pipeline.go:91 msg="peak memory" size="24.33 GiB"
time=2026-09-12T08:35:46.572+08:00 level=INFO source=server.go:225 msg=ServeHTTP method=GET path=/v1/status took=41.875µs status="200 OK"
time=2026-09-12T08:35:46.574+08:00 level=INFO source=prefix_cache.go:124 msg="cache hit" total=3218 matched=128 cached=126 left=3092
time=2026-09-12T08:35:47.438+08:00 level=INFO source=pipeline.go:200 msg="Prompt processing progress" processed=2048 total=3092
time=2026-09-12T08:35:47.947+08:00 level=INFO source=pipeline.go:200 msg="Prompt processing progress" processed=3091 total=3092
[GIN] 2026/09/12 - 08:35:54 | 200 |    8.2057715s |       127.0.0.1 | POST     "/api/chat"
time=2026-09-12T08:35:54.772+08:00 level=INFO source=server.go:225 msg=ServeHTTP method=POST path=/v1/completions took=8.199471s status="200 OK"
time=2026-09-12T08:35:54.777+08:00 level=INFO source=pipeline.go:91 msg="peak memory" size="24.57 GiB"
time=2026-09-12T08:35:54.786+08:00 level=INFO source=server.go:225 msg=ServeHTTP method=GET path=/v1/status took=34.583µs status="200 OK"
time=2026-09-12T08:35:54.788+08:00 level=INFO source=prefix_cache.go:124 msg="cache hit" total=3239 matched=162 cached=128 left=3111
time=2026-09-12T08:35:55.676+08:00 level=INFO source=pipeline.go:200 msg="Prompt processing progress" processed=2048 total=3111
time=2026-09-12T08:35:56.189+08:00 level=INFO source=pipeline.go:200 msg="Prompt processing progress" processed=3110 total=3111
[GIN] 2026/09/12 - 08:36:02 | 200 |  8.180175709s |       127.0.0.1 | POST     "/api/chat"
time=2026-09-12T08:36:02.960+08:00 level=INFO source=server.go:225 msg=ServeHTTP method=POST path=/v1/completions took=8.173576625s status="200 OK"
time=2026-09-12T08:36:02.965+08:00 level=INFO source=pipeline.go:91 msg="peak memory" size="24.83 GiB"
time=2026-09-12T08:36:02.974+08:00 level=INFO source=server.go:225 msg=ServeHTTP method=GET path=/v1/status took=37.958µs status="200 OK"
time=2026-09-12T08:36:02.976+08:00 level=INFO source=prefix_cache.go:124 msg="cache hit" total=3192 matched=187 cached=162 left=3030
time=2026-09-12T08:36:03.839+08:00 level=INFO source=pipeline.go:200 msg="Prompt processing progress" processed=2048 total=3030
time=2026-09-12T08:36:04.322+08:00 level=INFO source=pipeline.go:200 msg="Prompt processing progress" processed=3029 total=3030
[GIN] 2026/09/12 - 08:36:11 | 200 |  9.010501667s |       127.0.0.1 | POST     "/api/chat"
time=2026-09-12T08:36:11.979+08:00 level=INFO source=server.go:225 msg=ServeHTTP method=POST path=/v1/completions took=9.004404875s status="200 OK"
time=2026-09-12T08:36:11.986+08:00 level=INFO source=pipeline.go:91 msg="peak memory" size="25.08 GiB"
time=2026-09-12T08:36:11.993+08:00 level=INFO source=server.go:225 msg=ServeHTTP method=GET path=/v1/status took=36.542µs status="200 OK"
time=2026-09-12T08:36:11.994+08:00 level=INFO source=prefix_cache.go:124 msg="cache hit" total=3245 matched=573 cached=187 left=3058
time=2026-09-12T08:36:13.132+08:00 level=INFO source=pipeline.go:200 msg="Prompt processing progress" processed=2048 total=3058
time=2026-09-12T08:36:13.782+08:00 level=INFO source=pipeline.go:200 msg="Prompt processing progress" processed=3057 total=3058
[GIN] 2026/09/12 - 08:36:22 | 200 |    10.435068s |       127.0.0.1 | POST     "/api/chat"
time=2026-09-12T08:36:22.422+08:00 level=INFO source=server.go:225 msg=ServeHTTP method=POST path=/v1/completions took=10.428546666s status="200 OK"
time=2026-09-12T08:36:22.427+08:00 level=INFO source=pipeline.go:91 msg="peak memory" size="25.32 GiB"
time=2026-09-12T08:36:22.441+08:00 level=INFO source=server.go:225 msg=ServeHTTP method=GET path=/v1/status took=36.166µs status="200 OK"
time=2026-09-12T08:36:22.443+08:00 level=INFO source=prefix_cache.go:124 msg="cache hit" total=3254 matched=574 cached=573 left=2681
time=2026-09-12T08:36:23.312+08:00 level=INFO source=pipeline.go:200 msg="Prompt processing progress" processed=2048 total=2681
time=2026-09-12T08:36:23.657+08:00 level=INFO source=pipeline.go:200 msg="Prompt processing progress" processed=2680 total=2681
[GIN] 2026/09/12 - 08:36:30 | 200 |  7.950489042s |       127.0.0.1 | POST     "/api/chat"
time=2026-09-12T08:36:30.386+08:00 level=INFO source=server.go:225 msg=ServeHTTP method=POST path=/v1/completions took=7.94407025s status="200 OK"
time=2026-09-12T08:36:30.391+08:00 level=INFO source=pipeline.go:91 msg="peak memory" size="25.56 GiB"
time=2026-09-12T08:36:30.401+08:00 level=INFO source=server.go:225 msg=ServeHTTP method=GET path=/v1/status took=35.792µs status="200 OK"
time=2026-09-12T08:36:30.402+08:00 level=INFO source=prefix_cache.go:124 msg="cache hit" total=3231 matched=471 cached=187 left=3044
time=2026-09-12T08:36:31.264+08:00 level=INFO source=pipeline.go:200 msg="Prompt processing progress" processed=2048 total=3044
time=2026-09-12T08:36:31.750+08:00 level=INFO source=pipeline.go:200 msg="Prompt processing progress" processed=3043 total=3044
time=2026-09-12T08:36:38.535+08:00 level=INFO source=server.go:225 msg=ServeHTTP method=POST path=/v1/completions took=8.133932125s status="200 OK"
[GIN] 2026/09/12 - 08:36:38 | 200 |  8.140015709s |       127.0.0.1 | POST     "/api/chat"
time=2026-09-12T08:36:38.540+08:00 level=INFO source=pipeline.go:91 msg="peak memory" size="25.81 GiB"
time=2026-09-12T08:36:38.549+08:00 level=INFO source=server.go:225 msg=ServeHTTP method=GET path=/v1/status took=36.75µs status="200 OK"
time=2026-09-12T08:36:38.551+08:00 level=INFO source=prefix_cache.go:124 msg="cache hit" total=3264 matched=573 cached=471 left=2793
time=2026-09-12T08:36:39.438+08:00 level=INFO source=pipeline.go:200 msg="Prompt processing progress" processed=2048 total=2793
time=2026-09-12T08:36:39.843+08:00 level=INFO source=pipeline.go:200 msg="Prompt processing progress" processed=2792 total=2793
[GIN] 2026/09/12 - 08:36:46 | 200 |  8.129797666s |       127.0.0.1 | POST     "/api/chat"
time=2026-09-12T08:36:46.673+08:00 level=INFO source=server.go:225 msg=ServeHTTP method=POST path=/v1/completions took=8.123587167s status="200 OK"
time=2026-09-12T08:36:46.678+08:00 level=INFO source=pipeline.go:91 msg="peak memory" size="26.05 GiB"
time=2026-09-12T08:36:46.687+08:00 level=INFO source=server.go:225 msg=ServeHTTP method=GET path=/v1/status took=49.167µs status="200 OK"
time=2026-09-12T08:36:46.688+08:00 level=INFO source=prefix_cache.go:124 msg="cache hit" total=3191 matched=574 cached=573 left=2618
time=2026-09-12T08:36:47.639+08:00 level=INFO source=pipeline.go:200 msg="Prompt processing progress" processed=2048 total=2618
time=2026-09-12T08:36:47.994+08:00 level=INFO source=pipeline.go:200 msg="Prompt processing progress" processed=2617 total=2618
[GIN] 2026/09/12 - 08:36:54 | 200 |  8.154683209s |       127.0.0.1 | POST     "/api/chat"
time=2026-09-12T08:36:54.835+08:00 level=INFO source=server.go:225 msg=ServeHTTP method=POST path=/v1/completions took=8.148264s status="200 OK"
time=2026-09-12T08:36:54.841+08:00 level=INFO source=pipeline.go:91 msg="peak memory" size="26.28 GiB"
time=2026-09-12T08:36:54.849+08:00 level=INFO source=server.go:225 msg=ServeHTTP method=GET path=/v1/status took=46.209µs status="200 OK"
time=2026-09-12T08:36:54.851+08:00 level=INFO source=prefix_cache.go:124 msg="cache hit" total=3250 matched=165 cached=162 left=3088
time=2026-09-12T08:36:55.760+08:00 level=INFO source=pipeline.go:200 msg="Prompt processing progress" processed=2048 total=3088
time=2026-09-12T08:36:56.273+08:00 level=INFO source=pipeline.go:200 msg="Prompt processing progress" processed=3087 total=3088
time=2026-09-12T08:37:03.163+08:00 level=INFO source=server.go:225 msg=ServeHTTP method=POST path=/v1/completions took=8.31410075s status="200 OK"
[GIN] 2026/09/12 - 08:37:03 | 200 |  8.320232125s |       127.0.0.1 | POST     "/api/chat"
time=2026-09-12T08:37:03.168+08:00 level=INFO source=pipeline.go:91 msg="peak memory" size="26.53 GiB"
time=2026-09-12T08:37:03.176+08:00 level=INFO source=server.go:225 msg=ServeHTTP method=GET path=/v1/status took=34.583µs status="200 OK"
time=2026-09-12T08:37:03.178+08:00 level=INFO source=prefix_cache.go:124 msg="cache hit" total=3177 matched=571 cached=165 left=3012
time=2026-09-12T08:37:04.064+08:00 level=INFO source=pipeline.go:200 msg="Prompt processing progress" processed=2048 total=3012
time=2026-09-12T08:37:04.549+08:00 level=INFO source=pipeline.go:200 msg="Prompt processing progress" processed=3011 total=3012
[GIN] 2026/09/12 - 08:37:11 | 200 |  8.185524375s |       127.0.0.1 | POST     "/api/chat"
time=2026-09-12T08:37:11.356+08:00 level=INFO source=server.go:225 msg=ServeHTTP method=POST path=/v1/completions took=8.179034709s status="200 OK"
time=2026-09-12T08:37:11.361+08:00 level=INFO source=pipeline.go:91 msg="peak memory" size="26.78 GiB"
time=2026-09-12T08:37:11.370+08:00 level=INFO source=server.go:225 msg=ServeHTTP method=GET path=/v1/status took=38.083µs status="200 OK"
time=2026-09-12T08:37:11.373+08:00 level=INFO source=prefix_cache.go:124 msg="cache hit" total=3280 matched=453 cached=165 left=3115
time=2026-09-12T08:37:12.242+08:00 level=INFO source=pipeline.go:200 msg="Prompt processing progress" processed=2048 total=3115
time=2026-09-12T08:37:12.760+08:00 level=INFO source=pipeline.go:200 msg="Prompt processing progress" processed=3114 total=3115
[GIN] 2026/09/12 - 08:37:19 | 200 |  8.404551834s |       127.0.0.1 | POST     "/api/chat"
time=2026-09-12T08:37:19.769+08:00 level=INFO source=server.go:225 msg=ServeHTTP method=POST path=/v1/completions took=8.398014667s status="200 OK"
time=2026-09-12T08:37:19.774+08:00 level=INFO source=pipeline.go:91 msg="peak memory" size="27.02 GiB"
time=2026-09-12T08:37:19.783+08:00 level=INFO source=server.go:225 msg=ServeHTTP method=GET path=/v1/status took=39.417µs status="200 OK"
time=2026-09-12T08:37:19.785+08:00 level=INFO source=prefix_cache.go:124 msg="cache hit" total=3224 matched=454 cached=453 left=2771
time=2026-09-12T08:37:20.667+08:00 level=INFO source=pipeline.go:200 msg="Prompt processing progress" processed=2048 total=2771
time=2026-09-12T08:37:21.059+08:00 level=INFO source=pipeline.go:200 msg="Prompt processing progress" processed=2770 total=2771
[GIN] 2026/09/12 - 08:37:27 | 200 |  8.170349625s |       127.0.0.1 | POST     "/api/chat"
time=2026-09-12T08:37:27.947+08:00 level=INFO source=server.go:225 msg=ServeHTTP method=POST path=/v1/completions took=8.163811708s status="200 OK"
time=2026-09-12T08:37:27.952+08:00 level=INFO source=pipeline.go:91 msg="peak memory" size="27.26 GiB"
time=2026-09-12T08:37:27.955+08:00 level=INFO source=server.go:225 msg=ServeHTTP method=GET path=/v1/status took=32.166µs status="200 OK"
time=2026-09-12T08:37:27.956+08:00 level=INFO source=prefix_cache.go:124 msg="cache hit" total=1035 matched=568 cached=454 left=581
time=2026-09-12T08:37:28.271+08:00 level=INFO source=pipeline.go:200 msg="Prompt processing progress" processed=580 total=581
[GIN] 2026/09/12 - 08:37:35 | 200 |   7.10456275s |       127.0.0.1 | POST     "/api/chat"
time=2026-09-12T08:37:35.054+08:00 level=INFO source=server.go:225 msg=ServeHTTP method=POST path=/v1/completions took=7.098496917s status="200 OK"
time=2026-09-12T08:37:35.059+08:00 level=INFO source=pipeline.go:91 msg="peak memory" size="26.54 GiB"
time=2026-09-12T08:37:35.163+08:00 level=INFO source=server.go:225 msg=ServeHTTP method=GET path=/v1/status took=39.417µs status="200 OK"
time=2026-09-12T08:37:35.164+08:00 level=INFO source=prefix_cache.go:124 msg="cache hit" total=1913 matched=159 cached=3 left=1910
time=2026-09-12T08:37:36.018+08:00 level=INFO source=pipeline.go:200 msg="Prompt processing progress" processed=1909 total=1910
[GIN] 2026/09/12 - 08:37:36 | 200 |     1.690346s |       127.0.0.1 | POST     "/api/chat"
time=2026-09-12T08:37:36.848+08:00 level=INFO source=server.go:225 msg=ServeHTTP method=POST path=/v1/completions took=1.683985959s status="200 OK"
time=2026-09-12T08:37:36.853+08:00 level=INFO source=pipeline.go:91 msg="peak memory" size="27.64 GiB"
time=2026-09-12T08:37:36.856+08:00 level=INFO source=server.go:225 msg=ServeHTTP method=GET path=/v1/status took=31.375µs status="200 OK"
time=2026-09-12T08:37:36.857+08:00 level=INFO source=prefix_cache.go:124 msg="cache hit" total=630 matched=176 cached=159 left=471
time=2026-09-12T08:37:37.142+08:00 level=INFO source=pipeline.go:200 msg="Prompt processing progress" processed=470 total=471
[GIN] 2026/09/12 - 08:37:37 | 200 |  662.767916ms |       127.0.0.1 | POST     "/api/chat"
time=2026-09-12T08:37:37.513+08:00 level=INFO source=server.go:225 msg=ServeHTTP method=POST path=/v1/completions took=656.863334ms status="200 OK"
time=2026-09-12T08:37:37.519+08:00 level=INFO source=pipeline.go:91 msg="peak memory" size="26.80 GiB"
time=2026-09-12T08:37:37.602+08:00 level=INFO source=server.go:225 msg=ServeHTTP method=GET path=/v1/status took=33.75µs status="200 OK"
time=2026-09-12T08:37:37.603+08:00 level=INFO source=prefix_cache.go:124 msg="cache hit" total=1938 matched=179 cached=176 left=1762
time=2026-09-12T08:37:38.467+08:00 level=INFO source=pipeline.go:200 msg="Prompt processing progress" processed=1761 total=1762
[GIN] 2026/09/12 - 08:37:39 | 200 |  1.445620667s |       127.0.0.1 | POST     "/api/chat"
time=2026-09-12T08:37:39.042+08:00 level=INFO source=server.go:225 msg=ServeHTTP method=POST path=/v1/completions took=1.439359417s status="200 OK"
time=2026-09-12T08:37:39.049+08:00 level=INFO source=pipeline.go:91 msg="peak memory" size="28.00 GiB"
time=2026-09-12T08:37:39.202+08:00 level=INFO source=server.go:225 msg=ServeHTTP method=GET path=/v1/status took=36.583µs status="200 OK"
time=2026-09-12T08:37:39.203+08:00 level=INFO source=prefix_cache.go:124 msg="cache hit" total=1934 matched=208 cached=179 left=1755
time=2026-09-12T08:37:40.167+08:00 level=INFO source=pipeline.go:200 msg="Prompt processing progress" processed=1754 total=1755
[GIN] 2026/09/12 - 08:37:40 | 200 |  1.540880959s |       127.0.0.1 | POST     "/api/chat"
time=2026-09-12T08:37:40.737+08:00 level=INFO source=server.go:225 msg=ServeHTTP method=POST path=/v1/completions took=1.5347805s status="200 OK"
time=2026-09-12T08:37:40.744+08:00 level=INFO source=pipeline.go:91 msg="peak memory" size="28.20 GiB"
time=2026-09-12T08:37:40.760+08:00 level=INFO source=server.go:225 msg=ServeHTTP method=GET path=/v1/status took=36.708µs status="200 OK"
time=2026-09-12T08:37:40.761+08:00 level=INFO source=prefix_cache.go:124 msg="cache hit" total=2950 matched=117 cached=3 left=2947
time=2026-09-12T08:37:41.909+08:00 level=INFO source=pipeline.go:200 msg="Prompt processing progress" processed=2048 total=2947
time=2026-09-12T08:37:42.501+08:00 level=INFO source=pipeline.go:200 msg="Prompt processing progress" processed=2946 total=2947
[GIN] 2026/09/12 - 08:37:51 | 200 |   10.9138605s |       127.0.0.1 | POST     "/api/chat"
time=2026-09-12T08:37:51.667+08:00 level=INFO source=server.go:225 msg=ServeHTTP method=POST path=/v1/completions took=10.907256458s status="200 OK"
time=2026-09-12T08:37:51.674+08:00 level=INFO source=pipeline.go:91 msg="peak memory" size="28.55 GiB"
time=2026-09-12T08:37:51.687+08:00 level=INFO source=server.go:225 msg=ServeHTTP method=GET path=/v1/status took=34.917µs status="200 OK"
time=2026-09-12T08:37:51.689+08:00 level=INFO source=prefix_cache.go:124 msg="cache hit" total=3434 matched=167 cached=117 left=3317
time=2026-09-12T08:37:53.017+08:00 level=INFO source=pipeline.go:200 msg="Prompt processing progress" processed=2048 total=3317
time=2026-09-12T08:37:53.958+08:00 level=INFO source=pipeline.go:200 msg="Prompt processing progress" processed=3316 total=3317
[GIN] 2026/09/12 - 08:38:02 | 200 |  11.30741875s |       127.0.0.1 | POST     "/api/chat"
time=2026-09-12T08:38:02.988+08:00 level=INFO source=server.go:225 msg=ServeHTTP method=POST path=/v1/completions took=11.300804625s status="200 OK"
time=2026-09-12T08:38:02.995+08:00 level=INFO source=pipeline.go:91 msg="peak memory" size="28.79 GiB"
time=2026-09-12T08:38:03.007+08:00 level=INFO source=server.go:225 msg=ServeHTTP method=GET path=/v1/status took=41.333µs status="200 OK"
time=2026-09-12T08:38:03.009+08:00 level=INFO source=prefix_cache.go:124 msg="cache hit" total=3525 matched=295 cached=167 left=3358
time=2026-09-12T08:38:04.080+08:00 level=INFO source=pipeline.go:200 msg="Prompt processing progress" processed=2048 total=3358
time=2026-09-12T08:38:04.900+08:00 level=INFO source=pipeline.go:200 msg="Prompt processing progress" processed=3357 total=3358
[GIN] 2026/09/12 - 08:38:13 | 200 | 10.605903584s |       127.0.0.1 | POST     "/api/chat"
time=2026-09-12T08:38:13.607+08:00 level=INFO source=server.go:225 msg=ServeHTTP method=POST path=/v1/completions took=10.5996715s status="200 OK"
time=2026-09-12T08:38:13.612+08:00 level=INFO source=pipeline.go:91 msg="peak memory" size="29.05 GiB"
time=2026-09-12T08:38:13.627+08:00 level=INFO source=server.go:225 msg=ServeHTTP method=GET path=/v1/status took=34.208µs status="200 OK"
time=2026-09-12T08:38:13.628+08:00 level=INFO source=prefix_cache.go:124 msg="cache hit" total=3516 matched=317 cached=295 left=3221
time=2026-09-12T08:38:14.901+08:00 level=INFO source=pipeline.go:200 msg="Prompt processing progress" processed=2048 total=3221
time=2026-09-12T08:38:15.709+08:00 level=INFO source=pipeline.go:200 msg="Prompt processing progress" processed=3220 total=3221
[GIN] 2026/09/12 - 08:38:24 | 200 |  10.57070025s |       127.0.0.1 | POST     "/api/chat"
time=2026-09-12T08:38:24.191+08:00 level=INFO source=server.go:225 msg=ServeHTTP method=POST path=/v1/completions took=10.564119666s status="200 OK"
time=2026-09-12T08:38:24.196+08:00 level=INFO source=pipeline.go:91 msg="peak memory" size="29.30 GiB"
time=2026-09-12T08:38:24.210+08:00 level=INFO source=server.go:225 msg=ServeHTTP method=GET path=/v1/status took=35.083µs status="200 OK"
time=2026-09-12T08:38:24.212+08:00 level=INFO source=prefix_cache.go:124 msg="cache hit" total=3505 matched=285 cached=167 left=3338
time=2026-09-12T08:38:25.469+08:00 level=INFO source=pipeline.go:200 msg="Prompt processing progress" processed=2048 total=3338
time=2026-09-12T08:38:26.395+08:00 level=INFO source=pipeline.go:200 msg="Prompt processing progress" processed=3337 total=3338
[GIN] 2026/09/12 - 08:38:35 | 200 |    11.347016s |       127.0.0.1 | POST     "/api/chat"
time=2026-09-12T08:38:35.551+08:00 level=INFO source=server.go:225 msg=ServeHTTP method=POST path=/v1/completions took=11.340707333s status="200 OK"
time=2026-09-12T08:38:35.558+08:00 level=INFO source=pipeline.go:91 msg="peak memory" size="29.55 GiB"
time=2026-09-12T08:38:35.570+08:00 level=INFO source=server.go:225 msg=ServeHTTP method=GET path=/v1/status took=35.916µs status="200 OK"
time=2026-09-12T08:38:35.572+08:00 level=INFO source=prefix_cache.go:124 msg="cache hit" total=3534 matched=276 cached=167 left=3367
time=2026-09-12T08:38:36.936+08:00 level=INFO source=pipeline.go:200 msg="Prompt processing progress" processed=2048 total=3367
time=2026-09-12T08:38:37.945+08:00 level=INFO source=pipeline.go:200 msg="Prompt processing progress" processed=3366 total=3367
[GIN] 2026/09/12 - 08:38:47 | 200 | 11.522282417s |       127.0.0.1 | POST     "/api/chat"
time=2026-09-12T08:38:47.086+08:00 level=INFO source=server.go:225 msg=ServeHTTP method=POST path=/v1/completions took=11.516261292s status="200 OK"
time=2026-09-12T08:38:47.094+08:00 level=INFO source=pipeline.go:91 msg="peak memory" size="29.80 GiB"
time=2026-09-12T08:38:47.106+08:00 level=INFO source=server.go:225 msg=ServeHTTP method=GET path=/v1/status took=95.917µs status="200 OK"
time=2026-09-12T08:38:47.108+08:00 level=INFO source=prefix_cache.go:124 msg="cache hit" total=3520 matched=231 cached=167 left=3353
time=2026-09-12T08:38:48.494+08:00 level=INFO source=pipeline.go:200 msg="Prompt processing progress" processed=2048 total=3353
time=2026-09-12T08:38:49.462+08:00 level=INFO source=pipeline.go:200 msg="Prompt processing progress" processed=3352 total=3353
[GIN] 2026/09/12 - 08:38:58 | 200 | 11.457142209s |       127.0.0.1 | POST     "/api/chat"
time=2026-09-12T08:38:58.557+08:00 level=INFO source=server.go:225 msg=ServeHTTP method=POST path=/v1/completions took=11.450931s status="200 OK"
time=2026-09-12T08:38:58.562+08:00 level=INFO source=pipeline.go:91 msg="peak memory" size="30.05 GiB"
time=2026-09-12T08:38:58.577+08:00 level=INFO source=server.go:225 msg=ServeHTTP method=GET path=/v1/status took=38.042µs status="200 OK"
time=2026-09-12T08:38:58.578+08:00 level=INFO source=prefix_cache.go:124 msg="cache hit" total=3516 matched=223 cached=167 left=3349
time=2026-09-12T08:38:59.933+08:00 level=INFO source=pipeline.go:200 msg="Prompt processing progress" processed=2048 total=3349
time=2026-09-12T08:39:00.934+08:00 level=INFO source=pipeline.go:200 msg="Prompt processing progress" processed=3348 total=3349
[GIN] 2026/09/12 - 08:39:09 | 200 |    11.388568s |       127.0.0.1 | POST     "/api/chat"
time=2026-09-12T08:39:09.959+08:00 level=INFO source=server.go:225 msg=ServeHTTP method=POST path=/v1/completions took=11.382276333s status="200 OK"
time=2026-09-12T08:39:09.966+08:00 level=INFO source=pipeline.go:91 msg="peak memory" size="30.31 GiB"
time=2026-09-12T08:39:09.967+08:00 level=INFO source=server.go:225 msg=ServeHTTP method=GET path=/v1/status took=31.375µs status="200 OK"
time=2026-09-12T08:39:09.969+08:00 level=INFO source=prefix_cache.go:124 msg="cache hit" total=962 matched=231 cached=223 left=739
time=2026-09-12T08:39:10.491+08:00 level=INFO source=pipeline.go:200 msg="Prompt processing progress" processed=738 total=739
[GIN] 2026/09/12 - 08:39:19 | 200 |  9.409107875s |       127.0.0.1 | POST     "/api/chat"
time=2026-09-12T08:39:19.370+08:00 level=INFO source=server.go:225 msg=ServeHTTP method=POST path=/v1/completions took=9.402754833s status="200 OK"
time=2026-09-12T08:39:19.377+08:00 level=INFO source=pipeline.go:91 msg="peak memory" size="29.59 GiB"
time=2026-09-12T08:39:19.485+08:00 level=INFO source=server.go:225 msg=ServeHTTP method=GET path=/v1/status took=39.458µs status="200 OK"
time=2026-09-12T08:39:19.486+08:00 level=INFO source=prefix_cache.go:124 msg="cache hit" total=2083 matched=152 cached=3 left=2080
time=2026-09-12T08:39:20.802+08:00 level=INFO source=pipeline.go:200 msg="Prompt processing progress" processed=2048 total=2080
time=2026-09-12T08:39:20.944+08:00 level=INFO source=pipeline.go:200 msg="Prompt processing progress" processed=2079 total=2080
[GIN] 2026/09/12 - 08:39:21 | 200 |  2.041083792s |       127.0.0.1 | POST     "/api/chat"
time=2026-09-12T08:39:21.520+08:00 level=INFO source=server.go:225 msg=ServeHTTP method=POST path=/v1/completions took=2.034799375s status="200 OK"
time=2026-09-12T08:39:21.529+08:00 level=INFO source=pipeline.go:91 msg="peak memory" size="30.47 GiB"
time=2026-09-12T08:39:21.531+08:00 level=INFO source=server.go:225 msg=ServeHTTP method=GET path=/v1/status took=41.459µs status="200 OK"
time=2026-09-12T08:39:21.533+08:00 level=INFO source=prefix_cache.go:124 msg="cache hit" total=715 matched=216 cached=152 left=563
time=2026-09-12T08:39:21.968+08:00 level=INFO source=pipeline.go:200 msg="Prompt processing progress" processed=562 total=563
[GIN] 2026/09/12 - 08:39:22 | 200 |  871.010792ms |       127.0.0.1 | POST     "/api/chat"
time=2026-09-12T08:39:22.395+08:00 level=INFO source=server.go:225 msg=ServeHTTP method=POST path=/v1/completions took=864.545959ms status="200 OK"
time=2026-09-12T08:39:22.404+08:00 level=INFO source=pipeline.go:91 msg="peak memory" size="29.50 GiB"
time=2026-09-12T08:39:22.488+08:00 level=INFO source=server.go:225 msg=ServeHTTP method=GET path=/v1/status took=39.916µs status="200 OK"
time=2026-09-12T08:39:22.490+08:00 level=INFO source=prefix_cache.go:124 msg="cache hit" total=2066 matched=219 cached=216 left=1850
time=2026-09-12T08:39:23.566+08:00 level=INFO source=pipeline.go:200 msg="Prompt processing progress" processed=1849 total=1850
[GIN] 2026/09/12 - 08:39:24 | 200 |  1.886707792s |       127.0.0.1 | POST     "/api/chat"
time=2026-09-12T08:39:24.369+08:00 level=INFO source=server.go:225 msg=ServeHTTP method=POST path=/v1/completions took=1.880719458s status="200 OK"
time=2026-09-12T08:39:24.377+08:00 level=INFO source=pipeline.go:91 msg="peak memory" size="30.39 GiB"
time=2026-09-12T08:39:24.461+08:00 level=INFO source=server.go:225 msg=ServeHTTP method=GET path=/v1/status took=35.458µs status="200 OK"
time=2026-09-12T08:39:24.464+08:00 level=INFO source=prefix_cache.go:124 msg="cache hit" total=2088 matched=236 cached=219 left=1869
time=2026-09-12T08:39:25.612+08:00 level=INFO source=pipeline.go:200 msg="Prompt processing progress" processed=1868 total=1869
[GIN] 2026/09/12 - 08:39:26 | 200 |   1.96205325s |       127.0.0.1 | POST     "/api/chat"
time=2026-09-12T08:39:26.417+08:00 level=INFO source=server.go:225 msg=ServeHTTP method=POST path=/v1/completions took=1.955650959s status="200 OK"
time=2026-09-12T08:39:26.425+08:00 level=INFO source=pipeline.go:91 msg="peak memory" size="30.45 GiB"
[GIN] 2026/09/12 - 08:39:49 | 200 |    4.421333ms |       127.0.0.1 | GET      "/api/tags"
[GIN] 2026/09/12 - 08:39:49 | 200 |          19µs |       127.0.0.1 | GET      "/api/version"
time=2026-09-12T08:40:10.008+08:00 level=INFO source=server.go:225 msg=ServeHTTP method=GET path=/v1/status took=41µs status="200 OK"
time=2026-09-12T08:40:10.010+08:00 level=INFO source=prefix_cache.go:124 msg="cache hit" total=504 matched=15 cached=3 left=501
time=2026-09-12T08:40:10.661+08:00 level=INFO source=pipeline.go:200 msg="Prompt processing progress" processed=500 total=501
[GIN] 2026/09/12 - 08:40:17 | 200 |  7.490699167s |       127.0.0.1 | POST     "/api/chat"
time=2026-09-12T08:40:17.493+08:00 level=INFO source=server.go:225 msg=ServeHTTP method=POST path=/v1/completions took=7.4842785s status="200 OK"
time=2026-09-12T08:40:17.500+08:00 level=INFO source=pipeline.go:91 msg="peak memory" size="29.38 GiB"
time=2026-09-12T08:40:17.503+08:00 level=INFO source=server.go:225 msg=ServeHTTP method=GET path=/v1/status took=37.666µs status="200 OK"
time=2026-09-12T08:40:17.504+08:00 level=INFO source=prefix_cache.go:124 msg="cache hit" total=1873 matched=127 cached=15 left=1858
time=2026-09-12T08:40:18.545+08:00 level=INFO source=pipeline.go:200 msg="Prompt processing progress" processed=1857 total=1858
[GIN] 2026/09/12 - 08:40:32 | 200 | 15.153891541s |       127.0.0.1 | POST     "/api/chat"
time=2026-09-12T08:40:32.651+08:00 level=INFO source=server.go:225 msg=ServeHTTP method=POST path=/v1/completions took=15.14783275s status="200 OK"
time=2026-09-12T08:40:32.658+08:00 level=INFO source=pipeline.go:91 msg="peak memory" size="30.45 GiB"
time=2026-09-12T08:40:32.659+08:00 level=INFO source=server.go:225 msg=ServeHTTP method=GET path=/v1/status took=30.583µs status="200 OK"
time=2026-09-12T08:40:32.661+08:00 level=INFO source=prefix_cache.go:124 msg="cache hit" total=1054 matched=238 cached=127 left=927
time=2026-09-12T08:40:33.237+08:00 level=INFO source=pipeline.go:200 msg="Prompt processing progress" processed=926 total=927
[GIN] 2026/09/12 - 08:40:49 | 200 | 16.493938709s |       127.0.0.1 | POST     "/api/chat"
time=2026-09-12T08:40:49.147+08:00 level=INFO source=server.go:225 msg=ServeHTTP method=POST path=/v1/completions took=16.487450375s status="200 OK"
time=2026-09-12T08:40:49.154+08:00 level=INFO source=pipeline.go:91 msg="peak memory" size="29.80 GiB"
time=2026-09-12T08:40:49.155+08:00 level=INFO source=server.go:225 msg=ServeHTTP method=GET path=/v1/status took=48.416µs status="200 OK"
time=2026-09-12T08:40:49.157+08:00 level=INFO source=prefix_cache.go:124 msg="cache hit" total=1215 matched=954 cached=238 left=977
time=2026-09-12T08:40:49.753+08:00 level=INFO source=pipeline.go:200 msg="Prompt processing progress" processed=976 total=977
[GIN] 2026/09/12 - 08:44:36 | 200 | 16.235355458s |       127.0.0.1 | POST     "/api/chat"
time=2026-09-12T08:44:36.508+08:00 level=INFO source=server.go:225 msg=ServeHTTP method=POST path=/v1/completions took=16.229151875s status="200 OK"
time=2026-09-12T08:44:36.514+08:00 level=INFO source=pipeline.go:91 msg="peak memory" size="29.84 GiB"
time=2026-09-12T08:44:36.517+08:00 level=INFO source=server.go:225 msg=ServeHTTP method=GET path=/v1/status took=35.958µs status="200 OK"
time=2026-09-12T08:44:36.519+08:00 level=INFO source=prefix_cache.go:124 msg="cache hit" total=1302 matched=577 cached=238 left=1064
time=2026-09-12T08:44:37.178+08:00 level=INFO source=pipeline.go:200 msg="Prompt processing progress" processed=1063 total=1064
time=2026-09-12T08:44:58.892+08:00 level=INFO source=server.go:225 msg=ServeHTTP method=POST path=/v1/completions took=22.375337542s status="200 OK"
[GIN] 2026/09/12 - 08:44:58 | 200 | 22.381955292s |       127.0.0.1 | POST     "/api/chat"
time=2026-09-12T08:44:58.900+08:00 level=INFO source=pipeline.go:91 msg="peak memory" size="29.90 GiB"
time=2026-09-12T08:44:58.902+08:00 level=INFO source=server.go:225 msg=ServeHTTP method=GET path=/v1/status took=30.333µs status="200 OK"
time=2026-09-12T08:44:58.903+08:00 level=INFO source=prefix_cache.go:124 msg="cache hit" total=1662 matched=576 cached=238 left=1424
time=2026-09-12T08:44:59.703+08:00 level=INFO source=pipeline.go:200 msg="Prompt processing progress" processed=1423 total=1424
time=2026-09-12T08:45:25.241+08:00 level=INFO source=server.go:225 msg=ServeHTTP method=POST path=/v1/completions took=26.339401042s status="200 OK"
[GIN] 2026/09/12 - 08:45:25 | 200 |   26.3456045s |       127.0.0.1 | POST     "/api/chat"
time=2026-09-12T08:45:25.248+08:00 level=INFO source=pipeline.go:91 msg="peak memory" size="29.97 GiB"
time=2026-09-12T08:45:25.250+08:00 level=INFO source=server.go:225 msg=ServeHTTP method=GET path=/v1/status took=39.5µs status="200 OK"
time=2026-09-12T08:45:25.254+08:00 level=INFO source=prefix_cache.go:124 msg="cache hit" total=1839 matched=1245 cached=576 left=1263
time=2026-09-12T08:45:25.974+08:00 level=INFO source=pipeline.go:200 msg="Prompt processing progress" processed=1262 total=1263
time=2026-09-12T08:45:54.991+08:00 level=INFO source=server.go:225 msg=ServeHTTP method=POST path=/v1/completions took=29.741489875s status="200 OK"
[GIN] 2026/09/12 - 08:45:54 | 200 | 29.747694833s |       127.0.0.1 | POST     "/api/chat"
time=2026-09-12T08:45:54.999+08:00 level=INFO source=pipeline.go:91 msg="peak memory" size="30.05 GiB"
time=2026-09-12T08:45:55.001+08:00 level=INFO source=server.go:225 msg=ServeHTTP method=GET path=/v1/status took=32.208µs status="200 OK"
time=2026-09-12T08:45:55.003+08:00 level=INFO source=prefix_cache.go:124 msg="cache hit" total=1936 matched=222 cached=127 left=1809
time=2026-09-12T08:45:55.985+08:00 level=INFO source=pipeline.go:200 msg="Prompt processing progress" processed=1808 total=1809
time=2026-09-12T08:46:29.107+08:00 level=INFO source=server.go:225 msg=ServeHTTP method=POST path=/v1/completions took=34.106630167s status="200 OK"
[GIN] 2026/09/12 - 08:46:29 | 200 | 34.112888291s |       127.0.0.1 | POST     "/api/chat"
time=2026-09-12T08:46:29.115+08:00 level=INFO source=pipeline.go:91 msg="peak memory" size="30.37 GiB"
time=2026-09-12T08:46:29.117+08:00 level=INFO source=server.go:225 msg=ServeHTTP method=GET path=/v1/status took=36.75µs status="200 OK"
time=2026-09-12T08:46:29.118+08:00 level=INFO source=prefix_cache.go:124 msg="cache hit" total=2094 matched=539 cached=222 left=1872
time=2026-09-12T08:46:30.138+08:00 level=INFO source=pipeline.go:200 msg="Prompt processing progress" processed=1871 total=1872
[GIN] 2026/09/12 - 08:47:05 | 200 | 35.947395834s |       127.0.0.1 | POST     "/api/chat"
time=2026-09-12T08:47:05.058+08:00 level=INFO source=server.go:225 msg=ServeHTTP method=POST path=/v1/completions took=35.940982833s status="200 OK"
time=2026-09-12T08:47:05.066+08:00 level=INFO source=pipeline.go:91 msg="peak memory" size="30.39 GiB"
time=2026-09-12T08:47:05.067+08:00 level=INFO source=server.go:225 msg=ServeHTTP method=GET path=/v1/status took=35.541µs status="200 OK"
time=2026-09-12T08:47:05.070+08:00 level=INFO source=prefix_cache.go:124 msg="cache hit" total=2251 matched=628 cached=539 left=1712
time=2026-09-12T08:47:06.249+08:00 level=INFO source=pipeline.go:200 msg="Prompt processing progress" processed=1711 total=1712
[GIN] 2026/09/12 - 08:47:34 | 500 | 29.444079417s |       127.0.0.1 | POST     "/api/chat"
time=2026-09-12T08:47:34.505+08:00 level=INFO source=server.go:225 msg=ServeHTTP method=POST path=/v1/completions took=29.437508s status="200 OK"
time=2026-09-12T08:47:34.528+08:00 level=INFO source=pipeline.go:91 msg="peak memory" size="30.29 GiB"
time=2026-09-12T08:47:34.528+08:00 level=INFO source=runner.go:232 msg="Request terminated" error="context canceled"
time=2026-09-12T08:48:13.232+08:00 level=INFO source=server.go:225 msg=ServeHTTP method=GET path=/v1/status took=37.708µs status="200 OK"
time=2026-09-12T08:48:13.234+08:00 level=INFO source=prefix_cache.go:124 msg="cache hit" total=557 matched=197 cached=127 left=430
time=2026-09-12T08:48:13.914+08:00 level=INFO source=pipeline.go:200 msg="Prompt processing progress" processed=429 total=430
[GIN] 2026/09/12 - 08:48:23 | 200 |  9.870659792s |       127.0.0.1 | POST     "/api/chat"
time=2026-09-12T08:48:23.097+08:00 level=INFO source=server.go:225 msg=ServeHTTP method=POST path=/v1/completions took=9.864317584s status="200 OK"
time=2026-09-12T08:48:23.102+08:00 level=INFO source=pipeline.go:91 msg="peak memory" size="29.21 GiB"
time=2026-09-12T08:48:23.107+08:00 level=INFO source=server.go:225 msg=ServeHTTP method=GET path=/v1/status took=33.834µs status="200 OK"
time=2026-09-12T08:48:23.112+08:00 level=INFO source=prefix_cache.go:124 msg="cache hit" total=2257 matched=128 cached=127 left=2130
time=2026-09-12T08:48:24.457+08:00 level=INFO source=pipeline.go:200 msg="Prompt processing progress" processed=2048 total=2130
time=2026-09-12T08:48:24.729+08:00 level=INFO source=pipeline.go:200 msg="Prompt processing progress" processed=2129 total=2130
[GIN] 2026/09/12 - 08:48:45 | 200 | 22.857405458s |       127.0.0.1 | POST     "/api/chat"
time=2026-09-12T08:48:45.958+08:00 level=INFO source=server.go:225 msg=ServeHTTP method=POST path=/v1/completions took=22.851499875s status="200 OK"
time=2026-09-12T08:48:45.966+08:00 level=INFO source=pipeline.go:91 msg="peak memory" size="30.39 GiB"
time=2026-09-12T08:48:45.967+08:00 level=INFO source=server.go:225 msg=ServeHTTP method=GET path=/v1/status took=45.334µs status="200 OK"
time=2026-09-12T08:48:45.971+08:00 level=INFO source=prefix_cache.go:124 msg="cache hit" total=1404 matched=175 cached=128 left=1276
time=2026-09-12T08:48:46.747+08:00 level=INFO source=pipeline.go:200 msg="Prompt processing progress" processed=1275 total=1276
[GIN] 2026/09/12 - 08:49:10 | 200 |    24.461886s |       127.0.0.1 | POST     "/api/chat"
time=2026-09-12T08:49:10.422+08:00 level=INFO source=server.go:225 msg=ServeHTTP method=POST path=/v1/completions took=24.455306708s status="200 OK"
time=2026-09-12T08:49:10.430+08:00 level=INFO source=pipeline.go:91 msg="peak memory" size="30.10 GiB"
time=2026-09-12T08:49:10.431+08:00 level=INFO source=server.go:225 msg=ServeHTTP method=GET path=/v1/status took=30.209µs status="200 OK"
time=2026-09-12T08:49:10.434+08:00 level=INFO source=prefix_cache.go:124 msg="cache hit" total=1553 matched=175 cached=175 left=1378
time=2026-09-12T08:49:11.324+08:00 level=INFO source=pipeline.go:200 msg="Prompt processing progress" processed=1377 total=1378
[GIN] 2026/09/12 - 08:49:37 | 200 | 26.908445167s |       127.0.0.1 | POST     "/api/chat"
time=2026-09-12T08:49:37.333+08:00 level=INFO source=server.go:225 msg=ServeHTTP method=POST path=/v1/completions took=26.901813667s status="200 OK"
time=2026-09-12T08:49:37.341+08:00 level=INFO source=pipeline.go:91 msg="peak memory" size="29.98 GiB"
time=2026-09-12T08:49:37.343+08:00 level=INFO source=server.go:225 msg=ServeHTTP method=GET path=/v1/status took=53.833µs status="200 OK"
time=2026-09-12T08:49:37.344+08:00 level=INFO source=prefix_cache.go:124 msg="cache hit" total=1706 matched=175 cached=175 left=1531
time=2026-09-12T08:49:38.456+08:00 level=INFO source=pipeline.go:200 msg="Prompt processing progress" processed=1530 total=1531
[GIN] 2026/09/12 - 08:50:10 | 200 |  33.10229775s |       127.0.0.1 | POST     "/api/chat"
time=2026-09-12T08:50:10.438+08:00 level=INFO source=server.go:225 msg=ServeHTTP method=POST path=/v1/completions took=33.095566791s status="200 OK"
time=2026-09-12T08:50:10.446+08:00 level=INFO source=pipeline.go:91 msg="peak memory" size="30.11 GiB"
time=2026-09-12T08:50:10.447+08:00 level=INFO source=server.go:225 msg=ServeHTTP method=GET path=/v1/status took=28.917µs status="200 OK"
time=2026-09-12T08:50:10.449+08:00 level=INFO source=prefix_cache.go:124 msg="cache hit" total=2127 matched=175 cached=175 left=1952
time=2026-09-12T08:50:11.740+08:00 level=INFO source=pipeline.go:200 msg="Prompt processing progress" processed=1951 total=1952
[GIN] 2026/09/12 - 08:50:47 | 200 |  37.24550175s |       127.0.0.1 | POST     "/api/chat"
time=2026-09-12T08:50:47.686+08:00 level=INFO source=server.go:225 msg=ServeHTTP method=POST path=/v1/completions took=37.238857417s status="200 OK"
time=2026-09-12T08:50:47.692+08:00 level=INFO source=pipeline.go:91 msg="peak memory" size="30.36 GiB"
time=2026-09-12T08:50:47.695+08:00 level=INFO source=server.go:225 msg=ServeHTTP method=GET path=/v1/status took=35.584µs status="200 OK"
time=2026-09-12T08:50:47.700+08:00 level=INFO source=prefix_cache.go:124 msg="cache hit" total=2297 matched=175 cached=175 left=2122
time=2026-09-12T08:50:49.211+08:00 level=INFO source=pipeline.go:200 msg="Prompt processing progress" processed=2048 total=2122
time=2026-09-12T08:50:49.499+08:00 level=INFO source=pipeline.go:200 msg="Prompt processing progress" processed=2121 total=2122
time=2026-09-12T08:51:30.937+08:00 level=INFO source=server.go:225 msg=ServeHTTP method=POST path=/v1/completions took=37.051759458s status="200 OK"
[GIN] 2026/09/12 - 08:51:30 | 200 | 37.058326958s |       127.0.0.1 | POST     "/api/chat"
time=2026-09-12T08:51:30.944+08:00 level=INFO source=pipeline.go:91 msg="peak memory" size="30.44 GiB"
time=2026-09-12T08:51:30.945+08:00 level=INFO source=server.go:225 msg=ServeHTTP method=GET path=/v1/status took=33.25µs status="200 OK"
time=2026-09-12T08:51:30.948+08:00 level=INFO source=prefix_cache.go:124 msg="cache hit" total=2181 matched=175 cached=175 left=2006
time=2026-09-12T08:51:32.118+08:00 level=INFO source=pipeline.go:200 msg="Prompt processing progress" processed=2005 total=2006
time=2026-09-12T08:52:10.136+08:00 level=INFO source=server.go:225 msg=ServeHTTP method=POST path=/v1/completions took=39.190911125s status="200 OK"
[GIN] 2026/09/12 - 08:52:10 | 200 | 39.197049625s |       127.0.0.1 | POST     "/api/chat"
time=2026-09-12T08:52:10.144+08:00 level=INFO source=pipeline.go:91 msg="peak memory" size="30.46 GiB"
time=2026-09-12T08:52:10.147+08:00 level=INFO source=server.go:225 msg=ServeHTTP method=GET path=/v1/status took=50.333µs status="200 OK"
time=2026-09-12T08:52:10.151+08:00 level=INFO source=prefix_cache.go:124 msg="cache hit" total=2141 matched=175 cached=175 left=1966
time=2026-09-12T08:52:11.287+08:00 level=INFO source=pipeline.go:200 msg="Prompt processing progress" processed=1965 total=1966
time=2026-09-12T08:52:49.314+08:00 level=INFO source=server.go:225 msg=ServeHTTP method=POST path=/v1/completions took=39.166572666s status="200 OK"
[GIN] 2026/09/12 - 08:52:49 | 200 | 39.174394292s |       127.0.0.1 | POST     "/api/chat"
time=2026-09-12T08:52:49.322+08:00 level=INFO source=pipeline.go:91 msg="peak memory" size="30.38 GiB"
time=2026-09-12T08:52:49.323+08:00 level=INFO source=server.go:225 msg=ServeHTTP method=GET path=/v1/status took=36.167µs status="200 OK"
time=2026-09-12T08:52:49.328+08:00 level=INFO source=prefix_cache.go:124 msg="cache hit" total=2304 matched=175 cached=175 left=2129
time=2026-09-12T08:52:50.912+08:00 level=INFO source=pipeline.go:200 msg="Prompt processing progress" processed=2048 total=2129
time=2026-09-12T08:52:51.218+08:00 level=INFO source=pipeline.go:200 msg="Prompt processing progress" processed=2128 total=2129
time=2026-09-12T08:53:30.615+08:00 level=INFO source=server.go:225 msg=ServeHTTP method=POST path=/v1/completions took=41.291739958s status="200 OK"
[GIN] 2026/09/12 - 08:53:30 | 200 |  41.29805425s |       127.0.0.1 | POST     "/api/chat"
time=2026-09-12T08:53:30.623+08:00 level=INFO source=pipeline.go:91 msg="peak memory" size="30.40 GiB"
time=2026-09-12T08:53:30.624+08:00 level=INFO source=server.go:225 msg=ServeHTTP method=GET path=/v1/status took=49.125µs status="200 OK"
time=2026-09-12T08:53:30.626+08:00 level=INFO source=prefix_cache.go:124 msg="cache hit" total=2189 matched=175 cached=175 left=2014
time=2026-09-12T08:53:32.153+08:00 level=INFO source=pipeline.go:200 msg="Prompt processing progress" processed=2013 total=2014
time=2026-09-12T08:54:10.854+08:00 level=INFO source=server.go:225 msg=ServeHTTP method=POST path=/v1/completions took=40.230128709s status="200 OK"
[GIN] 2026/09/12 - 08:54:10 | 200 | 40.236747417s |       127.0.0.1 | POST     "/api/chat"
time=2026-09-12T08:54:10.862+08:00 level=INFO source=pipeline.go:91 msg="peak memory" size="30.46 GiB"
time=2026-09-12T08:54:10.871+08:00 level=INFO source=server.go:225 msg=ServeHTTP method=GET path=/v1/status took=42.875µs status="200 OK"
time=2026-09-12T08:54:10.875+08:00 level=INFO source=prefix_cache.go:124 msg="cache hit" total=4210 matched=175 cached=175 left=4035
time=2026-09-12T08:54:12.447+08:00 level=INFO source=pipeline.go:200 msg="Prompt processing progress" processed=2048 total=4035
time=2026-09-12T08:54:13.963+08:00 level=INFO source=pipeline.go:200 msg="Prompt processing progress" processed=4034 total=4035
time=2026-09-12T08:54:53.188+08:00 level=INFO source=server.go:225 msg=ServeHTTP method=POST path=/v1/completions took=42.316267708s status="200 OK"
[GIN] 2026/09/12 - 08:54:53 | 200 | 42.324602125s |       127.0.0.1 | POST     "/api/chat"
time=2026-09-12T08:54:53.196+08:00 level=INFO source=pipeline.go:91 msg="peak memory" size="30.53 GiB"
time=2026-09-12T08:54:53.204+08:00 level=INFO source=server.go:225 msg=ServeHTTP method=GET path=/v1/status took=42.416µs status="200 OK"
time=2026-09-12T08:54:53.207+08:00 level=INFO source=prefix_cache.go:124 msg="cache hit" total=2186 matched=175 cached=175 left=2011
time=2026-09-12T08:54:54.712+08:00 level=INFO source=pipeline.go:200 msg="Prompt processing progress" processed=2010 total=2011
[GIN] 2026/09/12 - 08:55:33 | 200 |    39.973061s |       127.0.0.1 | POST     "/api/chat"
time=2026-09-12T08:55:33.168+08:00 level=INFO source=server.go:225 msg=ServeHTTP method=POST path=/v1/completions took=39.963787542s status="200 OK"
time=2026-09-12T08:55:33.174+08:00 level=INFO source=pipeline.go:91 msg="peak memory" size="30.53 GiB"
time=2026-09-12T08:55:33.179+08:00 level=INFO source=server.go:225 msg=ServeHTTP method=GET path=/v1/status took=38.542µs status="200 OK"
time=2026-09-12T08:55:33.184+08:00 level=INFO source=prefix_cache.go:124 msg="cache hit" total=2145 matched=175 cached=175 left=1970
time=2026-09-12T08:55:34.653+08:00 level=INFO source=pipeline.go:200 msg="Prompt processing progress" processed=1969 total=1970
time=2026-09-12T08:56:13.079+08:00 level=INFO source=server.go:225 msg=ServeHTTP method=POST path=/v1/completions took=39.89995475s status="200 OK"
[GIN] 2026/09/12 - 08:56:13 | 200 | 39.907259083s |       127.0.0.1 | POST     "/api/chat"
time=2026-09-12T08:56:13.086+08:00 level=INFO source=pipeline.go:91 msg="peak memory" size="30.41 GiB"
time=2026-09-12T08:56:13.088+08:00 level=INFO source=server.go:225 msg=ServeHTTP method=GET path=/v1/status took=31.167µs status="200 OK"
time=2026-09-12T08:56:13.090+08:00 level=INFO source=prefix_cache.go:124 msg="cache hit" total=2195 matched=175 cached=175 left=2020
time=2026-09-12T08:56:14.554+08:00 level=INFO source=pipeline.go:200 msg="Prompt processing progress" processed=2019 total=2020
time=2026-09-12T08:56:51.503+08:00 level=INFO source=server.go:225 msg=ServeHTTP method=POST path=/v1/completions took=38.4145385s status="200 OK"
[GIN] 2026/09/12 - 08:56:51 | 200 | 38.420959542s |       127.0.0.1 | POST     "/api/chat"
time=2026-09-12T08:56:51.510+08:00 level=INFO source=pipeline.go:91 msg="peak memory" size="30.51 GiB"
time=2026-09-12T08:56:51.512+08:00 level=INFO source=server.go:225 msg=ServeHTTP method=GET path=/v1/status took=34.959µs status="200 OK"
time=2026-09-12T08:56:51.514+08:00 level=INFO source=prefix_cache.go:124 msg="cache hit" total=2130 matched=175 cached=175 left=1955
time=2026-09-12T08:56:52.902+08:00 level=INFO source=pipeline.go:200 msg="Prompt processing progress" processed=1954 total=1955
[GIN] 2026/09/12 - 08:57:07 | 500 |    15.582061s |       127.0.0.1 | POST     "/api/chat"
time=2026-09-12T08:57:07.088+08:00 level=INFO source=server.go:225 msg=ServeHTTP method=POST path=/v1/completions took=15.575851792s status="200 OK"
time=2026-09-12T08:57:07.098+08:00 level=INFO source=pipeline.go:91 msg="peak memory" size="30.36 GiB"
time=2026-09-12T08:57:07.098+08:00 level=INFO source=runner.go:232 msg="Request terminated" error="context canceled"
time=2026-09-12T08:57:08.769+08:00 level=INFO source=server.go:225 msg=ServeHTTP method=GET path=/v1/status took=43.583µs status="200 OK"
time=2026-09-12T08:57:08.772+08:00 level=INFO source=prefix_cache.go:124 msg="cache hit" total=2130 matched=2130 cached=2126 left=4
time=2026-09-12T08:57:08.893+08:00 level=INFO source=pipeline.go:200 msg="Prompt processing progress" processed=3 total=4
time=2026-09-12T08:57:47.675+08:00 level=INFO source=server.go:225 msg=ServeHTTP method=POST path=/v1/completions took=38.905992834s status="200 OK"
[GIN] 2026/09/12 - 08:57:47 | 200 | 38.914133583s |       127.0.0.1 | POST     "/api/chat"
time=2026-09-12T08:57:47.681+08:00 level=INFO source=pipeline.go:91 msg="peak memory" size="28.71 GiB"
time=2026-09-12T08:57:47.689+08:00 level=INFO source=server.go:225 msg=ServeHTTP method=GET path=/v1/status took=43.792µs status="200 OK"
time=2026-09-12T08:57:47.691+08:00 level=INFO source=prefix_cache.go:124 msg="cache hit" total=615 matched=152 cached=152 left=463
time=2026-09-12T08:57:48.103+08:00 level=INFO source=pipeline.go:200 msg="Prompt processing progress" processed=462 total=463
[GIN] 2026/09/12 - 08:57:49 | 200 |  1.692373666s |       127.0.0.1 | POST     "/api/chat"
time=2026-09-12T08:57:49.375+08:00 level=INFO source=server.go:225 msg=ServeHTTP method=POST path=/v1/completions took=1.686140875s status="200 OK"
time=2026-09-12T08:57:49.381+08:00 level=INFO source=pipeline.go:91 msg="peak memory" size="29.32 GiB"
time=2026-09-12T08:57:49.384+08:00 level=INFO source=server.go:225 msg=ServeHTTP method=GET path=/v1/status took=33.541µs status="200 OK"
time=2026-09-12T08:57:49.388+08:00 level=INFO source=prefix_cache.go:124 msg="cache hit" total=709 matched=178 cached=152 left=557
time=2026-09-12T08:57:49.846+08:00 level=INFO source=pipeline.go:200 msg="Prompt processing progress" processed=556 total=557
[GIN] 2026/09/12 - 08:57:51 | 200 |  1.726389792s |       127.0.0.1 | POST     "/api/chat"
time=2026-09-12T08:57:51.104+08:00 level=INFO source=server.go:225 msg=ServeHTTP method=POST path=/v1/completions took=1.719655167s status="200 OK"
time=2026-09-12T08:57:51.116+08:00 level=INFO source=pipeline.go:91 msg="peak memory" size="29.51 GiB"
time=2026-09-12T08:57:51.116+08:00 level=INFO source=server.go:225 msg=ServeHTTP method=GET path=/v1/status took=4.12975ms status="200 OK"
time=2026-09-12T08:57:51.117+08:00 level=INFO source=prefix_cache.go:124 msg="cache hit" total=615 matched=179 cached=178 left=437
time=2026-09-12T08:57:51.534+08:00 level=INFO source=pipeline.go:200 msg="Prompt processing progress" processed=436 total=437
[GIN] 2026/09/12 - 08:57:52 | 200 |  1.745502875s |       127.0.0.1 | POST     "/api/chat"
time=2026-09-12T08:57:52.852+08:00 level=INFO source=server.go:225 msg=ServeHTTP method=POST path=/v1/completions took=1.735318958s status="200 OK"
time=2026-09-12T08:57:52.863+08:00 level=INFO source=pipeline.go:91 msg="peak memory" size="29.35 GiB"
time=2026-09-12T08:57:52.863+08:00 level=INFO source=server.go:225 msg=ServeHTTP method=GET path=/v1/status took=3.640125ms status="200 OK"
time=2026-09-12T08:57:52.864+08:00 level=INFO source=prefix_cache.go:124 msg="cache hit" total=655 matched=267 cached=179 left=476
time=2026-09-12T08:57:53.293+08:00 level=INFO source=pipeline.go:200 msg="Prompt processing progress" processed=475 total=476
[GIN] 2026/09/12 - 08:57:54 | 200 |  1.762724958s |       127.0.0.1 | POST     "/api/chat"
time=2026-09-12T08:57:54.616+08:00 level=INFO source=server.go:225 msg=ServeHTTP method=POST path=/v1/completions took=1.752607875s status="200 OK"
time=2026-09-12T08:57:54.624+08:00 level=INFO source=pipeline.go:91 msg="peak memory" size="29.34 GiB"
time=2026-09-12T08:57:54.627+08:00 level=INFO source=server.go:225 msg=ServeHTTP method=GET path=/v1/status took=42.75µs status="200 OK"
time=2026-09-12T08:57:54.632+08:00 level=INFO source=prefix_cache.go:124 msg="cache hit" total=1915 matched=166 cached=152 left=1763
time=2026-09-12T08:57:55.925+08:00 level=INFO source=pipeline.go:200 msg="Prompt processing progress" processed=1762 total=1763
[GIN] 2026/09/12 - 08:57:57 | 200 |  2.572234541s |       127.0.0.1 | POST     "/api/chat"
time=2026-09-12T08:57:57.193+08:00 level=INFO source=server.go:225 msg=ServeHTTP method=POST path=/v1/completions took=2.565773208s status="200 OK"
time=2026-09-12T08:57:57.201+08:00 level=INFO source=pipeline.go:91 msg="peak memory" size="30.42 GiB"
time=2026-09-12T08:57:57.201+08:00 level=INFO source=server.go:225 msg=ServeHTTP method=GET path=/v1/status took=54.625µs status="200 OK"
time=2026-09-12T08:57:57.205+08:00 level=INFO source=prefix_cache.go:124 msg="cache hit" total=1366 matched=179 cached=166 left=1200
time=2026-09-12T08:57:58.026+08:00 level=INFO source=pipeline.go:200 msg="Prompt processing progress" processed=1199 total=1200
[GIN] 2026/09/12 - 08:57:59 | 200 |    2.0580425s |       127.0.0.1 | POST     "/api/chat"
time=2026-09-12T08:57:59.253+08:00 level=INFO source=server.go:225 msg=ServeHTTP method=POST path=/v1/completions took=2.051767625s status="200 OK"
time=2026-09-12T08:57:59.262+08:00 level=INFO source=pipeline.go:91 msg="peak memory" size="30.18 GiB"
time=2026-09-12T08:57:59.263+08:00 level=INFO source=server.go:225 msg=ServeHTTP method=GET path=/v1/status took=829.458µs status="200 OK"
time=2026-09-12T08:57:59.265+08:00 level=INFO source=prefix_cache.go:124 msg="cache hit" total=779 matched=337 cached=179 left=600
time=2026-09-12T08:57:59.716+08:00 level=INFO source=pipeline.go:200 msg="Prompt processing progress" processed=599 total=600
[GIN] 2026/09/12 - 08:58:01 | 200 |  1.754427791s |       127.0.0.1 | POST     "/api/chat"
time=2026-09-12T08:58:01.010+08:00 level=INFO source=server.go:225 msg=ServeHTTP method=POST path=/v1/completions took=1.747156541s status="200 OK"
time=2026-09-12T08:58:01.020+08:00 level=INFO source=pipeline.go:91 msg="peak memory" size="29.55 GiB"
time=2026-09-12T08:58:01.020+08:00 level=INFO source=server.go:225 msg=ServeHTTP method=GET path=/v1/status took=1.132292ms status="200 OK"
time=2026-09-12T08:58:01.021+08:00 level=INFO source=prefix_cache.go:124 msg="cache hit" total=831 matched=181 cached=179 left=652
time=2026-09-12T08:58:01.552+08:00 level=INFO source=pipeline.go:200 msg="Prompt processing progress" processed=651 total=652
[GIN] 2026/09/12 - 08:58:02 | 200 |  1.795636584s |       127.0.0.1 | POST     "/api/chat"
time=2026-09-12T08:58:02.808+08:00 level=INFO source=server.go:225 msg=ServeHTTP method=POST path=/v1/completions took=1.787500875s status="200 OK"
time=2026-09-12T08:58:02.814+08:00 level=INFO source=pipeline.go:91 msg="peak memory" size="29.63 GiB"
time=2026-09-12T08:58:02.818+08:00 level=INFO source=server.go:225 msg=ServeHTTP method=GET path=/v1/status took=30.875µs status="200 OK"
time=2026-09-12T08:58:02.822+08:00 level=INFO source=prefix_cache.go:124 msg="cache hit" total=1911 matched=166 cached=166 left=1745
time=2026-09-12T08:58:04.032+08:00 level=INFO source=pipeline.go:200 msg="Prompt processing progress" processed=1744 total=1745
time=2026-09-12T08:58:05.259+08:00 level=INFO source=server.go:225 msg=ServeHTTP method=POST path=/v1/completions took=2.440342708s status="200 OK"
[GIN] 2026/09/12 - 08:58:05 | 200 |  2.446573334s |       127.0.0.1 | POST     "/api/chat"
time=2026-09-12T08:58:05.266+08:00 level=INFO source=pipeline.go:91 msg="peak memory" size="30.32 GiB"
time=2026-09-12T08:58:05.267+08:00 level=INFO source=server.go:225 msg=ServeHTTP method=GET path=/v1/status took=29.042µs status="200 OK"
time=2026-09-12T08:58:05.271+08:00 level=INFO source=prefix_cache.go:124 msg="cache hit" total=1462 matched=179 cached=166 left=1296
time=2026-09-12T08:58:06.127+08:00 level=INFO source=pipeline.go:200 msg="Prompt processing progress" processed=1295 total=1296
[GIN] 2026/09/12 - 08:58:07 | 200 |  1.917013917s |       127.0.0.1 | POST     "/api/chat"
time=2026-09-12T08:58:07.178+08:00 level=INFO source=server.go:225 msg=ServeHTTP method=POST path=/v1/completions took=1.910763541s status="200 OK"
time=2026-09-12T08:58:07.188+08:00 level=INFO source=pipeline.go:91 msg="peak memory" size="30.12 GiB"
time=2026-09-12T08:58:07.188+08:00 level=INFO source=server.go:225 msg=ServeHTTP method=GET path=/v1/status took=1.222916ms status="200 OK"
time=2026-09-12T08:58:07.190+08:00 level=INFO source=prefix_cache.go:124 msg="cache hit" total=877 matched=282 cached=179 left=698
time=2026-09-12T08:58:07.685+08:00 level=INFO source=pipeline.go:200 msg="Prompt processing progress" processed=697 total=698
[GIN] 2026/09/12 - 08:58:08 | 200 |  1.609450834s |       127.0.0.1 | POST     "/api/chat"
time=2026-09-12T08:58:08.790+08:00 level=INFO source=server.go:225 msg=ServeHTTP method=POST path=/v1/completions took=1.602085833s status="200 OK"
time=2026-09-12T08:58:08.797+08:00 level=INFO source=pipeline.go:91 msg="peak memory" size="29.69 GiB"
time=2026-09-12T08:58:08.799+08:00 level=INFO source=server.go:225 msg=ServeHTTP method=GET path=/v1/status took=34.083µs status="200 OK"
time=2026-09-12T08:58:08.801+08:00 level=INFO source=prefix_cache.go:124 msg="cache hit" total=941 matched=266 cached=179 left=762
time=2026-09-12T08:58:09.336+08:00 level=INFO source=pipeline.go:200 msg="Prompt processing progress" processed=761 total=762
[GIN] 2026/09/12 - 08:58:10 | 200 |  1.745301917s |       127.0.0.1 | POST     "/api/chat"
time=2026-09-12T08:58:10.538+08:00 level=INFO source=server.go:225 msg=ServeHTTP method=POST path=/v1/completions took=1.738595583s status="200 OK"
time=2026-09-12T08:58:10.547+08:00 level=INFO source=pipeline.go:91 msg="peak memory" size="29.59 GiB"
time=2026-09-12T08:58:10.549+08:00 level=INFO source=server.go:225 msg=ServeHTTP method=GET path=/v1/status took=34.583µs status="200 OK"
time=2026-09-12T08:58:10.552+08:00 level=INFO source=prefix_cache.go:124 msg="cache hit" total=1851 matched=167 cached=166 left=1685
time=2026-09-12T08:58:11.658+08:00 level=INFO source=pipeline.go:200 msg="Prompt processing progress" processed=1684 total=1685
[GIN] 2026/09/12 - 08:58:12 | 200 |  2.283635083s |       127.0.0.1 | POST     "/api/chat"
time=2026-09-12T08:58:12.826+08:00 level=INFO source=server.go:225 msg=ServeHTTP method=POST path=/v1/completions took=2.2773415s status="200 OK"
time=2026-09-12T08:58:12.834+08:00 level=INFO source=pipeline.go:91 msg="peak memory" size="30.30 GiB"
time=2026-09-12T08:58:12.835+08:00 level=INFO source=server.go:225 msg=ServeHTTP method=GET path=/v1/status took=29.417µs status="200 OK"
time=2026-09-12T08:58:12.838+08:00 level=INFO source=prefix_cache.go:124 msg="cache hit" total=1612 matched=179 cached=167 left=1445
time=2026-09-12T08:58:13.774+08:00 level=INFO source=pipeline.go:200 msg="Prompt processing progress" processed=1444 total=1445
time=2026-09-12T08:58:15.008+08:00 level=INFO source=server.go:225 msg=ServeHTTP method=POST path=/v1/completions took=2.173396917s status="200 OK"
[GIN] 2026/09/12 - 08:58:15 | 200 |   2.17977225s |       127.0.0.1 | POST     "/api/chat"
time=2026-09-12T08:58:15.016+08:00 level=INFO source=pipeline.go:91 msg="peak memory" size="30.13 GiB"
time=2026-09-12T08:58:15.017+08:00 level=INFO source=server.go:225 msg=ServeHTTP method=GET path=/v1/status took=34.792µs status="200 OK"
time=2026-09-12T08:58:15.019+08:00 level=INFO source=prefix_cache.go:124 msg="cache hit" total=1028 matched=433 cached=179 left=849
time=2026-09-12T08:58:15.603+08:00 level=INFO source=pipeline.go:200 msg="Prompt processing progress" processed=848 total=849
[GIN] 2026/09/12 - 08:58:16 | 200 |  1.736985291s |       127.0.0.1 | POST     "/api/chat"
time=2026-09-12T08:58:16.748+08:00 level=INFO source=server.go:225 msg=ServeHTTP method=POST path=/v1/completions took=1.730799459s status="200 OK"
time=2026-09-12T08:58:16.754+08:00 level=INFO source=pipeline.go:91 msg="peak memory" size="29.67 GiB"
time=2026-09-12T08:58:16.757+08:00 level=INFO source=server.go:225 msg=ServeHTTP method=GET path=/v1/status took=37.792µs status="200 OK"
time=2026-09-12T08:58:16.759+08:00 level=INFO source=prefix_cache.go:124 msg="cache hit" total=1104 matched=179 cached=179 left=925
time=2026-09-12T08:58:17.392+08:00 level=INFO source=pipeline.go:200 msg="Prompt processing progress" processed=924 total=925
time=2026-09-12T08:58:18.542+08:00 level=INFO source=server.go:225 msg=ServeHTTP method=POST path=/v1/completions took=1.785315208s status="200 OK"
[GIN] 2026/09/12 - 08:58:18 | 200 |  1.791823833s |       127.0.0.1 | POST     "/api/chat"
time=2026-09-12T08:58:18.551+08:00 level=INFO source=pipeline.go:91 msg="peak memory" size="29.76 GiB"
time=2026-09-12T08:58:18.554+08:00 level=INFO source=server.go:225 msg=ServeHTTP method=GET path=/v1/status took=32.084µs status="200 OK"
time=2026-09-12T08:58:18.558+08:00 level=INFO source=prefix_cache.go:124 msg="cache hit" total=1901 matched=167 cached=167 left=1734
time=2026-09-12T08:58:19.684+08:00 level=INFO source=pipeline.go:200 msg="Prompt processing progress" processed=1733 total=1734
[GIN] 2026/09/12 - 08:58:21 | 200 |  2.628451292s |       127.0.0.1 | POST     "/api/chat"
time=2026-09-12T08:58:21.176+08:00 level=INFO source=server.go:225 msg=ServeHTTP method=POST path=/v1/completions took=2.622412625s status="200 OK"
time=2026-09-12T08:58:21.184+08:00 level=INFO source=pipeline.go:91 msg="peak memory" size="30.32 GiB"
time=2026-09-12T08:58:21.185+08:00 level=INFO source=server.go:225 msg=ServeHTTP method=GET path=/v1/status took=28.917µs status="200 OK"
time=2026-09-12T08:58:21.188+08:00 level=INFO source=prefix_cache.go:124 msg="cache hit" total=1929 matched=179 cached=167 left=1762
time=2026-09-12T08:58:22.315+08:00 level=INFO source=pipeline.go:200 msg="Prompt processing progress" processed=1761 total=1762
[GIN] 2026/09/12 - 08:58:24 | 200 |  3.558684541s |       127.0.0.1 | POST     "/api/chat"
time=2026-09-12T08:58:24.737+08:00 level=INFO source=server.go:225 msg=ServeHTTP method=POST path=/v1/completions took=3.552360708s status="200 OK"
time=2026-09-12T08:58:24.747+08:00 level=INFO source=pipeline.go:91 msg="peak memory" size="30.41 GiB"
time=2026-09-12T08:58:24.747+08:00 level=INFO source=server.go:225 msg=ServeHTTP method=GET path=/v1/status took=39.625µs status="200 OK"
time=2026-09-12T08:58:24.750+08:00 level=INFO source=prefix_cache.go:124 msg="cache hit" total=1182 matched=587 cached=179 left=1003
time=2026-09-12T08:58:25.432+08:00 level=INFO source=pipeline.go:200 msg="Prompt processing progress" processed=1002 total=1003
[GIN] 2026/09/12 - 08:58:26 | 200 |  2.158789792s |       127.0.0.1 | POST     "/api/chat"
time=2026-09-12T08:58:26.899+08:00 level=INFO source=server.go:225 msg=ServeHTTP method=POST path=/v1/completions took=2.152014s status="200 OK"
time=2026-09-12T08:58:26.909+08:00 level=INFO source=pipeline.go:91 msg="peak memory" size="29.93 GiB"
time=2026-09-12T08:58:26.909+08:00 level=INFO source=server.go:225 msg=ServeHTTP method=GET path=/v1/status took=35.459µs status="200 OK"
time=2026-09-12T08:58:26.913+08:00 level=INFO source=prefix_cache.go:124 msg="cache hit" total=1272 matched=179 cached=179 left=1093
time=2026-09-12T08:58:27.674+08:00 level=INFO source=pipeline.go:200 msg="Prompt processing progress" processed=1092 total=1093
[GIN] 2026/09/12 - 08:58:29 | 200 |  2.888224083s |       127.0.0.1 | POST     "/api/chat"
time=2026-09-12T08:58:29.790+08:00 level=INFO source=server.go:225 msg=ServeHTTP method=POST path=/v1/completions took=2.88123875s status="200 OK"
time=2026-09-12T08:58:29.797+08:00 level=INFO source=pipeline.go:91 msg="peak memory" size="29.95 GiB"
time=2026-09-12T08:58:29.802+08:00 level=INFO source=server.go:225 msg=ServeHTTP method=GET path=/v1/status took=37.667µs status="200 OK"
time=2026-09-12T08:58:29.807+08:00 level=INFO source=prefix_cache.go:124 msg="cache hit" total=1852 matched=167 cached=167 left=1685
time=2026-09-12T08:58:30.958+08:00 level=INFO source=pipeline.go:200 msg="Prompt processing progress" processed=1684 total=1685
[GIN] 2026/09/12 - 08:58:32 | 200 |  2.352432833s |       127.0.0.1 | POST     "/api/chat"
time=2026-09-12T08:58:32.148+08:00 level=INFO source=server.go:225 msg=ServeHTTP method=POST path=/v1/completions took=2.345613166s status="200 OK"
time=2026-09-12T08:58:32.154+08:00 level=INFO source=pipeline.go:91 msg="peak memory" size="30.27 GiB"
time=2026-09-12T08:58:32.157+08:00 level=INFO source=server.go:225 msg=ServeHTTP method=GET path=/v1/status took=32.667µs status="200 OK"
time=2026-09-12T08:58:32.158+08:00 level=INFO source=prefix_cache.go:124 msg="cache hit" total=2151 matched=179 cached=167 left=1984
time=2026-09-12T08:58:33.451+08:00 level=INFO source=pipeline.go:200 msg="Prompt processing progress" processed=1983 total=1984
[GIN] 2026/09/12 - 08:58:34 | 200 |  2.575108583s |       127.0.0.1 | POST     "/api/chat"
time=2026-09-12T08:58:34.726+08:00 level=INFO source=server.go:225 msg=ServeHTTP method=POST path=/v1/completions took=2.568516208s status="200 OK"
time=2026-09-12T08:58:34.735+08:00 level=INFO source=pipeline.go:91 msg="peak memory" size="30.60 GiB"
time=2026-09-12T08:58:34.735+08:00 level=INFO source=server.go:225 msg=ServeHTTP method=GET path=/v1/status took=775.209µs status="200 OK"
time=2026-09-12T08:58:34.741+08:00 level=INFO source=prefix_cache.go:124 msg="cache hit" total=1285 matched=437 cached=179 left=1106
time=2026-09-12T08:58:35.477+08:00 level=INFO source=pipeline.go:200 msg="Prompt processing progress" processed=1105 total=1106
[GIN] 2026/09/12 - 08:58:36 | 200 |  1.920750625s |       127.0.0.1 | POST     "/api/chat"
time=2026-09-12T08:58:36.650+08:00 level=INFO source=server.go:225 msg=ServeHTTP method=POST path=/v1/completions took=1.913586833s status="200 OK"
time=2026-09-12T08:58:36.656+08:00 level=INFO source=pipeline.go:91 msg="peak memory" size="30.03 GiB"
time=2026-09-12T08:58:36.659+08:00 level=INFO source=server.go:225 msg=ServeHTTP method=GET path=/v1/status took=49.625µs status="200 OK"
time=2026-09-12T08:58:36.663+08:00 level=INFO source=prefix_cache.go:124 msg="cache hit" total=1555 matched=180 cached=179 left=1376
time=2026-09-12T08:58:37.598+08:00 level=INFO source=pipeline.go:200 msg="Prompt processing progress" processed=1375 total=1376
[GIN] 2026/09/12 - 08:58:38 | 200 |  2.113564125s |       127.0.0.1 | POST     "/api/chat"
time=2026-09-12T08:58:38.766+08:00 level=INFO source=server.go:225 msg=ServeHTTP method=POST path=/v1/completions took=2.106815667s status="200 OK"
time=2026-09-12T08:58:38.774+08:00 level=INFO source=pipeline.go:91 msg="peak memory" size="30.15 GiB"
time=2026-09-12T08:58:38.778+08:00 level=INFO source=server.go:225 msg=ServeHTTP method=GET path=/v1/status took=28.542µs status="200 OK"
time=2026-09-12T08:58:38.780+08:00 level=INFO source=prefix_cache.go:124 msg="cache hit" total=1956 matched=167 cached=167 left=1789
time=2026-09-12T08:58:39.959+08:00 level=INFO source=pipeline.go:200 msg="Prompt processing progress" processed=1788 total=1789
[GIN] 2026/09/12 - 08:58:42 | 200 |  3.434980916s |       127.0.0.1 | POST     "/api/chat"
time=2026-09-12T08:58:42.207+08:00 level=INFO source=server.go:225 msg=ServeHTTP method=POST path=/v1/completions took=3.428941291s status="200 OK"
time=2026-09-12T08:58:42.214+08:00 level=INFO source=pipeline.go:91 msg="peak memory" size="30.33 GiB"
time=2026-09-12T08:58:42.216+08:00 level=INFO source=server.go:225 msg=ServeHTTP method=GET path=/v1/status took=37.791µs status="200 OK"
time=2026-09-12T08:58:42.219+08:00 level=INFO source=prefix_cache.go:124 msg="cache hit" total=2134 matched=179 cached=167 left=1967
time=2026-09-12T08:58:43.477+08:00 level=INFO source=pipeline.go:200 msg="Prompt processing progress" processed=1966 total=1967
[GIN] 2026/09/12 - 08:58:46 | 200 |  4.586353958s |       127.0.0.1 | POST     "/api/chat"
time=2026-09-12T08:58:46.796+08:00 level=INFO source=server.go:225 msg=ServeHTTP method=POST path=/v1/completions took=4.579554291s status="200 OK"
time=2026-09-12T08:58:46.805+08:00 level=INFO source=pipeline.go:91 msg="peak memory" size="30.50 GiB"
time=2026-09-12T08:58:46.811+08:00 level=INFO source=server.go:225 msg=ServeHTTP method=GET path=/v1/status took=94.917µs status="200 OK"
time=2026-09-12T08:58:46.818+08:00 level=INFO source=prefix_cache.go:124 msg="cache hit" total=1489 matched=385 cached=179 left=1310
time=2026-09-12T08:58:47.675+08:00 level=INFO source=pipeline.go:200 msg="Prompt processing progress" processed=1309 total=1310
[GIN] 2026/09/12 - 08:58:49 | 200 |  2.995569708s |       127.0.0.1 | POST     "/api/chat"
time=2026-09-12T08:58:49.799+08:00 level=INFO source=server.go:225 msg=ServeHTTP method=POST path=/v1/completions took=2.987171667s status="200 OK"
time=2026-09-12T08:58:49.807+08:00 level=INFO source=pipeline.go:91 msg="peak memory" size="30.15 GiB"
time=2026-09-12T08:58:49.815+08:00 level=INFO source=server.go:225 msg=ServeHTTP method=GET path=/v1/status took=57.167µs status="200 OK"
time=2026-09-12T08:58:49.820+08:00 level=INFO source=prefix_cache.go:124 msg="cache hit" total=1781 matched=179 cached=179 left=1602
time=2026-09-12T08:58:50.957+08:00 level=INFO source=pipeline.go:200 msg="Prompt processing progress" processed=1601 total=1602
[GIN] 2026/09/12 - 08:58:53 | 200 |  3.379440541s |       127.0.0.1 | POST     "/api/chat"
time=2026-09-12T08:58:53.184+08:00 level=INFO source=server.go:225 msg=ServeHTTP method=POST path=/v1/completions took=3.368497791s status="200 OK"
time=2026-09-12T08:58:53.191+08:00 level=INFO source=pipeline.go:91 msg="peak memory" size="30.17 GiB"
time=2026-09-12T08:58:53.197+08:00 level=INFO source=server.go:225 msg=ServeHTTP method=GET path=/v1/status took=37.083µs status="200 OK"
time=2026-09-12T08:58:53.198+08:00 level=INFO source=prefix_cache.go:124 msg="cache hit" total=1961 matched=167 cached=167 left=1794
time=2026-09-12T08:58:54.560+08:00 level=INFO source=pipeline.go:200 msg="Prompt processing progress" processed=1793 total=1794
[GIN] 2026/09/12 - 08:58:55 | 200 |  2.737621791s |       127.0.0.1 | POST     "/api/chat"
time=2026-09-12T08:58:55.928+08:00 level=INFO source=server.go:225 msg=ServeHTTP method=POST path=/v1/completions took=2.73128325s status="200 OK"
time=2026-09-12T08:58:55.937+08:00 level=INFO source=pipeline.go:91 msg="peak memory" size="30.40 GiB"
time=2026-09-12T08:58:55.937+08:00 level=INFO source=server.go:225 msg=ServeHTTP method=GET path=/v1/status took=729.25µs status="200 OK"
time=2026-09-12T08:58:55.938+08:00 level=INFO source=prefix_cache.go:124 msg="cache hit" total=2106 matched=179 cached=167 left=1939
time=2026-09-12T08:58:57.233+08:00 level=INFO source=pipeline.go:200 msg="Prompt processing progress" processed=1938 total=1939
[GIN] 2026/09/12 - 08:58:58 | 200 |  2.568237125s |       127.0.0.1 | POST     "/api/chat"
time=2026-09-12T08:58:58.499+08:00 level=INFO source=server.go:225 msg=ServeHTTP method=POST path=/v1/completions took=2.561219458s status="200 OK"
time=2026-09-12T08:58:58.506+08:00 level=INFO source=pipeline.go:91 msg="peak memory" size="30.48 GiB"
time=2026-09-12T08:58:58.509+08:00 level=INFO source=server.go:225 msg=ServeHTTP method=GET path=/v1/status took=34µs status="200 OK"
time=2026-09-12T08:58:58.513+08:00 level=INFO source=prefix_cache.go:124 msg="cache hit" total=1600 matched=284 cached=179 left=1421
time=2026-09-12T08:58:59.237+08:00 level=INFO source=pipeline.go:200 msg="Prompt processing progress" processed=1420 total=1421
[GIN] 2026/09/12 - 08:59:00 | 200 |  1.892756792s |       127.0.0.1 | POST     "/api/chat"
time=2026-09-12T08:59:00.395+08:00 level=INFO source=server.go:225 msg=ServeHTTP method=POST path=/v1/completions took=1.886357s status="200 OK"
time=2026-09-12T08:59:00.406+08:00 level=INFO source=pipeline.go:91 msg="peak memory" size="30.06 GiB"
time=2026-09-12T08:59:00.406+08:00 level=INFO source=server.go:225 msg=ServeHTTP method=GET path=/v1/status took=684.583µs status="200 OK"
time=2026-09-12T08:59:00.411+08:00 level=INFO source=prefix_cache.go:124 msg="cache hit" total=1903 matched=264 cached=179 left=1724
time=2026-09-12T08:59:01.577+08:00 level=INFO source=pipeline.go:200 msg="Prompt processing progress" processed=1723 total=1724
[GIN] 2026/09/12 - 08:59:02 | 200 |    2.3120045s |       127.0.0.1 | POST     "/api/chat"
time=2026-09-12T08:59:02.711+08:00 level=INFO source=server.go:225 msg=ServeHTTP method=POST path=/v1/completions took=2.30476025s status="200 OK"
time=2026-09-12T08:59:02.720+08:00 level=INFO source=pipeline.go:91 msg="peak memory" size="30.36 GiB"
time=2026-09-12T08:59:02.724+08:00 level=INFO source=server.go:225 msg=ServeHTTP method=GET path=/v1/status took=32µs status="200 OK"
time=2026-09-12T08:59:02.729+08:00 level=INFO source=prefix_cache.go:124 msg="cache hit" total=1950 matched=167 cached=167 left=1783
time=2026-09-12T08:59:03.844+08:00 level=INFO source=pipeline.go:200 msg="Prompt processing progress" processed=1782 total=1783
[GIN] 2026/09/12 - 08:59:04 | 200 |  2.268126709s |       127.0.0.1 | POST     "/api/chat"
time=2026-09-12T08:59:04.986+08:00 level=INFO source=server.go:225 msg=ServeHTTP method=POST path=/v1/completions took=2.261584916s status="200 OK"
time=2026-09-12T08:59:04.994+08:00 level=INFO source=pipeline.go:91 msg="peak memory" size="30.37 GiB"
time=2026-09-12T08:59:04.996+08:00 level=INFO source=server.go:225 msg=ServeHTTP method=GET path=/v1/status took=51.333µs status="200 OK"
time=2026-09-12T08:59:04.997+08:00 level=INFO source=prefix_cache.go:124 msg="cache hit" total=2100 matched=179 cached=167 left=1933
time=2026-09-12T08:59:06.239+08:00 level=INFO source=pipeline.go:200 msg="Prompt processing progress" processed=1932 total=1933
[GIN] 2026/09/12 - 08:59:07 | 200 |  2.393800625s |       127.0.0.1 | POST     "/api/chat"
time=2026-09-12T08:59:07.383+08:00 level=INFO source=server.go:225 msg=ServeHTTP method=POST path=/v1/completions took=2.386772791s status="200 OK"
time=2026-09-12T08:59:07.392+08:00 level=INFO source=pipeline.go:91 msg="peak memory" size="30.50 GiB"
time=2026-09-12T08:59:07.393+08:00 level=INFO source=server.go:225 msg=ServeHTTP method=GET path=/v1/status took=36.458µs status="200 OK"
time=2026-09-12T08:59:07.398+08:00 level=INFO source=prefix_cache.go:124 msg="cache hit" total=1694 matched=279 cached=179 left=1515
time=2026-09-12T08:59:08.350+08:00 level=INFO source=pipeline.go:200 msg="Prompt processing progress" processed=1514 total=1515
[GIN] 2026/09/12 - 08:59:09 | 200 |  2.158600541s |       127.0.0.1 | POST     "/api/chat"
time=2026-09-12T08:59:09.545+08:00 level=INFO source=server.go:225 msg=ServeHTTP method=POST path=/v1/completions took=2.151794875s status="200 OK"
time=2026-09-12T08:59:09.554+08:00 level=INFO source=pipeline.go:91 msg="peak memory" size="30.15 GiB"
time=2026-09-12T08:59:09.558+08:00 level=INFO source=server.go:225 msg=ServeHTTP method=GET path=/v1/status took=78.584µs status="200 OK"
time=2026-09-12T08:59:09.566+08:00 level=INFO source=prefix_cache.go:124 msg="cache hit" total=1891 matched=265 cached=179 left=1712
time=2026-09-12T08:59:10.816+08:00 level=INFO source=pipeline.go:200 msg="Prompt processing progress" processed=1711 total=1712
[GIN] 2026/09/12 - 08:59:12 | 200 |  2.584995042s |       127.0.0.1 | POST     "/api/chat"
time=2026-09-12T08:59:12.135+08:00 level=INFO source=server.go:225 msg=ServeHTTP method=POST path=/v1/completions took=2.576688125s status="200 OK"
time=2026-09-12T08:59:12.144+08:00 level=INFO source=pipeline.go:91 msg="peak memory" size="30.35 GiB"
time=2026-09-12T08:59:12.149+08:00 level=INFO source=server.go:225 msg=ServeHTTP method=GET path=/v1/status took=32.375µs status="200 OK"
time=2026-09-12T08:59:12.155+08:00 level=INFO source=prefix_cache.go:124 msg="cache hit" total=1900 matched=166 cached=166 left=1734
time=2026-09-12T08:59:13.434+08:00 level=INFO source=pipeline.go:200 msg="Prompt processing progress" processed=1733 total=1734
[GIN] 2026/09/12 - 08:59:14 | 200 |  2.680981084s |       127.0.0.1 | POST     "/api/chat"
time=2026-09-12T08:59:14.824+08:00 level=INFO source=server.go:225 msg=ServeHTTP method=POST path=/v1/completions took=2.6746685s status="200 OK"
time=2026-09-12T08:59:14.831+08:00 level=INFO source=pipeline.go:91 msg="peak memory" size="30.33 GiB"
time=2026-09-12T08:59:14.834+08:00 level=INFO source=server.go:225 msg=ServeHTTP method=GET path=/v1/status took=29.667µs status="200 OK"
time=2026-09-12T08:59:14.835+08:00 level=INFO source=prefix_cache.go:124 msg="cache hit" total=2095 matched=179 cached=166 left=1929
time=2026-09-12T08:59:16.091+08:00 level=INFO source=pipeline.go:200 msg="Prompt processing progress" processed=1928 total=1929
[GIN] 2026/09/12 - 08:59:18 | 200 |  3.340182583s |       127.0.0.1 | POST     "/api/chat"
time=2026-09-12T08:59:18.167+08:00 level=INFO source=server.go:225 msg=ServeHTTP method=POST path=/v1/completions took=3.333178167s status="200 OK"
time=2026-09-12T08:59:18.185+08:00 level=INFO source=pipeline.go:91 msg="peak memory" size="30.46 GiB"
time=2026-09-12T08:59:18.185+08:00 level=INFO source=server.go:225 msg=ServeHTTP method=GET path=/v1/status took=478.083µs status="200 OK"
time=2026-09-12T08:59:18.187+08:00 level=INFO source=prefix_cache.go:124 msg="cache hit" total=1955 matched=542 cached=179 left=1776
time=2026-09-12T08:59:19.458+08:00 level=INFO source=pipeline.go:200 msg="Prompt processing progress" processed=1775 total=1776
[GIN] 2026/09/12 - 08:59:20 | 200 |  2.685096458s |       127.0.0.1 | POST     "/api/chat"
time=2026-09-12T08:59:20.859+08:00 level=INFO source=server.go:225 msg=ServeHTTP method=POST path=/v1/completions took=2.673714333s status="200 OK"
time=2026-09-12T08:59:20.869+08:00 level=INFO source=pipeline.go:91 msg="peak memory" size="30.42 GiB"
time=2026-09-12T08:59:20.881+08:00 level=INFO source=server.go:225 msg=ServeHTTP method=GET path=/v1/status took=65µs status="200 OK"
time=2026-09-12T08:59:20.882+08:00 level=INFO source=prefix_cache.go:124 msg="cache hit" total=1949 matched=180 cached=179 left=1770
time=2026-09-12T08:59:22.225+08:00 level=INFO source=pipeline.go:200 msg="Prompt processing progress" processed=1769 total=1770
[GIN] 2026/09/12 - 08:59:23 | 200 |  2.760110875s |       127.0.0.1 | POST     "/api/chat"
time=2026-09-12T08:59:23.635+08:00 level=INFO source=server.go:225 msg=ServeHTTP method=POST path=/v1/completions took=2.753794s status="200 OK"
time=2026-09-12T08:59:23.646+08:00 level=INFO source=pipeline.go:91 msg="peak memory" size="30.43 GiB"
time=2026-09-12T08:59:23.656+08:00 level=INFO source=server.go:225 msg=ServeHTTP method=GET path=/v1/status took=49.791µs status="200 OK"
time=2026-09-12T08:59:23.661+08:00 level=INFO source=prefix_cache.go:124 msg="cache hit" total=1946 matched=167 cached=166 left=1780
time=2026-09-12T08:59:25.011+08:00 level=INFO source=pipeline.go:200 msg="Prompt processing progress" processed=1779 total=1780
[GIN] 2026/09/12 - 08:59:26 | 200 |  2.635885375s |       127.0.0.1 | POST     "/api/chat"
time=2026-09-12T08:59:26.285+08:00 level=INFO source=server.go:225 msg=ServeHTTP method=POST path=/v1/completions took=2.628491292s status="200 OK"
time=2026-09-12T08:59:26.294+08:00 level=INFO source=pipeline.go:91 msg="peak memory" size="30.40 GiB"
time=2026-09-12T08:59:26.294+08:00 level=INFO source=server.go:225 msg=ServeHTTP method=GET path=/v1/status took=529.25µs status="200 OK"
time=2026-09-12T08:59:26.297+08:00 level=INFO source=prefix_cache.go:124 msg="cache hit" total=2095 matched=179 cached=167 left=1928
time=2026-09-12T08:59:27.719+08:00 level=INFO source=pipeline.go:200 msg="Prompt processing progress" processed=1927 total=1928
[GIN] 2026/09/12 - 08:59:29 | 200 |  3.469770167s |       127.0.0.1 | POST     "/api/chat"
time=2026-09-12T08:59:29.757+08:00 level=INFO source=server.go:225 msg=ServeHTTP method=POST path=/v1/completions took=3.462724291s status="200 OK"
time=2026-09-12T08:59:29.764+08:00 level=INFO source=pipeline.go:91 msg="peak memory" size="30.41 GiB"
time=2026-09-12T08:59:29.770+08:00 level=INFO source=server.go:225 msg=ServeHTTP method=GET path=/v1/status took=63.125µs status="200 OK"
time=2026-09-12T08:59:29.772+08:00 level=INFO source=prefix_cache.go:124 msg="cache hit" total=1897 matched=180 cached=179 left=1718
time=2026-09-12T08:59:31.053+08:00 level=INFO source=pipeline.go:200 msg="Prompt processing progress" processed=1717 total=1718
time=2026-09-12T08:59:32.405+08:00 level=INFO source=server.go:225 msg=ServeHTTP method=POST path=/v1/completions took=2.635215625s status="200 OK"
[GIN] 2026/09/12 - 08:59:32 | 200 |  2.642642708s |       127.0.0.1 | POST     "/api/chat"
time=2026-09-12T08:59:32.415+08:00 level=INFO source=pipeline.go:91 msg="peak memory" size="30.39 GiB"
time=2026-09-12T08:59:32.421+08:00 level=INFO source=server.go:225 msg=ServeHTTP method=GET path=/v1/status took=52.541µs status="200 OK"
time=2026-09-12T08:59:32.425+08:00 level=INFO source=prefix_cache.go:124 msg="cache hit" total=1947 matched=266 cached=180 left=1767
time=2026-09-12T08:59:33.911+08:00 level=INFO source=pipeline.go:200 msg="Prompt processing progress" processed=1766 total=1767
[GIN] 2026/09/12 - 08:59:35 | 200 |   2.82085825s |       127.0.0.1 | POST     "/api/chat"
time=2026-09-12T08:59:35.234+08:00 level=INFO source=server.go:225 msg=ServeHTTP method=POST path=/v1/completions took=2.812190375s status="200 OK"
time=2026-09-12T08:59:35.244+08:00 level=INFO source=pipeline.go:91 msg="peak memory" size="30.39 GiB"
time=2026-09-12T08:59:35.259+08:00 level=INFO source=server.go:225 msg=ServeHTTP method=GET path=/v1/status took=191.583µs status="200 OK"
time=2026-09-12T08:59:35.263+08:00 level=INFO source=prefix_cache.go:124 msg="cache hit" total=1859 matched=166 cached=166 left=1693
time=2026-09-12T08:59:36.572+08:00 level=INFO source=pipeline.go:200 msg="Prompt processing progress" processed=1692 total=1693
[GIN] 2026/09/12 - 08:59:38 | 200 |  2.847559084s |       127.0.0.1 | POST     "/api/chat"
time=2026-09-12T08:59:38.097+08:00 level=INFO source=server.go:225 msg=ServeHTTP method=POST path=/v1/completions took=2.837734375s status="200 OK"
time=2026-09-12T08:59:38.106+08:00 level=INFO source=pipeline.go:91 msg="peak memory" size="30.29 GiB"
time=2026-09-12T08:59:38.110+08:00 level=INFO source=server.go:225 msg=ServeHTTP method=GET path=/v1/status took=115.458µs status="200 OK"
time=2026-09-12T08:59:38.112+08:00 level=INFO source=prefix_cache.go:124 msg="cache hit" total=2095 matched=179 cached=166 left=1929
time=2026-09-12T08:59:39.606+08:00 level=INFO source=pipeline.go:200 msg="Prompt processing progress" processed=1928 total=1929
[GIN] 2026/09/12 - 08:59:41 | 200 |  3.016367291s |       127.0.0.1 | POST     "/api/chat"
time=2026-09-12T08:59:41.117+08:00 level=INFO source=server.go:225 msg=ServeHTTP method=POST path=/v1/completions took=3.006651375s status="200 OK"
time=2026-09-12T08:59:41.129+08:00 level=INFO source=pipeline.go:91 msg="peak memory" size="30.51 GiB"
time=2026-09-12T08:59:41.136+08:00 level=INFO source=server.go:225 msg=ServeHTTP method=GET path=/v1/status took=52.875µs status="200 OK"
time=2026-09-12T08:59:41.140+08:00 level=INFO source=prefix_cache.go:124 msg="cache hit" total=1902 matched=283 cached=179 left=1723
time=2026-09-12T08:59:42.421+08:00 level=INFO source=pipeline.go:200 msg="Prompt processing progress" processed=1722 total=1723
[GIN] 2026/09/12 - 08:59:43 | 200 |  2.839905708s |       127.0.0.1 | POST     "/api/chat"
time=2026-09-12T08:59:43.967+08:00 level=INFO source=server.go:225 msg=ServeHTTP method=POST path=/v1/completions took=2.82979375s status="200 OK"
time=2026-09-12T08:59:43.980+08:00 level=INFO source=pipeline.go:91 msg="peak memory" size="30.32 GiB"
time=2026-09-12T08:59:43.988+08:00 level=INFO source=server.go:225 msg=ServeHTTP method=GET path=/v1/status took=74.834µs status="200 OK"
time=2026-09-12T08:59:43.991+08:00 level=INFO source=prefix_cache.go:124 msg="cache hit" total=1950 matched=267 cached=179 left=1771
time=2026-09-12T08:59:45.291+08:00 level=INFO source=pipeline.go:200 msg="Prompt processing progress" processed=1770 total=1771
[GIN] 2026/09/12 - 08:59:46 | 200 |  2.917212208s |       127.0.0.1 | POST     "/api/chat"
time=2026-09-12T08:59:46.895+08:00 level=INFO source=server.go:225 msg=ServeHTTP method=POST path=/v1/completions took=2.906746792s status="200 OK"
time=2026-09-12T08:59:46.910+08:00 level=INFO source=pipeline.go:91 msg="peak memory" size="30.39 GiB"
time=2026-09-12T08:59:46.931+08:00 level=INFO source=server.go:225 msg=ServeHTTP method=GET path=/v1/status took=76.709µs status="200 OK"
time=2026-09-12T08:59:46.943+08:00 level=INFO source=prefix_cache.go:124 msg="cache hit" total=1858 matched=1841 cached=283 left=1575
time=2026-09-12T08:59:48.079+08:00 level=INFO source=pipeline.go:200 msg="Prompt processing progress" processed=1574 total=1575
[GIN] 2026/09/12 - 08:59:48 | 200 |  1.830175708s |       127.0.0.1 | POST     "/api/chat"
time=2026-09-12T08:59:48.751+08:00 level=INFO source=server.go:225 msg=ServeHTTP method=POST path=/v1/completions took=1.818939291s status="200 OK"
time=2026-09-12T08:59:48.760+08:00 level=INFO source=pipeline.go:91 msg="peak memory" size="30.16 GiB"
time=2026-09-12T08:59:48.767+08:00 level=INFO source=server.go:225 msg=ServeHTTP method=GET path=/v1/status took=135.667µs status="200 OK"
time=2026-09-12T08:59:48.771+08:00 level=INFO source=prefix_cache.go:124 msg="cache hit" total=2094 matched=2077 cached=179 left=1915
time=2026-09-12T08:59:50.190+08:00 level=INFO source=pipeline.go:200 msg="Prompt processing progress" processed=1914 total=1915
[GIN] 2026/09/12 - 08:59:51 | 200 |  2.994465833s |       127.0.0.1 | POST     "/api/chat"
time=2026-09-12T08:59:51.750+08:00 level=INFO source=server.go:225 msg=ServeHTTP method=POST path=/v1/completions took=2.982385667s status="200 OK"
time=2026-09-12T08:59:51.759+08:00 level=INFO source=pipeline.go:91 msg="peak memory" size="30.42 GiB"
time=2026-09-12T08:59:51.771+08:00 level=INFO source=server.go:225 msg=ServeHTTP method=GET path=/v1/status took=93µs status="200 OK"
time=2026-09-12T08:59:51.774+08:00 level=INFO source=prefix_cache.go:124 msg="cache hit" total=1898 matched=181 cached=179 left=1719
time=2026-09-12T08:59:52.957+08:00 level=INFO source=pipeline.go:200 msg="Prompt processing progress" processed=1718 total=1719
[GIN] 2026/09/12 - 08:59:54 | 200 |  2.596963833s |       127.0.0.1 | POST     "/api/chat"
time=2026-09-12T08:59:54.357+08:00 level=INFO source=server.go:225 msg=ServeHTTP method=POST path=/v1/completions took=2.586201583s status="200 OK"
time=2026-09-12T08:59:54.374+08:00 level=INFO source=pipeline.go:91 msg="peak memory" size="30.36 GiB"
time=2026-09-12T08:59:54.383+08:00 level=INFO source=server.go:225 msg=ServeHTTP method=GET path=/v1/status took=117.5µs status="200 OK"
time=2026-09-12T08:59:54.387+08:00 level=INFO source=prefix_cache.go:124 msg="cache hit" total=1893 matched=264 cached=181 left=1712
time=2026-09-12T08:59:55.572+08:00 level=INFO source=pipeline.go:200 msg="Prompt processing progress" processed=1711 total=1712
[GIN] 2026/09/12 - 08:59:56 | 200 |  2.557191083s |       127.0.0.1 | POST     "/api/chat"
time=2026-09-12T08:59:56.929+08:00 level=INFO source=server.go:225 msg=ServeHTTP method=POST path=/v1/completions took=2.545374708s status="200 OK"
time=2026-09-12T08:59:56.939+08:00 level=INFO source=pipeline.go:91 msg="peak memory" size="30.38 GiB"
time=2026-09-12T08:59:56.963+08:00 level=INFO source=server.go:225 msg=ServeHTTP method=GET path=/v1/status took=65.25µs status="200 OK"
time=2026-09-12T08:59:56.970+08:00 level=INFO source=prefix_cache.go:124 msg="cache hit" total=1864 matched=1839 cached=283 left=1581
time=2026-09-12T08:59:58.053+08:00 level=INFO source=pipeline.go:200 msg="Prompt processing progress" processed=1580 total=1581
[GIN] 2026/09/12 - 09:00:00 | 200 |  3.532253667s |       127.0.0.1 | POST     "/api/chat"
time=2026-09-12T09:00:00.485+08:00 level=INFO source=server.go:225 msg=ServeHTTP method=POST path=/v1/completions took=3.521653333s status="200 OK"
time=2026-09-12T09:00:00.496+08:00 level=INFO source=pipeline.go:91 msg="peak memory" size="30.21 GiB"
time=2026-09-12T09:00:00.498+08:00 level=INFO source=server.go:225 msg=ServeHTTP method=GET path=/v1/status took=48.709µs status="200 OK"
time=2026-09-12T09:00:00.500+08:00 level=INFO source=prefix_cache.go:124 msg="cache hit" total=2100 matched=2075 cached=179 left=1921
time=2026-09-12T09:00:01.849+08:00 level=INFO source=pipeline.go:200 msg="Prompt processing progress" processed=1920 total=1921
[GIN] 2026/09/12 - 09:00:06 | 200 |  6.026457542s |       127.0.0.1 | POST     "/api/chat"
time=2026-09-12T09:00:06.515+08:00 level=INFO source=server.go:225 msg=ServeHTTP method=POST path=/v1/completions took=6.01625325s status="200 OK"
time=2026-09-12T09:00:06.529+08:00 level=INFO source=pipeline.go:91 msg="peak memory" size="30.48 GiB"
time=2026-09-12T09:00:06.534+08:00 level=INFO source=server.go:225 msg=ServeHTTP method=GET path=/v1/status took=102.417µs status="200 OK"
time=2026-09-12T09:00:06.541+08:00 level=INFO source=prefix_cache.go:124 msg="cache hit" total=1180 matched=180 cached=179 left=1001
time=2026-09-12T09:00:07.288+08:00 level=INFO source=pipeline.go:200 msg="Prompt processing progress" processed=1000 total=1001
time=2026-09-12T09:00:08.787+08:00 level=INFO source=server.go:225 msg=ServeHTTP method=POST path=/v1/completions took=2.25251625s status="200 OK"
[GIN] 2026/09/12 - 09:00:08 | 200 |  2.264714667s |       127.0.0.1 | POST     "/api/chat"
time=2026-09-12T09:00:08.796+08:00 level=INFO source=pipeline.go:91 msg="peak memory" size="29.91 GiB"
time=2026-09-12T09:00:08.806+08:00 level=INFO source=server.go:225 msg=ServeHTTP method=GET path=/v1/status took=99.708µs status="200 OK"
time=2026-09-12T09:00:08.813+08:00 level=INFO source=prefix_cache.go:124 msg="cache hit" total=1609 matched=264 cached=180 left=1429
time=2026-09-12T09:00:09.861+08:00 level=INFO source=pipeline.go:200 msg="Prompt processing progress" processed=1428 total=1429
[GIN] 2026/09/12 - 09:00:11 | 200 |  2.462682167s |       127.0.0.1 | POST     "/api/chat"
time=2026-09-12T09:00:11.257+08:00 level=INFO source=server.go:225 msg=ServeHTTP method=POST path=/v1/completions took=2.449854375s status="200 OK"
time=2026-09-12T09:00:11.269+08:00 level=INFO source=pipeline.go:91 msg="peak memory" size="30.08 GiB"
time=2026-09-12T09:00:11.293+08:00 level=INFO source=server.go:225 msg=ServeHTTP method=GET path=/v1/status took=125.667µs status="200 OK"
time=2026-09-12T09:00:11.322+08:00 level=INFO source=prefix_cache.go:124 msg="cache hit" total=1856 matched=1841 cached=1841 left=15
time=2026-09-12T09:00:11.485+08:00 level=INFO source=pipeline.go:200 msg="Prompt processing progress" processed=14 total=15
[GIN] 2026/09/12 - 09:00:11 | 200 |  677.624583ms |       127.0.0.1 | POST     "/api/chat"
time=2026-09-12T09:00:11.959+08:00 level=INFO source=server.go:225 msg=ServeHTTP method=POST path=/v1/completions took=665.940958ms status="200 OK"
time=2026-09-12T09:00:11.968+08:00 level=INFO source=pipeline.go:91 msg="peak memory" size="28.99 GiB"
time=2026-09-12T09:00:11.975+08:00 level=INFO source=server.go:225 msg=ServeHTTP method=GET path=/v1/status took=81.417µs status="200 OK"
time=2026-09-12T09:00:11.992+08:00 level=INFO source=prefix_cache.go:124 msg="cache hit" total=2092 matched=2077 cached=2077 left=15
time=2026-09-12T09:00:12.061+08:00 level=INFO source=pipeline.go:200 msg="Prompt processing progress" processed=14 total=15
[GIN] 2026/09/12 - 09:00:13 | 200 |  1.508901125s |       127.0.0.1 | POST     "/api/chat"
time=2026-09-12T09:00:13.473+08:00 level=INFO source=server.go:225 msg=ServeHTTP method=POST path=/v1/completions took=1.497311708s status="200 OK"
time=2026-09-12T09:00:13.481+08:00 level=INFO source=pipeline.go:91 msg="peak memory" size="28.73 GiB"
time=2026-09-12T09:00:13.495+08:00 level=INFO source=server.go:225 msg=ServeHTTP method=GET path=/v1/status took=94.666µs status="200 OK"
time=2026-09-12T09:00:13.497+08:00 level=INFO source=prefix_cache.go:124 msg="cache hit" total=1895 matched=180 cached=180 left=1715
time=2026-09-12T09:00:14.747+08:00 level=INFO source=pipeline.go:200 msg="Prompt processing progress" processed=1714 total=1715
[GIN] 2026/09/12 - 09:00:16 | 200 |  2.656782208s |       127.0.0.1 | POST     "/api/chat"
time=2026-09-12T09:00:16.141+08:00 level=INFO source=server.go:225 msg=ServeHTTP method=POST path=/v1/completions took=2.645265s status="200 OK"
time=2026-09-12T09:00:16.150+08:00 level=INFO source=pipeline.go:91 msg="peak memory" size="30.31 GiB"
time=2026-09-12T09:00:16.161+08:00 level=INFO source=server.go:225 msg=ServeHTTP method=GET path=/v1/status took=47.75µs status="200 OK"
time=2026-09-12T09:00:16.166+08:00 level=INFO source=prefix_cache.go:124 msg="cache hit" total=1949 matched=269 cached=180 left=1769
time=2026-09-12T09:00:17.370+08:00 level=INFO source=pipeline.go:200 msg="Prompt processing progress" processed=1768 total=1769
time=2026-09-12T09:00:18.606+08:00 level=INFO source=server.go:225 msg=ServeHTTP method=POST path=/v1/completions took=2.445075125s status="200 OK"
[GIN] 2026/09/12 - 09:00:18 | 200 |  2.455367916s |       127.0.0.1 | POST     "/api/chat"
time=2026-09-12T09:00:18.615+08:00 level=INFO source=pipeline.go:91 msg="peak memory" size="30.44 GiB"
time=2026-09-12T09:00:18.627+08:00 level=INFO source=server.go:225 msg=ServeHTTP method=GET path=/v1/status took=38.083µs status="200 OK"
time=2026-09-12T09:00:18.629+08:00 level=INFO source=prefix_cache.go:124 msg="cache hit" total=1901 matched=167 cached=166 left=1735
time=2026-09-12T09:00:19.783+08:00 level=INFO source=pipeline.go:200 msg="Prompt processing progress" processed=1734 total=1735
[GIN] 2026/09/12 - 09:00:20 | 200 |  2.338513083s |       127.0.0.1 | POST     "/api/chat"
time=2026-09-12T09:00:20.959+08:00 level=INFO source=server.go:225 msg=ServeHTTP method=POST path=/v1/completions took=2.331558208s status="200 OK"
time=2026-09-12T09:00:20.967+08:00 level=INFO source=pipeline.go:91 msg="peak memory" size="30.34 GiB"
time=2026-09-12T09:00:20.969+08:00 level=INFO source=server.go:225 msg=ServeHTTP method=GET path=/v1/status took=46µs status="200 OK"
time=2026-09-12T09:00:20.971+08:00 level=INFO source=prefix_cache.go:124 msg="cache hit" total=2096 matched=179 cached=167 left=1929
time=2026-09-12T09:00:22.266+08:00 level=INFO source=pipeline.go:200 msg="Prompt processing progress" processed=1928 total=1929
[GIN] 2026/09/12 - 09:00:23 | 200 |  2.563522125s |       127.0.0.1 | POST     "/api/chat"
time=2026-09-12T09:00:23.527+08:00 level=INFO source=server.go:225 msg=ServeHTTP method=POST path=/v1/completions took=2.556827s status="200 OK"
time=2026-09-12T09:00:23.536+08:00 level=INFO source=pipeline.go:91 msg="peak memory" size="30.50 GiB"
time=2026-09-12T09:00:23.538+08:00 level=INFO source=server.go:225 msg=ServeHTTP method=GET path=/v1/status took=39.833µs status="200 OK"
time=2026-09-12T09:00:23.542+08:00 level=INFO source=prefix_cache.go:124 msg="cache hit" total=1946 matched=180 cached=179 left=1767
time=2026-09-12T09:00:24.715+08:00 level=INFO source=pipeline.go:200 msg="Prompt processing progress" processed=1766 total=1767
[GIN] 2026/09/12 - 09:00:25 | 200 |  2.465953708s |       127.0.0.1 | POST     "/api/chat"
time=2026-09-12T09:00:25.998+08:00 level=INFO source=server.go:225 msg=ServeHTTP method=POST path=/v1/completions took=2.459393958s status="200 OK"
time=2026-09-12T09:00:26.008+08:00 level=INFO source=pipeline.go:91 msg="peak memory" size="30.44 GiB"
time=2026-09-12T09:00:26.010+08:00 level=INFO source=server.go:225 msg=ServeHTTP method=GET path=/v1/status took=36.208µs status="200 OK"
time=2026-09-12T09:00:26.014+08:00 level=INFO source=prefix_cache.go:124 msg="cache hit" total=1882 matched=266 cached=180 left=1702
time=2026-09-12T09:00:27.157+08:00 level=INFO source=pipeline.go:200 msg="Prompt processing progress" processed=1701 total=1702
[GIN] 2026/09/12 - 09:00:28 | 200 |  2.398198541s |       127.0.0.1 | POST     "/api/chat"
time=2026-09-12T09:00:28.402+08:00 level=INFO source=server.go:225 msg=ServeHTTP method=POST path=/v1/completions took=2.391782166s status="200 OK"
time=2026-09-12T09:00:28.411+08:00 level=INFO source=pipeline.go:91 msg="peak memory" size="30.33 GiB"
time=2026-09-12T09:00:28.420+08:00 level=INFO source=server.go:225 msg=ServeHTTP method=GET path=/v1/status took=39.833µs status="200 OK"
time=2026-09-12T09:00:28.423+08:00 level=INFO source=prefix_cache.go:124 msg="cache hit" total=1902 matched=1887 cached=266 left=1636
time=2026-09-12T09:00:29.516+08:00 level=INFO source=pipeline.go:200 msg="Prompt processing progress" processed=1635 total=1636
[GIN] 2026/09/12 - 09:00:30 | 200 |  2.563211916s |       127.0.0.1 | POST     "/api/chat"
time=2026-09-12T09:00:30.977+08:00 level=INFO source=server.go:225 msg=ServeHTTP method=POST path=/v1/completions took=2.557160959s status="200 OK"
time=2026-09-12T09:00:30.986+08:00 level=INFO source=pipeline.go:91 msg="peak memory" size="30.27 GiB"
time=2026-09-12T09:00:30.986+08:00 level=INFO source=server.go:225 msg=ServeHTTP method=GET path=/v1/status took=219µs status="200 OK"
time=2026-09-12T09:00:30.990+08:00 level=INFO source=prefix_cache.go:124 msg="cache hit" total=2097 matched=2082 cached=179 left=1918
time=2026-09-12T09:00:32.341+08:00 level=INFO source=pipeline.go:200 msg="Prompt processing progress" processed=1917 total=1918
[GIN] 2026/09/12 - 09:00:33 | 200 |  2.676395125s |       127.0.0.1 | POST     "/api/chat"
time=2026-09-12T09:00:33.656+08:00 level=INFO source=server.go:225 msg=ServeHTTP method=POST path=/v1/completions took=2.669956167s status="200 OK"
time=2026-09-12T09:00:33.662+08:00 level=INFO source=pipeline.go:91 msg="peak memory" size="30.48 GiB"
time=2026-09-12T09:00:33.667+08:00 level=INFO source=server.go:225 msg=ServeHTTP method=GET path=/v1/status took=37.583µs status="200 OK"
time=2026-09-12T09:00:33.675+08:00 level=INFO source=prefix_cache.go:124 msg="cache hit" total=1947 matched=181 cached=180 left=1767
time=2026-09-12T09:00:34.858+08:00 level=INFO source=pipeline.go:200 msg="Prompt processing progress" processed=1766 total=1767
[GIN] 2026/09/12 - 09:00:36 | 200 |  2.554396708s |       127.0.0.1 | POST     "/api/chat"
time=2026-09-12T09:00:36.215+08:00 level=INFO source=server.go:225 msg=ServeHTTP method=POST path=/v1/completions took=2.547582375s status="200 OK"
time=2026-09-12T09:00:36.222+08:00 level=INFO source=pipeline.go:91 msg="peak memory" size="30.38 GiB"
time=2026-09-12T09:00:36.229+08:00 level=INFO source=server.go:225 msg=ServeHTTP method=GET path=/v1/status took=39.75µs status="200 OK"
time=2026-09-12T09:00:36.235+08:00 level=INFO source=prefix_cache.go:124 msg="cache hit" total=1883 matched=344 cached=266 left=1617
time=2026-09-12T09:00:37.383+08:00 level=INFO source=pipeline.go:200 msg="Prompt processing progress" processed=1616 total=1617
time=2026-09-12T09:00:38.455+08:00 level=INFO source=server.go:225 msg=ServeHTTP method=POST path=/v1/completions took=2.226011625s status="200 OK"
[GIN] 2026/09/12 - 09:00:38 | 200 |  2.233105333s |       127.0.0.1 | POST     "/api/chat"
time=2026-09-12T09:00:38.462+08:00 level=INFO source=pipeline.go:91 msg="peak memory" size="30.25 GiB"
time=2026-09-12T09:00:38.474+08:00 level=INFO source=server.go:225 msg=ServeHTTP method=GET path=/v1/status took=44.25µs status="200 OK"
time=2026-09-12T09:00:38.476+08:00 level=INFO source=prefix_cache.go:124 msg="cache hit" total=1904 matched=167 cached=167 left=1737
time=2026-09-12T09:00:39.685+08:00 level=INFO source=pipeline.go:200 msg="Prompt processing progress" processed=1736 total=1737
[GIN] 2026/09/12 - 09:00:40 | 200 |  2.317358834s |       127.0.0.1 | POST     "/api/chat"
time=2026-09-12T09:00:40.785+08:00 level=INFO source=server.go:225 msg=ServeHTTP method=POST path=/v1/completions took=2.310772334s status="200 OK"
time=2026-09-12T09:00:40.793+08:00 level=INFO source=pipeline.go:91 msg="peak memory" size="30.27 GiB"
time=2026-09-12T09:00:40.794+08:00 level=INFO source=server.go:225 msg=ServeHTTP method=GET path=/v1/status took=39.5µs status="200 OK"
time=2026-09-12T09:00:40.796+08:00 level=INFO source=prefix_cache.go:124 msg="cache hit" total=2099 matched=179 cached=167 left=1932
time=2026-09-12T09:00:42.066+08:00 level=INFO source=pipeline.go:200 msg="Prompt processing progress" processed=1931 total=1932
[GIN] 2026/09/12 - 09:00:43 | 200 |  2.477695166s |       127.0.0.1 | POST     "/api/chat"
time=2026-09-12T09:00:43.265+08:00 level=INFO source=server.go:225 msg=ServeHTTP method=POST path=/v1/completions took=2.471244125s status="200 OK"
time=2026-09-12T09:00:43.274+08:00 level=INFO source=pipeline.go:91 msg="peak memory" size="30.42 GiB"
time=2026-09-12T09:00:43.276+08:00 level=INFO source=server.go:225 msg=ServeHTTP method=GET path=/v1/status took=34.583µs status="200 OK"
time=2026-09-12T09:00:43.278+08:00 level=INFO source=prefix_cache.go:124 msg="cache hit" total=1444 matched=288 cached=179 left=1265
time=2026-09-12T09:00:44.184+08:00 level=INFO source=pipeline.go:200 msg="Prompt processing progress" processed=1264 total=1265
[GIN] 2026/09/12 - 09:00:45 | 200 |  2.145081416s |       127.0.0.1 | POST     "/api/chat"
time=2026-09-12T09:00:45.416+08:00 level=INFO source=server.go:225 msg=ServeHTTP method=POST path=/v1/completions took=2.138328083s status="200 OK"
time=2026-09-12T09:00:45.423+08:00 level=INFO source=pipeline.go:91 msg="peak memory" size="30.03 GiB"
time=2026-09-12T09:00:45.424+08:00 level=INFO source=server.go:225 msg=ServeHTTP method=GET path=/v1/status took=30.083µs status="200 OK"
time=2026-09-12T09:00:45.428+08:00 level=INFO source=prefix_cache.go:124 msg="cache hit" total=317 matched=265 cached=179 left=138
time=2026-09-12T09:00:45.636+08:00 level=INFO source=pipeline.go:200 msg="Prompt processing progress" processed=137 total=138
[GIN] 2026/09/12 - 09:00:46 | 200 |  1.239999083s |       127.0.0.1 | POST     "/api/chat"
time=2026-09-12T09:00:46.660+08:00 level=INFO source=server.go:225 msg=ServeHTTP method=POST path=/v1/completions took=1.233299s status="200 OK"
time=2026-09-12T09:00:46.668+08:00 level=INFO source=pipeline.go:91 msg="peak memory" size="28.90 GiB"
time=2026-09-12T09:00:46.680+08:00 level=INFO source=server.go:225 msg=ServeHTTP method=GET path=/v1/status took=38.458µs status="200 OK"
time=2026-09-12T09:00:46.685+08:00 level=INFO source=prefix_cache.go:124 msg="cache hit" total=1858 matched=167 cached=167 left=1691
time=2026-09-12T09:00:47.925+08:00 level=INFO source=pipeline.go:200 msg="Prompt processing progress" processed=1690 total=1691
[GIN] 2026/09/12 - 09:00:50 | 200 |  3.604976708s |       127.0.0.1 | POST     "/api/chat"
time=2026-09-12T09:00:50.284+08:00 level=INFO source=server.go:225 msg=ServeHTTP method=POST path=/v1/completions took=3.597844792s status="200 OK"
time=2026-09-12T09:00:50.292+08:00 level=INFO source=pipeline.go:91 msg="peak memory" size="30.28 GiB"
time=2026-09-12T09:00:50.297+08:00 level=INFO source=server.go:225 msg=ServeHTTP method=GET path=/v1/status took=40.708µs status="200 OK"
time=2026-09-12T09:00:50.301+08:00 level=INFO source=prefix_cache.go:124 msg="cache hit" total=2080 matched=179 cached=167 left=1913
time=2026-09-12T09:00:51.677+08:00 level=INFO source=pipeline.go:200 msg="Prompt processing progress" processed=1912 total=1913
[GIN] 2026/09/12 - 09:00:52 | 200 |  2.700946875s |       127.0.0.1 | POST     "/api/chat"
time=2026-09-12T09:00:52.996+08:00 level=INFO source=server.go:225 msg=ServeHTTP method=POST path=/v1/completions took=2.694516583s status="200 OK"
time=2026-09-12T09:00:53.005+08:00 level=INFO source=pipeline.go:91 msg="peak memory" size="30.46 GiB"
time=2026-09-12T09:00:53.008+08:00 level=INFO source=server.go:225 msg=ServeHTTP method=GET path=/v1/status took=44.625µs status="200 OK"
time=2026-09-12T09:00:53.012+08:00 level=INFO source=prefix_cache.go:124 msg="cache hit" total=2000 matched=337 cached=179 left=1821
time=2026-09-12T09:00:54.247+08:00 level=INFO source=pipeline.go:200 msg="Prompt processing progress" processed=1820 total=1821
[GIN] 2026/09/12 - 09:00:56 | 200 |  3.529228042s |       127.0.0.1 | POST     "/api/chat"
time=2026-09-12T09:00:56.535+08:00 level=INFO source=server.go:225 msg=ServeHTTP method=POST path=/v1/completions took=3.522665708s status="200 OK"
time=2026-09-12T09:00:56.544+08:00 level=INFO source=pipeline.go:91 msg="peak memory" size="30.47 GiB"
time=2026-09-12T09:00:56.548+08:00 level=INFO source=server.go:225 msg=ServeHTTP method=GET path=/v1/status took=36.875µs status="200 OK"
time=2026-09-12T09:00:56.551+08:00 level=INFO source=prefix_cache.go:124 msg="cache hit" total=1946 matched=180 cached=179 left=1767
time=2026-09-12T09:00:57.742+08:00 level=INFO source=pipeline.go:200 msg="Prompt processing progress" processed=1766 total=1767
[GIN] 2026/09/12 - 09:00:59 | 200 |  2.474991375s |       127.0.0.1 | POST     "/api/chat"
time=2026-09-12T09:00:59.019+08:00 level=INFO source=server.go:225 msg=ServeHTTP method=POST path=/v1/completions took=2.468434375s status="200 OK"
time=2026-09-12T09:00:59.029+08:00 level=INFO source=pipeline.go:91 msg="peak memory" size="30.42 GiB"
time=2026-09-12T09:00:59.039+08:00 level=INFO source=server.go:225 msg=ServeHTTP method=GET path=/v1/status took=40.584µs status="200 OK"
time=2026-09-12T09:00:59.040+08:00 level=INFO source=prefix_cache.go:124 msg="cache hit" total=1866 matched=167 cached=167 left=1699
time=2026-09-12T09:01:00.182+08:00 level=INFO source=pipeline.go:200 msg="Prompt processing progress" processed=1698 total=1699
[GIN] 2026/09/12 - 09:01:02 | 200 |  3.658563125s |       127.0.0.1 | POST     "/api/chat"
time=2026-09-12T09:01:02.694+08:00 level=INFO source=server.go:225 msg=ServeHTTP method=POST path=/v1/completions took=3.652210958s status="200 OK"
time=2026-09-12T09:01:02.703+08:00 level=INFO source=pipeline.go:91 msg="peak memory" size="30.30 GiB"
time=2026-09-12T09:01:02.704+08:00 level=INFO source=server.go:225 msg=ServeHTTP method=GET path=/v1/status took=43.292µs status="200 OK"
time=2026-09-12T09:01:02.705+08:00 level=INFO source=prefix_cache.go:124 msg="cache hit" total=2081 matched=179 cached=167 left=1914
time=2026-09-12T09:01:04.125+08:00 level=INFO source=pipeline.go:200 msg="Prompt processing progress" processed=1913 total=1914
[GIN] 2026/09/12 - 09:01:08 | 200 |  6.243457375s |       127.0.0.1 | POST     "/api/chat"
time=2026-09-12T09:01:08.944+08:00 level=INFO source=server.go:225 msg=ServeHTTP method=POST path=/v1/completions took=6.236798416s status="200 OK"
time=2026-09-12T09:01:08.951+08:00 level=INFO source=pipeline.go:91 msg="peak memory" size="30.48 GiB"
time=2026-09-12T09:01:08.956+08:00 level=INFO source=server.go:225 msg=ServeHTTP method=GET path=/v1/status took=31.292µs status="200 OK"
time=2026-09-12T09:01:08.961+08:00 level=INFO source=prefix_cache.go:124 msg="cache hit" total=1957 matched=290 cached=179 left=1778
time=2026-09-12T09:01:10.283+08:00 level=INFO source=pipeline.go:200 msg="Prompt processing progress" processed=1777 total=1778
[GIN] 2026/09/12 - 09:01:12 | 200 |  3.577450834s |       127.0.0.1 | POST     "/api/chat"
time=2026-09-12T09:01:12.529+08:00 level=INFO source=server.go:225 msg=ServeHTTP method=POST path=/v1/completions took=3.571151417s status="200 OK"
time=2026-09-12T09:01:12.536+08:00 level=INFO source=pipeline.go:91 msg="peak memory" size="30.44 GiB"
time=2026-09-12T09:01:12.543+08:00 level=INFO source=server.go:225 msg=ServeHTTP method=GET path=/v1/status took=42.667µs status="200 OK"
time=2026-09-12T09:01:12.546+08:00 level=INFO source=prefix_cache.go:124 msg="cache hit" total=1949 matched=268 cached=179 left=1770
time=2026-09-12T09:01:13.729+08:00 level=INFO source=pipeline.go:200 msg="Prompt processing progress" processed=1769 total=1770
[GIN] 2026/09/12 - 09:01:15 | 200 |    3.4347395s |       127.0.0.1 | POST     "/api/chat"
time=2026-09-12T09:01:15.973+08:00 level=INFO source=server.go:225 msg=ServeHTTP method=POST path=/v1/completions took=3.428519833s status="200 OK"
time=2026-09-12T09:01:15.982+08:00 level=INFO source=pipeline.go:91 msg="peak memory" size="30.43 GiB"
time=2026-09-12T09:01:15.993+08:00 level=INFO source=server.go:225 msg=ServeHTTP method=GET path=/v1/status took=87.042µs status="200 OK"
time=2026-09-12T09:01:16.000+08:00 level=INFO source=prefix_cache.go:124 msg="cache hit" total=1868 matched=1849 cached=290 left=1578
time=2026-09-12T09:01:17.073+08:00 level=INFO source=pipeline.go:200 msg="Prompt processing progress" processed=1577 total=1578
[GIN] 2026/09/12 - 09:01:20 | 200 |   4.84012475s |       127.0.0.1 | POST     "/api/chat"
time=2026-09-12T09:01:20.826+08:00 level=INFO source=server.go:225 msg=ServeHTTP method=POST path=/v1/completions took=4.83178775s status="200 OK"
time=2026-09-12T09:01:20.835+08:00 level=INFO source=pipeline.go:91 msg="peak memory" size="30.18 GiB"
time=2026-09-12T09:01:20.837+08:00 level=INFO source=server.go:225 msg=ServeHTTP method=GET path=/v1/status took=34.459µs status="200 OK"
time=2026-09-12T09:01:20.840+08:00 level=INFO source=prefix_cache.go:124 msg="cache hit" total=2083 matched=2064 cached=179 left=1904
time=2026-09-12T09:01:22.202+08:00 level=INFO source=pipeline.go:200 msg="Prompt processing progress" processed=1903 total=1904
[GIN] 2026/09/12 - 09:01:24 | 200 |  3.291482167s |       127.0.0.1 | POST     "/api/chat"
time=2026-09-12T09:01:24.123+08:00 level=INFO source=server.go:225 msg=ServeHTTP method=POST path=/v1/completions took=3.284714833s status="200 OK"
time=2026-09-12T09:01:24.130+08:00 level=INFO source=pipeline.go:91 msg="peak memory" size="30.44 GiB"
time=2026-09-12T09:01:24.135+08:00 level=INFO source=server.go:225 msg=ServeHTTP method=GET path=/v1/status took=37.917µs status="200 OK"
time=2026-09-12T09:01:24.136+08:00 level=INFO source=prefix_cache.go:124 msg="cache hit" total=1955 matched=180 cached=179 left=1776
time=2026-09-12T09:01:25.317+08:00 level=INFO source=pipeline.go:200 msg="Prompt processing progress" processed=1775 total=1776
[GIN] 2026/09/12 - 09:01:26 | 200 |   2.10415975s |       127.0.0.1 | POST     "/api/chat"
time=2026-09-12T09:01:26.233+08:00 level=INFO source=server.go:225 msg=ServeHTTP method=POST path=/v1/completions took=2.097854583s status="200 OK"
time=2026-09-12T09:01:26.241+08:00 level=INFO source=pipeline.go:91 msg="peak memory" size="30.43 GiB"
time=2026-09-12T09:01:26.246+08:00 level=INFO source=server.go:225 msg=ServeHTTP method=GET path=/v1/status took=41.25µs status="200 OK"
time=2026-09-12T09:01:26.247+08:00 level=INFO source=prefix_cache.go:124 msg="cache hit" total=1889 matched=180 cached=180 left=1709
time=2026-09-12T09:01:27.360+08:00 level=INFO source=pipeline.go:200 msg="Prompt processing progress" processed=1708 total=1709
[GIN] 2026/09/12 - 09:01:28 | 200 |   2.28426025s |       127.0.0.1 | POST     "/api/chat"
time=2026-09-12T09:01:28.525+08:00 level=INFO source=server.go:225 msg=ServeHTTP method=POST path=/v1/completions took=2.27814975s status="200 OK"
time=2026-09-12T09:01:28.532+08:00 level=INFO source=pipeline.go:91 msg="peak memory" size="30.31 GiB"
time=2026-09-12T09:01:28.533+08:00 level=INFO source=server.go:225 msg=ServeHTTP method=GET path=/v1/status took=26.084µs status="200 OK"
time=2026-09-12T09:01:28.536+08:00 level=INFO source=prefix_cache.go:124 msg="cache hit" total=559 matched=3 cached=3 left=556
time=2026-09-12T09:01:28.961+08:00 level=INFO source=pipeline.go:200 msg="Prompt processing progress" processed=555 total=556
[GIN] 2026/09/12 - 09:01:38 | 200 |  9.532895708s |       127.0.0.1 | POST     "/api/chat"
time=2026-09-12T09:01:38.060+08:00 level=INFO source=server.go:225 msg=ServeHTTP method=POST path=/v1/completions took=9.526196417s status="200 OK"
time=2026-09-12T09:01:38.068+08:00 level=INFO source=pipeline.go:91 msg="peak memory" size="29.44 GiB"
time=2026-09-12T09:01:38.070+08:00 level=INFO source=server.go:225 msg=ServeHTTP method=GET path=/v1/status took=33.042µs status="200 OK"
time=2026-09-12T09:01:38.073+08:00 level=INFO source=prefix_cache.go:124 msg="cache hit" total=2226 matched=127 cached=3 left=2223
time=2026-09-12T09:01:39.600+08:00 level=INFO source=pipeline.go:200 msg="Prompt processing progress" processed=2048 total=2223
time=2026-09-12T09:01:39.920+08:00 level=INFO source=pipeline.go:200 msg="Prompt processing progress" processed=2222 total=2223
[GIN] 2026/09/12 - 09:01:54 | 200 | 16.056047917s |       127.0.0.1 | POST     "/api/chat"
time=2026-09-12T09:01:54.121+08:00 level=INFO source=server.go:225 msg=ServeHTTP method=POST path=/v1/completions took=16.049785583s status="200 OK"
time=2026-09-12T09:01:54.129+08:00 level=INFO source=pipeline.go:91 msg="peak memory" size="30.50 GiB"
time=2026-09-12T09:01:54.130+08:00 level=INFO source=server.go:225 msg=ServeHTTP method=GET path=/v1/status took=36.25µs status="200 OK"
time=2026-09-12T09:01:54.133+08:00 level=INFO source=prefix_cache.go:124 msg="cache hit" total=1016 matched=270 cached=127 left=889
time=2026-09-12T09:01:54.770+08:00 level=INFO source=pipeline.go:200 msg="Prompt processing progress" processed=888 total=889
time=2026-09-12T09:02:15.402+08:00 level=INFO source=server.go:225 msg=ServeHTTP method=POST path=/v1/completions took=21.272206833s status="200 OK"
[GIN] 2026/09/12 - 09:02:15 | 200 | 21.279057791s |       127.0.0.1 | POST     "/api/chat"
time=2026-09-12T09:02:15.410+08:00 level=INFO source=pipeline.go:91 msg="peak memory" size="29.80 GiB"
time=2026-09-12T09:02:15.417+08:00 level=INFO source=server.go:225 msg=ServeHTTP method=GET path=/v1/status took=115.375µs status="200 OK"
time=2026-09-12T09:02:15.418+08:00 level=INFO source=prefix_cache.go:124 msg="cache hit" total=1145 matched=693 cached=270 left=875
time=2026-09-12T09:02:15.682+08:00 level=INFO source=server.go:225 msg=ServeHTTP method=GET path=/v1/status took=51.052833ms status="200 OK"
time=2026-09-12T09:02:16.126+08:00 level=INFO source=pipeline.go:200 msg="Prompt processing progress" processed=874 total=875
[GIN] 2026/09/12 - 09:02:30 | 200 | 15.495543041s |       127.0.0.1 | POST     "/api/chat"
time=2026-09-12T09:02:30.902+08:00 level=INFO source=server.go:225 msg=ServeHTTP method=POST path=/v1/completions took=15.484551334s status="200 OK"
time=2026-09-12T09:02:30.908+08:00 level=INFO source=pipeline.go:91 msg="peak memory" size="29.78 GiB"
time=2026-09-12T09:02:30.910+08:00 level=INFO source=prefix_cache.go:124 msg="cache hit" total=1932 matched=157 cached=3 left=1929
time=2026-09-12T09:02:30.961+08:00 level=INFO source=server.go:225 msg=ServeHTTP method=GET path=/v1/status took=51.136875ms status="200 OK"
time=2026-09-12T09:02:32.330+08:00 level=INFO source=pipeline.go:200 msg="Prompt processing progress" processed=1928 total=1929
[GIN] 2026/09/12 - 09:02:33 | 200 | 18.032896833s |       127.0.0.1 | POST     "/api/chat"
time=2026-09-12T09:02:33.655+08:00 level=INFO source=server.go:225 msg=ServeHTTP method=POST path=/v1/completions took=17.970325208s status="200 OK"
time=2026-09-12T09:02:33.664+08:00 level=INFO source=pipeline.go:91 msg="peak memory" size="30.47 GiB"
time=2026-09-12T09:02:33.664+08:00 level=INFO source=server.go:225 msg=ServeHTTP method=GET path=/v1/status took=473.209µs status="200 OK"
time=2026-09-12T09:02:33.673+08:00 level=INFO source=prefix_cache.go:124 msg="cache hit" total=1073 matched=693 cached=693 left=380
time=2026-09-12T09:02:34.026+08:00 level=INFO source=pipeline.go:200 msg="Prompt processing progress" processed=379 total=380
[GIN] 2026/09/12 - 09:02:50 | 200 | 19.650321042s |       127.0.0.1 | POST     "/api/chat"
time=2026-09-12T09:02:50.554+08:00 level=INFO source=server.go:225 msg=ServeHTTP method=POST path=/v1/completions took=19.592612875s status="200 OK"
time=2026-09-12T09:02:50.562+08:00 level=INFO source=pipeline.go:91 msg="peak memory" size="29.18 GiB"
time=2026-09-12T09:02:50.563+08:00 level=INFO source=prefix_cache.go:124 msg="cache hit" total=1866 matched=163 cached=157 left=1709
time=2026-09-12T09:02:50.614+08:00 level=INFO source=server.go:225 msg=ServeHTTP method=GET path=/v1/status took=51.055875ms status="200 OK"
time=2026-09-12T09:02:51.812+08:00 level=INFO source=pipeline.go:200 msg="Prompt processing progress" processed=1708 total=1709
[GIN] 2026/09/12 - 09:02:53 | 200 | 19.506233708s |       127.0.0.1 | POST     "/api/chat"
time=2026-09-12T09:02:53.163+08:00 level=INFO source=server.go:225 msg=ServeHTTP method=POST path=/v1/completions took=19.499080166s status="200 OK"
time=2026-09-12T09:02:53.172+08:00 level=INFO source=pipeline.go:91 msg="peak memory" size="30.32 GiB"
time=2026-09-12T09:02:53.173+08:00 level=INFO source=server.go:225 msg=ServeHTTP method=GET path=/v1/status took=1.4215ms status="200 OK"
time=2026-09-12T09:02:53.177+08:00 level=INFO source=prefix_cache.go:124 msg="cache hit" total=1285 matched=693 cached=693 left=592
time=2026-09-12T09:02:53.669+08:00 level=INFO source=pipeline.go:200 msg="Prompt processing progress" processed=591 total=592
[GIN] 2026/09/12 - 09:03:14 | 200 | 23.964886792s |       127.0.0.1 | POST     "/api/chat"
time=2026-09-12T09:03:14.522+08:00 level=INFO source=server.go:225 msg=ServeHTTP method=POST path=/v1/completions took=23.907516375s status="200 OK"
time=2026-09-12T09:03:14.529+08:00 level=INFO source=pipeline.go:91 msg="peak memory" size="29.48 GiB"
time=2026-09-12T09:03:14.532+08:00 level=INFO source=prefix_cache.go:124 msg="cache hit" total=1952 matched=162 cached=157 left=1795
time=2026-09-12T09:03:14.581+08:00 level=INFO source=server.go:225 msg=ServeHTTP method=GET path=/v1/status took=50.315167ms status="200 OK"
time=2026-09-12T09:03:15.771+08:00 level=INFO source=pipeline.go:200 msg="Prompt processing progress" processed=1794 total=1795
[GIN] 2026/09/12 - 09:03:17 | 200 | 23.901826625s |       127.0.0.1 | POST     "/api/chat"
time=2026-09-12T09:03:17.066+08:00 level=INFO source=server.go:225 msg=ServeHTTP method=POST path=/v1/completions took=23.893607167s status="200 OK"
time=2026-09-12T09:03:17.076+08:00 level=INFO source=pipeline.go:91 msg="peak memory" size="30.45 GiB"
time=2026-09-12T09:03:17.076+08:00 level=INFO source=server.go:225 msg=ServeHTTP method=GET path=/v1/status took=2.095042ms status="200 OK"
time=2026-09-12T09:03:17.080+08:00 level=INFO source=prefix_cache.go:124 msg="cache hit" total=1465 matched=962 cached=693 left=772
time=2026-09-12T09:03:17.643+08:00 level=INFO source=pipeline.go:200 msg="Prompt processing progress" processed=771 total=772
[GIN] 2026/09/12 - 09:03:42 | 200 |   27.6086445s |       127.0.0.1 | POST     "/api/chat"
time=2026-09-12T09:03:42.133+08:00 level=INFO source=server.go:225 msg=ServeHTTP method=POST path=/v1/completions took=27.55143075s status="200 OK"
time=2026-09-12T09:03:42.140+08:00 level=INFO source=pipeline.go:91 msg="peak memory" size="29.63 GiB"
time=2026-09-12T09:03:42.143+08:00 level=INFO source=prefix_cache.go:124 msg="cache hit" total=864 matched=164 cached=163 left=701
time=2026-09-12T09:03:42.193+08:00 level=INFO source=server.go:225 msg=ServeHTTP method=GET path=/v1/status took=50.978417ms status="200 OK"
time=2026-09-12T09:03:42.661+08:00 level=INFO source=pipeline.go:200 msg="Prompt processing progress" processed=700 total=701
[GIN] 2026/09/12 - 09:03:45 | 200 | 28.897359417s |       127.0.0.1 | POST     "/api/chat"
time=2026-09-12T09:03:45.965+08:00 level=INFO source=server.go:225 msg=ServeHTTP method=POST path=/v1/completions took=28.8890975s status="200 OK"
time=2026-09-12T09:03:45.976+08:00 level=INFO source=pipeline.go:91 msg="peak memory" size="29.70 GiB"
time=2026-09-12T09:03:45.976+08:00 level=INFO source=server.go:225 msg=ServeHTTP method=GET path=/v1/status took=2.916209ms status="200 OK"
time=2026-09-12T09:03:45.980+08:00 level=INFO source=prefix_cache.go:124 msg="cache hit" total=1606 matched=441 cached=270 left=1336
time=2026-09-12T09:03:46.864+08:00 level=INFO source=pipeline.go:200 msg="Prompt processing progress" processed=1335 total=1336
[GIN] 2026/09/12 - 09:04:14 | 200 | 32.763922292s |       127.0.0.1 | POST     "/api/chat"
time=2026-09-12T09:04:14.899+08:00 level=INFO source=server.go:225 msg=ServeHTTP method=POST path=/v1/completions took=32.706372292s status="200 OK"
time=2026-09-12T09:04:14.905+08:00 level=INFO source=pipeline.go:91 msg="peak memory" size="30.18 GiB"
time=2026-09-12T09:04:14.908+08:00 level=INFO source=prefix_cache.go:124 msg="cache hit" total=973 matched=165 cached=164 left=809
time=2026-09-12T09:04:14.959+08:00 level=INFO source=server.go:225 msg=ServeHTTP method=GET path=/v1/status took=50.268042ms status="200 OK"
time=2026-09-12T09:04:15.565+08:00 level=INFO source=pipeline.go:200 msg="Prompt processing progress" processed=808 total=809
[GIN] 2026/09/12 - 09:04:19 | 200 | 33.664552375s |       127.0.0.1 | POST     "/api/chat"
time=2026-09-12T09:04:19.632+08:00 level=INFO source=server.go:225 msg=ServeHTTP method=POST path=/v1/completions took=33.655447875s status="200 OK"
time=2026-09-12T09:04:19.641+08:00 level=INFO source=pipeline.go:91 msg="peak memory" size="29.71 GiB"
time=2026-09-12T09:04:19.641+08:00 level=INFO source=server.go:225 msg=ServeHTTP method=GET path=/v1/status took=2.123834ms status="200 OK"
time=2026-09-12T09:04:19.646+08:00 level=INFO source=prefix_cache.go:124 msg="cache hit" total=1749 matched=781 cached=441 left=1308
time=2026-09-12T09:04:20.545+08:00 level=INFO source=pipeline.go:200 msg="Prompt processing progress" processed=1307 total=1308
time=2026-09-12T09:04:47.340+08:00 level=INFO source=server.go:225 msg=ServeHTTP method=GET path=/v1/status took=50.472083ms status="200 OK"
time=2026-09-12T09:04:50.790+08:00 level=INFO source=server.go:225 msg=ServeHTTP method=POST path=/v1/completions took=35.830711208s status="200 OK"
[GIN] 2026/09/12 - 09:04:50 | 200 | 35.888507167s |       127.0.0.1 | POST     "/api/chat"
time=2026-09-12T09:04:50.798+08:00 level=INFO source=pipeline.go:91 msg="peak memory" size="30.16 GiB"
time=2026-09-12T09:04:50.801+08:00 level=INFO source=prefix_cache.go:124 msg="cache hit" total=1026 matched=163 cached=163 left=863
time=2026-09-12T09:04:50.851+08:00 level=INFO source=server.go:225 msg=ServeHTTP method=GET path=/v1/status took=51.067458ms status="200 OK"
time=2026-09-12T09:04:51.454+08:00 level=INFO source=pipeline.go:200 msg="Prompt processing progress" processed=862 total=863
[GIN] 2026/09/12 - 09:04:53 | 200 | 33.982168583s |       127.0.0.1 | POST     "/api/chat"
time=2026-09-12T09:04:53.615+08:00 level=INFO source=server.go:225 msg=ServeHTTP method=POST path=/v1/completions took=33.973742083s status="200 OK"
time=2026-09-12T09:04:53.625+08:00 level=INFO source=pipeline.go:91 msg="peak memory" size="29.71 GiB"
time=2026-09-12T09:04:53.625+08:00 level=INFO source=server.go:225 msg=ServeHTTP method=GET path=/v1/status took=2.075542ms status="200 OK"
time=2026-09-12T09:04:53.629+08:00 level=INFO source=prefix_cache.go:124 msg="cache hit" total=606 matched=5 cached=3 left=603
time=2026-09-12T09:04:54.102+08:00 level=INFO source=pipeline.go:200 msg="Prompt processing progress" processed=602 total=603
[GIN] 2026/09/12 - 09:04:56 | 200 |  8.816214833s |       127.0.0.1 | POST     "/api/chat"
time=2026-09-12T09:04:56.100+08:00 level=INFO source=server.go:225 msg=ServeHTTP method=POST path=/v1/completions took=8.758984083s status="200 OK"
time=2026-09-12T09:04:56.109+08:00 level=INFO source=pipeline.go:91 msg="peak memory" size="29.56 GiB"
time=2026-09-12T09:04:56.112+08:00 level=INFO source=prefix_cache.go:124 msg="cache hit" total=2007 matched=674 cached=441 left=1566
time=2026-09-12T09:04:56.161+08:00 level=INFO source=server.go:225 msg=ServeHTTP method=GET path=/v1/status took=51.170667ms status="200 OK"
time=2026-09-12T09:04:57.180+08:00 level=INFO source=pipeline.go:200 msg="Prompt processing progress" processed=1565 total=1566
time=2026-09-12T09:05:31.312+08:00 level=INFO source=server.go:225 msg=ServeHTTP method=POST path=/v1/completions took=40.460796917s status="200 OK"
[GIN] 2026/09/12 - 09:05:31 | 200 | 40.518500292s |       127.0.0.1 | POST     "/api/chat"
time=2026-09-12T09:05:31.318+08:00 level=INFO source=pipeline.go:91 msg="peak memory" size="30.22 GiB"
time=2026-09-12T09:05:31.319+08:00 level=INFO source=prefix_cache.go:124 msg="cache hit" total=1035 matched=162 cached=162 left=873
time=2026-09-12T09:05:31.372+08:00 level=INFO source=server.go:225 msg=ServeHTTP method=GET path=/v1/status took=51.05725ms status="200 OK"
time=2026-09-12T09:05:31.979+08:00 level=INFO source=pipeline.go:200 msg="Prompt processing progress" processed=872 total=873
[GIN] 2026/09/12 - 09:05:34 | 200 |  40.55147575s |       127.0.0.1 | POST     "/api/chat"
time=2026-09-12T09:05:34.168+08:00 level=INFO source=server.go:225 msg=ServeHTTP method=POST path=/v1/completions took=40.542440375s status="200 OK"
time=2026-09-12T09:05:34.177+08:00 level=INFO source=pipeline.go:91 msg="peak memory" size="29.74 GiB"
time=2026-09-12T09:05:34.177+08:00 level=INFO source=server.go:225 msg=ServeHTTP method=GET path=/v1/status took=1.577875ms status="200 OK"
time=2026-09-12T09:05:34.180+08:00 level=INFO source=prefix_cache.go:124 msg="cache hit" total=1901 matched=176 cached=5 left=1896
time=2026-09-12T09:05:35.495+08:00 level=INFO source=pipeline.go:200 msg="Prompt processing progress" processed=1895 total=1896
[GIN] 2026/09/12 - 09:05:37 | 200 | 41.561437459s |       127.0.0.1 | POST     "/api/chat"
time=2026-09-12T09:05:37.665+08:00 level=INFO source=server.go:225 msg=ServeHTTP method=POST path=/v1/completions took=41.503157417s status="200 OK"
time=2026-09-12T09:05:37.674+08:00 level=INFO source=pipeline.go:91 msg="peak memory" size="30.41 GiB"
time=2026-09-12T09:05:37.682+08:00 level=INFO source=prefix_cache.go:124 msg="cache hit" total=2099 matched=765 cached=674 left=1425
time=2026-09-12T09:05:37.726+08:00 level=INFO source=server.go:225 msg=ServeHTTP method=GET path=/v1/status took=51.100791ms status="200 OK"
time=2026-09-12T09:05:38.605+08:00 level=INFO source=pipeline.go:200 msg="Prompt processing progress" processed=1424 total=1425
time=2026-09-12T09:06:06.046+08:00 level=INFO source=server.go:225 msg=ServeHTTP method=POST path=/v1/completions took=34.673762125s status="200 OK"
[GIN] 2026/09/12 - 09:06:06 | 200 | 34.731579792s |       127.0.0.1 | POST     "/api/chat"
time=2026-09-12T09:06:06.054+08:00 level=INFO source=pipeline.go:91 msg="peak memory" size="30.07 GiB"
time=2026-09-12T09:06:06.055+08:00 level=INFO source=prefix_cache.go:124 msg="cache hit" total=1920 matched=164 cached=163 left=1757
time=2026-09-12T09:06:06.113+08:00 level=INFO source=server.go:225 msg=ServeHTTP method=GET path=/v1/status took=51.0585ms status="200 OK"
time=2026-09-12T09:06:07.399+08:00 level=INFO source=pipeline.go:200 msg="Prompt processing progress" processed=1756 total=1757
[GIN] 2026/09/12 - 09:06:08 | 200 | 34.203729209s |       127.0.0.1 | POST     "/api/chat"
time=2026-09-12T09:06:08.373+08:00 level=INFO source=server.go:225 msg=ServeHTTP method=POST path=/v1/completions took=34.195605208s status="200 OK"
time=2026-09-12T09:06:08.380+08:00 level=INFO source=pipeline.go:91 msg="peak memory" size="30.38 GiB"
time=2026-09-12T09:06:08.383+08:00 level=INFO source=prefix_cache.go:124 msg="cache hit" total=404 matched=178 cached=176 left=228
time=2026-09-12T09:06:08.434+08:00 level=INFO source=server.go:225 msg=ServeHTTP method=GET path=/v1/status took=50.915958ms status="200 OK"
time=2026-09-12T09:06:08.580+08:00 level=INFO source=pipeline.go:200 msg="Prompt processing progress" processed=227 total=228
[GIN] 2026/09/12 - 09:06:08 | 200 | 31.228164958s |       127.0.0.1 | POST     "/api/chat"
time=2026-09-12T09:06:08.897+08:00 level=INFO source=server.go:225 msg=ServeHTTP method=POST path=/v1/completions took=31.1709335s status="200 OK"
time=2026-09-12T09:06:08.904+08:00 level=INFO source=pipeline.go:91 msg="peak memory" size="29.02 GiB"
time=2026-09-12T09:06:08.912+08:00 level=INFO source=prefix_cache.go:124 msg="cache hit" total=4076 matched=772 cached=765 left=3311
time=2026-09-12T09:06:08.956+08:00 level=INFO source=server.go:225 msg=ServeHTTP method=GET path=/v1/status took=50.177834ms status="200 OK"
time=2026-09-12T09:06:09.962+08:00 level=INFO source=pipeline.go:200 msg="Prompt processing progress" processed=2048 total=3311
time=2026-09-12T09:06:10.698+08:00 level=INFO source=pipeline.go:200 msg="Prompt processing progress" processed=3310 total=3311
time=2026-09-12T09:06:41.362+08:00 level=INFO source=server.go:225 msg=ServeHTTP method=POST path=/v1/completions took=35.24582125s status="200 OK"
[GIN] 2026/09/12 - 09:06:41 | 200 | 35.307213042s |       127.0.0.1 | POST     "/api/chat"
time=2026-09-12T09:06:41.370+08:00 level=INFO source=pipeline.go:91 msg="peak memory" size="30.54 GiB"
time=2026-09-12T09:06:41.371+08:00 level=INFO source=prefix_cache.go:124 msg="cache hit" total=1854 matched=164 cached=164 left=1690
time=2026-09-12T09:06:41.423+08:00 level=INFO source=server.go:225 msg=ServeHTTP method=GET path=/v1/status took=51.067167ms status="200 OK"
time=2026-09-12T09:06:42.419+08:00 level=INFO source=pipeline.go:200 msg="Prompt processing progress" processed=1689 total=1690
[GIN] 2026/09/12 - 09:06:43 | 200 | 35.293601625s |       127.0.0.1 | POST     "/api/chat"
time=2026-09-12T09:06:43.670+08:00 level=INFO source=server.go:225 msg=ServeHTTP method=POST path=/v1/completions took=35.235617166s status="200 OK"
time=2026-09-12T09:06:43.681+08:00 level=INFO source=pipeline.go:91 msg="peak memory" size="30.32 GiB"
time=2026-09-12T09:06:43.681+08:00 level=INFO source=server.go:225 msg=ServeHTTP method=GET path=/v1/status took=481.583µs status="200 OK"
time=2026-09-12T09:06:43.684+08:00 level=INFO source=prefix_cache.go:124 msg="cache hit" total=362 matched=182 cached=178 left=184
time=2026-09-12T09:06:43.902+08:00 level=INFO source=pipeline.go:200 msg="Prompt processing progress" processed=183 total=184
[GIN] 2026/09/12 - 09:06:44 | 200 | 35.461580833s |       127.0.0.1 | POST     "/api/chat"
time=2026-09-12T09:06:44.362+08:00 level=INFO source=server.go:225 msg=ServeHTTP method=POST path=/v1/completions took=35.405079209s status="200 OK"
time=2026-09-12T09:06:44.370+08:00 level=INFO source=pipeline.go:91 msg="peak memory" size="28.97 GiB"
time=2026-09-12T09:06:44.370+08:00 level=INFO source=server.go:225 msg=ServeHTTP method=GET path=/v1/status took=811.708µs status="200 OK"
time=2026-09-12T09:06:44.379+08:00 level=INFO source=prefix_cache.go:124 msg="cache hit" total=2138 matched=944 cached=772 left=1366
time=2026-09-12T09:06:45.260+08:00 level=INFO source=pipeline.go:200 msg="Prompt processing progress" processed=1365 total=1366
time=2026-09-12T09:07:14.791+08:00 level=INFO source=server.go:225 msg=ServeHTTP method=POST path=/v1/completions took=33.368164167s status="200 OK"
[GIN] 2026/09/12 - 09:07:14 | 200 | 33.425605458s |       127.0.0.1 | POST     "/api/chat"
time=2026-09-12T09:07:14.796+08:00 level=INFO source=pipeline.go:91 msg="peak memory" size="30.16 GiB"
time=2026-09-12T09:07:14.799+08:00 level=INFO source=prefix_cache.go:124 msg="cache hit" total=1946 matched=194 cached=162 left=1784
time=2026-09-12T09:07:14.853+08:00 level=INFO source=server.go:225 msg=ServeHTTP method=GET path=/v1/status took=50.11275ms status="200 OK"
time=2026-09-12T09:07:15.804+08:00 level=INFO source=pipeline.go:200 msg="Prompt processing progress" processed=1783 total=1784
time=2026-09-12T09:07:16.740+08:00 level=INFO source=server.go:225 msg=ServeHTTP method=POST path=/v1/completions took=33.059061958s status="200 OK"
[GIN] 2026/09/12 - 09:07:16 | 200 | 33.066589416s |       127.0.0.1 | POST     "/api/chat"
time=2026-09-12T09:07:16.747+08:00 level=INFO source=pipeline.go:91 msg="peak memory" size="30.42 GiB"
time=2026-09-12T09:07:16.750+08:00 level=INFO source=prefix_cache.go:124 msg="cache hit" total=368 matched=184 cached=182 left=186
time=2026-09-12T09:07:16.801+08:00 level=INFO source=server.go:225 msg=ServeHTTP method=GET path=/v1/status took=51.078834ms status="200 OK"
time=2026-09-12T09:07:16.941+08:00 level=INFO source=pipeline.go:200 msg="Prompt processing progress" processed=185 total=186
[GIN] 2026/09/12 - 09:07:17 | 200 | 33.025189875s |       127.0.0.1 | POST     "/api/chat"
time=2026-09-12T09:07:17.388+08:00 level=INFO source=server.go:225 msg=ServeHTTP method=POST path=/v1/completions took=33.018153708s status="200 OK"
time=2026-09-12T09:07:17.397+08:00 level=INFO source=pipeline.go:91 msg="peak memory" size="29.00 GiB"
time=2026-09-12T09:07:17.402+08:00 level=INFO source=prefix_cache.go:124 msg="cache hit" total=2106 matched=274 cached=270 left=1836
time=2026-09-12T09:07:17.450+08:00 level=INFO source=server.go:225 msg=ServeHTTP method=GET path=/v1/status took=51.12725ms status="200 OK"
time=2026-09-12T09:07:18.310+08:00 level=INFO source=pipeline.go:200 msg="Prompt processing progress" processed=1835 total=1836
[GIN] 2026/09/12 - 09:07:46 | 200 | 31.393818083s |       127.0.0.1 | POST     "/api/chat"
time=2026-09-12T09:07:46.188+08:00 level=INFO source=server.go:225 msg=ServeHTTP method=POST path=/v1/completions took=31.335433417s status="200 OK"
time=2026-09-12T09:07:46.194+08:00 level=INFO source=pipeline.go:91 msg="peak memory" size="30.43 GiB"
time=2026-09-12T09:07:46.198+08:00 level=INFO source=prefix_cache.go:124 msg="cache hit" total=859 matched=163 cached=163 left=696
time=2026-09-12T09:07:46.251+08:00 level=INFO source=server.go:225 msg=ServeHTTP method=GET path=/v1/status took=51.078083ms status="200 OK"
time=2026-09-12T09:07:46.574+08:00 level=INFO source=pipeline.go:200 msg="Prompt processing progress" processed=695 total=696
[GIN] 2026/09/12 - 09:07:49 | 200 |  32.35943225s |       127.0.0.1 | POST     "/api/chat"
time=2026-09-12T09:07:49.103+08:00 level=INFO source=server.go:225 msg=ServeHTTP method=POST path=/v1/completions took=32.301516125s status="200 OK"
time=2026-09-12T09:07:49.109+08:00 level=INFO source=pipeline.go:91 msg="peak memory" size="29.50 GiB"
time=2026-09-12T09:07:49.114+08:00 level=INFO source=prefix_cache.go:124 msg="cache hit" total=478 matched=184 cached=184 left=294
time=2026-09-12T09:07:49.165+08:00 level=INFO source=server.go:225 msg=ServeHTTP method=GET path=/v1/status took=51.002708ms status="200 OK"
time=2026-09-12T09:07:49.335+08:00 level=INFO source=pipeline.go:200 msg="Prompt processing progress" processed=293 total=294
[GIN] 2026/09/12 - 09:07:50 | 200 | 33.419592833s |       127.0.0.1 | POST     "/api/chat"
time=2026-09-12T09:07:50.811+08:00 level=INFO source=server.go:225 msg=ServeHTTP method=POST path=/v1/completions took=33.360573s status="200 OK"
time=2026-09-12T09:07:50.816+08:00 level=INFO source=pipeline.go:91 msg="peak memory" size="28.99 GiB"
time=2026-09-12T09:07:50.819+08:00 level=INFO source=prefix_cache.go:124 msg="cache hit" total=2154 matched=907 cached=274 left=1880
time=2026-09-12T09:07:50.871+08:00 level=INFO source=server.go:225 msg=ServeHTTP method=GET path=/v1/status took=50.680458ms status="200 OK"
time=2026-09-12T09:07:51.814+08:00 level=INFO source=pipeline.go:200 msg="Prompt processing progress" processed=1879 total=1880
time=2026-09-12T09:08:19.563+08:00 level=INFO source=server.go:225 msg=ServeHTTP method=POST path=/v1/completions took=33.311685292s status="200 OK"
[GIN] 2026/09/12 - 09:08:19 | 200 | 33.370326666s |       127.0.0.1 | POST     "/api/chat"
time=2026-09-12T09:08:19.568+08:00 level=INFO source=pipeline.go:91 msg="peak memory" size="30.44 GiB"
time=2026-09-12T09:08:19.568+08:00 level=INFO source=prefix_cache.go:124 msg="cache hit" total=968 matched=163 cached=163 left=805
time=2026-09-12T09:08:19.623+08:00 level=INFO source=server.go:225 msg=ServeHTTP method=GET path=/v1/status took=50.642083ms status="200 OK"
time=2026-09-12T09:08:20.028+08:00 level=INFO source=pipeline.go:200 msg="Prompt processing progress" processed=804 total=805
[GIN] 2026/09/12 - 09:08:22 | 200 | 32.904522917s |       127.0.0.1 | POST     "/api/chat"
time=2026-09-12T09:08:22.013+08:00 level=INFO source=server.go:225 msg=ServeHTTP method=POST path=/v1/completions took=32.847011958s status="200 OK"
time=2026-09-12T09:08:22.019+08:00 level=INFO source=pipeline.go:91 msg="peak memory" size="29.64 GiB"
time=2026-09-12T09:08:22.023+08:00 level=INFO source=prefix_cache.go:124 msg="cache hit" total=506 matched=184 cached=184 left=322
time=2026-09-12T09:08:22.073+08:00 level=INFO source=server.go:225 msg=ServeHTTP method=GET path=/v1/status took=51.072583ms status="200 OK"
time=2026-09-12T09:08:22.266+08:00 level=INFO source=pipeline.go:200 msg="Prompt processing progress" processed=321 total=322
[GIN] 2026/09/12 - 09:08:23 | 200 | 32.894412959s |       127.0.0.1 | POST     "/api/chat"
time=2026-09-12T09:08:23.708+08:00 level=INFO source=server.go:225 msg=ServeHTTP method=POST path=/v1/completions took=32.836721542s status="200 OK"
time=2026-09-12T09:08:23.714+08:00 level=INFO source=pipeline.go:91 msg="peak memory" size="29.08 GiB"
time=2026-09-12T09:08:23.717+08:00 level=INFO source=prefix_cache.go:124 msg="cache hit" total=2096 matched=270 cached=270 left=1826
time=2026-09-12T09:08:23.768+08:00 level=INFO source=server.go:225 msg=ServeHTTP method=GET path=/v1/status took=51.101125ms status="200 OK"
time=2026-09-12T09:08:24.737+08:00 level=INFO source=pipeline.go:200 msg="Prompt processing progress" processed=1825 total=1826
[GIN] 2026/09/12 - 09:08:56 | 200 | 36.583226166s |       127.0.0.1 | POST     "/api/chat"
time=2026-09-12T09:08:56.149+08:00 level=INFO source=server.go:225 msg=ServeHTTP method=POST path=/v1/completions took=36.525708917s status="200 OK"
time=2026-09-12T09:08:56.157+08:00 level=INFO source=pipeline.go:91 msg="peak memory" size="30.37 GiB"
time=2026-09-12T09:08:56.159+08:00 level=INFO source=prefix_cache.go:124 msg="cache hit" total=1021 matched=164 cached=164 left=857
time=2026-09-12T09:08:56.213+08:00 level=INFO source=server.go:225 msg=ServeHTTP method=GET path=/v1/status took=51.086459ms status="200 OK"
time=2026-09-12T09:08:56.802+08:00 level=INFO source=pipeline.go:200 msg="Prompt processing progress" processed=856 total=857
[GIN] 2026/09/12 - 09:09:00 | 200 |   38.1076235s |       127.0.0.1 | POST     "/api/chat"
time=2026-09-12T09:09:00.122+08:00 level=INFO source=server.go:225 msg=ServeHTTP method=POST path=/v1/completions took=38.048977208s status="200 OK"
time=2026-09-12T09:09:00.132+08:00 level=INFO source=pipeline.go:91 msg="peak memory" size="29.70 GiB"
time=2026-09-12T09:09:00.132+08:00 level=INFO source=server.go:225 msg=ServeHTTP method=GET path=/v1/status took=2.140667ms status="200 OK"
time=2026-09-12T09:09:00.133+08:00 level=INFO source=prefix_cache.go:124 msg="cache hit" total=391 matched=181 cached=178 left=213
time=2026-09-12T09:09:00.396+08:00 level=INFO source=pipeline.go:200 msg="Prompt processing progress" processed=212 total=213
[GIN] 2026/09/12 - 09:09:01 | 200 | 37.761761333s |       127.0.0.1 | POST     "/api/chat"
time=2026-09-12T09:09:01.472+08:00 level=INFO source=server.go:225 msg=ServeHTTP method=POST path=/v1/completions took=37.703923333s status="200 OK"
time=2026-09-12T09:09:01.483+08:00 level=INFO source=pipeline.go:91 msg="peak memory" size="29.01 GiB"
time=2026-09-12T09:09:01.483+08:00 level=INFO source=server.go:225 msg=ServeHTTP method=GET path=/v1/status took=659.167µs status="200 OK"
time=2026-09-12T09:09:01.487+08:00 level=INFO source=prefix_cache.go:124 msg="cache hit" total=617 matched=161 cached=157 left=460
time=2026-09-12T09:09:01.947+08:00 level=INFO source=pipeline.go:200 msg="Prompt processing progress" processed=459 total=460
[GIN] 2026/09/12 - 09:09:03 | 200 |  7.086196125s |       127.0.0.1 | POST     "/api/chat"
time=2026-09-12T09:09:03.241+08:00 level=INFO source=server.go:225 msg=ServeHTTP method=POST path=/v1/completions took=7.027633667s status="200 OK"
time=2026-09-12T09:09:03.251+08:00 level=INFO source=pipeline.go:91 msg="peak memory" size="29.37 GiB"
time=2026-09-12T09:09:03.256+08:00 level=INFO source=prefix_cache.go:124 msg="cache hit" total=1025 matched=163 cached=163 left=862
time=2026-09-12T09:09:03.303+08:00 level=INFO source=server.go:225 msg=ServeHTTP method=GET path=/v1/status took=51.067625ms status="200 OK"
time=2026-09-12T09:09:03.980+08:00 level=INFO source=pipeline.go:200 msg="Prompt processing progress" processed=861 total=862
[GIN] 2026/09/12 - 09:09:06 | 200 |  5.997235208s |       127.0.0.1 | POST     "/api/chat"
time=2026-09-12T09:09:06.121+08:00 level=INFO source=server.go:225 msg=ServeHTTP method=POST path=/v1/completions took=5.988497375s status="200 OK"
time=2026-09-12T09:09:06.129+08:00 level=INFO source=pipeline.go:91 msg="peak memory" size="29.67 GiB"
time=2026-09-12T09:09:06.129+08:00 level=INFO source=server.go:225 msg=ServeHTTP method=GET path=/v1/status took=1.020292ms status="200 OK"
time=2026-09-12T09:09:06.132+08:00 level=INFO source=prefix_cache.go:124 msg="cache hit" total=343 matched=178 cached=178 left=165
time=2026-09-12T09:09:06.345+08:00 level=INFO source=pipeline.go:200 msg="Prompt processing progress" processed=164 total=165
[GIN] 2026/09/12 - 09:09:08 | 200 |  6.750908083s |       127.0.0.1 | POST     "/api/chat"
time=2026-09-12T09:09:08.226+08:00 level=INFO source=server.go:225 msg=ServeHTTP method=POST path=/v1/completions took=6.742353416s status="200 OK"
time=2026-09-12T09:09:08.233+08:00 level=INFO source=pipeline.go:91 msg="peak memory" size="28.85 GiB"
time=2026-09-12T09:09:08.237+08:00 level=INFO source=prefix_cache.go:124 msg="cache hit" total=694 matched=178 cached=161 left=533
time=2026-09-12T09:09:08.286+08:00 level=INFO source=server.go:225 msg=ServeHTTP method=GET path=/v1/status took=51.071417ms status="200 OK"
time=2026-09-12T09:09:08.683+08:00 level=INFO source=pipeline.go:200 msg="Prompt processing progress" processed=532 total=533
[GIN] 2026/09/12 - 09:09:09 | 200 |     6.594469s |       127.0.0.1 | POST     "/api/chat"
time=2026-09-12T09:09:09.840+08:00 level=INFO source=server.go:225 msg=ServeHTTP method=POST path=/v1/completions took=6.53656025s status="200 OK"
time=2026-09-12T09:09:09.850+08:00 level=INFO source=pipeline.go:91 msg="peak memory" size="29.43 GiB"
time=2026-09-12T09:09:09.850+08:00 level=INFO source=server.go:225 msg=ServeHTTP method=GET path=/v1/status took=1.747417ms status="200 OK"
time=2026-09-12T09:09:09.853+08:00 level=INFO source=prefix_cache.go:124 msg="cache hit" total=1911 matched=162 cached=162 left=1749
time=2026-09-12T09:09:11.124+08:00 level=INFO source=pipeline.go:200 msg="Prompt processing progress" processed=1748 total=1749
[GIN] 2026/09/12 - 09:09:12 | 200 |  6.285851917s |       127.0.0.1 | POST     "/api/chat"
time=2026-09-12T09:09:12.408+08:00 level=INFO source=server.go:225 msg=ServeHTTP method=POST path=/v1/completions took=6.27831475s status="200 OK"
time=2026-09-12T09:09:12.416+08:00 level=INFO source=pipeline.go:91 msg="peak memory" size="30.33 GiB"
time=2026-09-12T09:09:12.416+08:00 level=INFO source=server.go:225 msg=ServeHTTP method=GET path=/v1/status took=736.125µs status="200 OK"
time=2026-09-12T09:09:12.420+08:00 level=INFO source=prefix_cache.go:124 msg="cache hit" total=554 matched=181 cached=181 left=373
time=2026-09-12T09:09:12.754+08:00 level=INFO source=pipeline.go:200 msg="Prompt processing progress" processed=372 total=373
[GIN] 2026/09/12 - 09:09:15 | 200 |  7.456460292s |       127.0.0.1 | POST     "/api/chat"
time=2026-09-12T09:09:15.686+08:00 level=INFO source=server.go:225 msg=ServeHTTP method=POST path=/v1/completions took=7.398816042s status="200 OK"
time=2026-09-12T09:09:15.691+08:00 level=INFO source=pipeline.go:91 msg="peak memory" size="29.19 GiB"
time=2026-09-12T09:09:15.693+08:00 level=INFO source=prefix_cache.go:124 msg="cache hit" total=617 matched=179 cached=178 left=439
time=2026-09-12T09:09:15.745+08:00 level=INFO source=server.go:225 msg=ServeHTTP method=GET path=/v1/status took=51.1005ms status="200 OK"
time=2026-09-12T09:09:16.080+08:00 level=INFO source=pipeline.go:200 msg="Prompt processing progress" processed=438 total=439
[GIN] 2026/09/12 - 09:09:17 | 200 |  7.519083208s |       127.0.0.1 | POST     "/api/chat"
time=2026-09-12T09:09:17.361+08:00 level=INFO source=server.go:225 msg=ServeHTTP method=POST path=/v1/completions took=7.511098417s status="200 OK"
time=2026-09-12T09:09:17.369+08:00 level=INFO source=pipeline.go:91 msg="peak memory" size="29.33 GiB"
time=2026-09-12T09:09:17.369+08:00 level=INFO source=prefix_cache.go:124 msg="cache hit" total=1849 matched=164 cached=163 left=1686
time=2026-09-12T09:09:17.420+08:00 level=INFO source=server.go:225 msg=ServeHTTP method=GET path=/v1/status took=51.0735ms status="200 OK"
time=2026-09-12T09:09:18.589+08:00 level=INFO source=pipeline.go:200 msg="Prompt processing progress" processed=1685 total=1686
[GIN] 2026/09/12 - 09:09:19 | 200 |  7.528265583s |       127.0.0.1 | POST     "/api/chat"
time=2026-09-12T09:09:19.938+08:00 level=INFO source=server.go:225 msg=ServeHTTP method=POST path=/v1/completions took=7.5211585s status="200 OK"
time=2026-09-12T09:09:19.946+08:00 level=INFO source=pipeline.go:91 msg="peak memory" size="30.33 GiB"
time=2026-09-12T09:09:19.946+08:00 level=INFO source=server.go:225 msg=ServeHTTP method=GET path=/v1/status took=1.110708ms status="200 OK"
time=2026-09-12T09:09:19.953+08:00 level=INFO source=prefix_cache.go:124 msg="cache hit" total=502 matched=184 cached=181 left=321
time=2026-09-12T09:09:20.268+08:00 level=INFO source=pipeline.go:200 msg="Prompt processing progress" processed=320 total=321
[GIN] 2026/09/12 - 09:09:21 | 200 |  5.669833458s |       127.0.0.1 | POST     "/api/chat"
time=2026-09-12T09:09:21.358+08:00 level=INFO source=server.go:225 msg=ServeHTTP method=POST path=/v1/completions took=5.611923167s status="200 OK"
time=2026-09-12T09:09:21.366+08:00 level=INFO source=pipeline.go:91 msg="peak memory" size="29.13 GiB"
time=2026-09-12T09:09:21.370+08:00 level=INFO source=prefix_cache.go:124 msg="cache hit" total=657 matched=266 cached=179 left=478
time=2026-09-12T09:09:21.422+08:00 level=INFO source=server.go:225 msg=ServeHTTP method=GET path=/v1/status took=51.069084ms status="200 OK"
time=2026-09-12T09:09:21.803+08:00 level=INFO source=pipeline.go:200 msg="Prompt processing progress" processed=477 total=478
[GIN] 2026/09/12 - 09:09:23 | 200 |  5.656466541s |       127.0.0.1 | POST     "/api/chat"
time=2026-09-12T09:09:23.020+08:00 level=INFO source=server.go:225 msg=ServeHTTP method=POST path=/v1/completions took=5.598803375s status="200 OK"
time=2026-09-12T09:09:23.029+08:00 level=INFO source=pipeline.go:91 msg="peak memory" size="29.41 GiB"
time=2026-09-12T09:09:23.030+08:00 level=INFO source=prefix_cache.go:124 msg="cache hit" total=1931 matched=193 cached=162 left=1769
time=2026-09-12T09:09:23.081+08:00 level=INFO source=server.go:225 msg=ServeHTTP method=GET path=/v1/status took=50.608375ms status="200 OK"
time=2026-09-12T09:09:24.320+08:00 level=INFO source=pipeline.go:200 msg="Prompt processing progress" processed=1768 total=1769
[GIN] 2026/09/12 - 09:09:25 | 200 |  5.646248958s |       127.0.0.1 | POST     "/api/chat"
time=2026-09-12T09:09:25.586+08:00 level=INFO source=server.go:225 msg=ServeHTTP method=POST path=/v1/completions took=5.6388335s status="200 OK"
time=2026-09-12T09:09:25.593+08:00 level=INFO source=pipeline.go:91 msg="peak memory" size="30.36 GiB"
time=2026-09-12T09:09:25.594+08:00 level=INFO source=prefix_cache.go:124 msg="cache hit" total=2418 matched=181 cached=181 left=2237
time=2026-09-12T09:09:25.644+08:00 level=INFO source=server.go:225 msg=ServeHTTP method=GET path=/v1/status took=50.8905ms status="200 OK"
time=2026-09-12T09:09:27.013+08:00 level=INFO source=pipeline.go:200 msg="Prompt processing progress" processed=2048 total=2237
time=2026-09-12T09:09:27.329+08:00 level=INFO source=pipeline.go:200 msg="Prompt processing progress" processed=2236 total=2237
[GIN] 2026/09/12 - 09:09:35 | 200 |    14.230721s |       127.0.0.1 | POST     "/api/chat"
time=2026-09-12T09:09:35.594+08:00 level=INFO source=server.go:225 msg=ServeHTTP method=POST path=/v1/completions took=14.171919792s status="200 OK"
time=2026-09-12T09:09:35.599+08:00 level=INFO source=pipeline.go:91 msg="peak memory" size="30.48 GiB"
time=2026-09-12T09:09:35.603+08:00 level=INFO source=prefix_cache.go:124 msg="cache hit" total=1899 matched=166 cached=161 left=1738
time=2026-09-12T09:09:35.655+08:00 level=INFO source=server.go:225 msg=ServeHTTP method=GET path=/v1/status took=50.838ms status="200 OK"
time=2026-09-12T09:09:36.900+08:00 level=INFO source=pipeline.go:200 msg="Prompt processing progress" processed=1737 total=1738
[GIN] 2026/09/12 - 09:09:37 | 200 | 14.914401375s |       127.0.0.1 | POST     "/api/chat"
time=2026-09-12T09:09:37.939+08:00 level=INFO source=server.go:225 msg=ServeHTTP method=POST path=/v1/completions took=14.856963708s status="200 OK"
time=2026-09-12T09:09:37.948+08:00 level=INFO source=pipeline.go:91 msg="peak memory" size="30.38 GiB"
time=2026-09-12T09:09:37.948+08:00 level=INFO source=server.go:225 msg=ServeHTTP method=GET path=/v1/status took=704.375µs status="200 OK"
time=2026-09-12T09:09:37.951+08:00 level=INFO source=prefix_cache.go:124 msg="cache hit" total=856 matched=163 cached=163 left=693
time=2026-09-12T09:09:38.479+08:00 level=INFO source=pipeline.go:200 msg="Prompt processing progress" processed=692 total=693
time=2026-09-12T09:09:40.852+08:00 level=INFO source=server.go:225 msg=ServeHTTP method=POST path=/v1/completions took=15.206799417s status="200 OK"
[GIN] 2026/09/12 - 09:09:40 | 200 |  15.26439175s |       127.0.0.1 | POST     "/api/chat"
time=2026-09-12T09:09:40.858+08:00 level=INFO source=pipeline.go:91 msg="peak memory" size="29.50 GiB"
time=2026-09-12T09:09:40.861+08:00 level=INFO source=prefix_cache.go:124 msg="cache hit" total=795 matched=188 cached=181 left=614
time=2026-09-12T09:09:40.912+08:00 level=INFO source=server.go:225 msg=ServeHTTP method=GET path=/v1/status took=50.469583ms status="200 OK"
time=2026-09-12T09:09:41.309+08:00 level=INFO source=pipeline.go:200 msg="Prompt processing progress" processed=613 total=614
[GIN] 2026/09/12 - 09:09:42 | 200 |  6.751254625s |       127.0.0.1 | POST     "/api/chat"
time=2026-09-12T09:09:42.349+08:00 level=INFO source=server.go:225 msg=ServeHTTP method=POST path=/v1/completions took=6.693325958s status="200 OK"
time=2026-09-12T09:09:42.358+08:00 level=INFO source=pipeline.go:91 msg="peak memory" size="29.56 GiB"
time=2026-09-12T09:09:42.362+08:00 level=INFO source=prefix_cache.go:124 msg="cache hit" total=977 matched=179 cached=166 left=811
time=2026-09-12T09:09:42.409+08:00 level=INFO source=server.go:225 msg=ServeHTTP method=GET path=/v1/status took=50.355458ms status="200 OK"
time=2026-09-12T09:09:42.974+08:00 level=INFO source=pipeline.go:200 msg="Prompt processing progress" processed=810 total=811
[GIN] 2026/09/12 - 09:09:44 | 200 |  6.171839916s |       127.0.0.1 | POST     "/api/chat"
time=2026-09-12T09:09:44.113+08:00 level=INFO source=server.go:225 msg=ServeHTTP method=POST path=/v1/completions took=6.164548625s status="200 OK"
time=2026-09-12T09:09:44.122+08:00 level=INFO source=pipeline.go:91 msg="peak memory" size="29.66 GiB"
time=2026-09-12T09:09:44.122+08:00 level=INFO source=server.go:225 msg=ServeHTTP method=GET path=/v1/status took=607.291µs status="200 OK"
time=2026-09-12T09:09:44.125+08:00 level=INFO source=prefix_cache.go:124 msg="cache hit" total=964 matched=164 cached=164 left=800
time=2026-09-12T09:09:44.718+08:00 level=INFO source=pipeline.go:200 msg="Prompt processing progress" processed=799 total=800
[GIN] 2026/09/12 - 09:09:49 | 200 |  8.455502666s |       127.0.0.1 | POST     "/api/chat"
time=2026-09-12T09:09:49.311+08:00 level=INFO source=server.go:225 msg=ServeHTTP method=POST path=/v1/completions took=8.398306083s status="200 OK"
time=2026-09-12T09:09:49.317+08:00 level=INFO source=pipeline.go:91 msg="peak memory" size="29.63 GiB"
time=2026-09-12T09:09:49.321+08:00 level=INFO source=prefix_cache.go:124 msg="cache hit" total=352 matched=181 cached=181 left=171
time=2026-09-12T09:09:49.372+08:00 level=INFO source=server.go:225 msg=ServeHTTP method=GET path=/v1/status took=51.070958ms status="200 OK"
time=2026-09-12T09:09:49.561+08:00 level=INFO source=pipeline.go:200 msg="Prompt processing progress" processed=170 total=171
[GIN] 2026/09/12 - 09:09:50 | 200 |  8.384887542s |       127.0.0.1 | POST     "/api/chat"
time=2026-09-12T09:09:50.737+08:00 level=INFO source=server.go:225 msg=ServeHTTP method=POST path=/v1/completions took=8.327912083s status="200 OK"
time=2026-09-12T09:09:50.745+08:00 level=INFO source=pipeline.go:91 msg="peak memory" size="28.90 GiB"
time=2026-09-12T09:09:50.749+08:00 level=INFO source=prefix_cache.go:124 msg="cache hit" total=778 matched=335 cached=179 left=599
time=2026-09-12T09:09:50.797+08:00 level=INFO source=server.go:225 msg=ServeHTTP method=GET path=/v1/status took=51.049583ms status="200 OK"
time=2026-09-12T09:09:51.268+08:00 level=INFO source=pipeline.go:200 msg="Prompt processing progress" processed=598 total=599
[GIN] 2026/09/12 - 09:09:52 | 200 |  8.405829541s |       127.0.0.1 | POST     "/api/chat"
time=2026-09-12T09:09:52.521+08:00 level=INFO source=server.go:225 msg=ServeHTTP method=POST path=/v1/completions took=8.39890125s status="200 OK"
time=2026-09-12T09:09:52.530+08:00 level=INFO source=pipeline.go:91 msg="peak memory" size="29.57 GiB"
time=2026-09-12T09:09:52.533+08:00 level=INFO source=prefix_cache.go:124 msg="cache hit" total=1021 matched=164 cached=163 left=858
time=2026-09-12T09:09:52.581+08:00 level=INFO source=server.go:225 msg=ServeHTTP method=GET path=/v1/status took=51.056666ms status="200 OK"
time=2026-09-12T09:09:53.196+08:00 level=INFO source=pipeline.go:200 msg="Prompt processing progress" processed=857 total=858
[GIN] 2026/09/12 - 09:09:55 | 200 |  6.084114583s |       127.0.0.1 | POST     "/api/chat"
time=2026-09-12T09:09:55.397+08:00 level=INFO source=server.go:225 msg=ServeHTTP method=POST path=/v1/completions took=6.024659833s status="200 OK"
time=2026-09-12T09:09:55.406+08:00 level=INFO source=pipeline.go:91 msg="peak memory" size="29.77 GiB"
time=2026-09-12T09:09:55.406+08:00 level=INFO source=server.go:225 msg=ServeHTTP method=GET path=/v1/status took=1.185375ms status="200 OK"
time=2026-09-12T09:09:55.410+08:00 level=INFO source=prefix_cache.go:124 msg="cache hit" total=407 matched=181 cached=181 left=226
time=2026-09-12T09:09:55.668+08:00 level=INFO source=pipeline.go:200 msg="Prompt processing progress" processed=225 total=226
[GIN] 2026/09/12 - 09:09:59 | 200 |  8.787836166s |       127.0.0.1 | POST     "/api/chat"
time=2026-09-12T09:09:59.527+08:00 level=INFO source=server.go:225 msg=ServeHTTP method=POST path=/v1/completions took=8.730263834s status="200 OK"
time=2026-09-12T09:09:59.534+08:00 level=INFO source=pipeline.go:91 msg="peak memory" size="28.94 GiB"
time=2026-09-12T09:09:59.535+08:00 level=INFO source=prefix_cache.go:124 msg="cache hit" total=830 matched=179 cached=179 left=651
time=2026-09-12T09:09:59.587+08:00 level=INFO source=server.go:225 msg=ServeHTTP method=GET path=/v1/status took=51.10675ms status="200 OK"
time=2026-09-12T09:10:00.063+08:00 level=INFO source=pipeline.go:200 msg="Prompt processing progress" processed=650 total=651
[GIN] 2026/09/12 - 09:10:01 | 200 |  8.808800125s |       127.0.0.1 | POST     "/api/chat"
time=2026-09-12T09:10:01.332+08:00 level=INFO source=server.go:225 msg=ServeHTTP method=POST path=/v1/completions took=8.750924s status="200 OK"
time=2026-09-12T09:10:01.340+08:00 level=INFO source=pipeline.go:91 msg="peak memory" size="29.49 GiB"
time=2026-09-12T09:10:01.343+08:00 level=INFO source=prefix_cache.go:124 msg="cache hit" total=1029 matched=163 cached=162 left=867
time=2026-09-12T09:10:01.395+08:00 level=INFO source=server.go:225 msg=ServeHTTP method=GET path=/v1/status took=51.071542ms status="200 OK"
time=2026-09-12T09:10:02.045+08:00 level=INFO source=pipeline.go:200 msg="Prompt processing progress" processed=866 total=867
[GIN] 2026/09/12 - 09:10:04 | 200 |  8.854420875s |       127.0.0.1 | POST     "/api/chat"
time=2026-09-12T09:10:04.253+08:00 level=INFO source=server.go:225 msg=ServeHTTP method=POST path=/v1/completions took=8.846755042s status="200 OK"
time=2026-09-12T09:10:04.260+08:00 level=INFO source=pipeline.go:91 msg="peak memory" size="29.74 GiB"
time=2026-09-12T09:10:04.265+08:00 level=INFO source=prefix_cache.go:124 msg="cache hit" total=515 matched=179 cached=178 left=337
time=2026-09-12T09:10:04.590+08:00 level=INFO source=pipeline.go:200 msg="Prompt processing progress" processed=336 total=337
time=2026-09-12T09:10:04.684+08:00 level=INFO source=server.go:225 msg=ServeHTTP method=GET path=/v1/status took=50.17525ms status="200 OK"
[GIN] 2026/09/12 - 09:10:05 | 200 |   6.03339925s |       127.0.0.1 | POST     "/api/chat"
time=2026-09-12T09:10:05.563+08:00 level=INFO source=server.go:225 msg=ServeHTTP method=POST path=/v1/completions took=5.975389666s status="200 OK"
time=2026-09-12T09:10:05.571+08:00 level=INFO source=pipeline.go:91 msg="peak memory" size="29.17 GiB"
time=2026-09-12T09:10:05.574+08:00 level=INFO source=prefix_cache.go:124 msg="cache hit" total=1893 matched=166 cached=166 left=1727
time=2026-09-12T09:10:05.624+08:00 level=INFO source=server.go:225 msg=ServeHTTP method=GET path=/v1/status took=51.092292ms status="200 OK"
time=2026-09-12T09:10:06.863+08:00 level=INFO source=pipeline.go:200 msg="Prompt processing progress" processed=1726 total=1727
[GIN] 2026/09/12 - 09:10:08 | 200 |  6.775744583s |       127.0.0.1 | POST     "/api/chat"
time=2026-09-12T09:10:08.113+08:00 level=INFO source=server.go:225 msg=ServeHTTP method=POST path=/v1/completions took=6.717884042s status="200 OK"
time=2026-09-12T09:10:08.123+08:00 level=INFO source=pipeline.go:91 msg="peak memory" size="30.32 GiB"
time=2026-09-12T09:10:08.123+08:00 level=INFO source=prefix_cache.go:124 msg="cache hit" total=1841 matched=159 cached=157 left=1684
time=2026-09-12T09:10:08.175+08:00 level=INFO source=server.go:225 msg=ServeHTTP method=GET path=/v1/status took=50.984917ms status="200 OK"
time=2026-09-12T09:10:09.232+08:00 level=INFO source=pipeline.go:200 msg="Prompt processing progress" processed=1683 total=1684
[GIN] 2026/09/12 - 09:10:09 | 200 |  5.268422666s |       127.0.0.1 | POST     "/api/chat"
time=2026-09-12T09:10:09.896+08:00 level=INFO source=server.go:225 msg=ServeHTTP method=POST path=/v1/completions took=5.211324542s status="200 OK"
time=2026-09-12T09:10:09.905+08:00 level=INFO source=pipeline.go:91 msg="peak memory" size="30.31 GiB"
time=2026-09-12T09:10:09.909+08:00 level=INFO source=prefix_cache.go:124 msg="cache hit" total=304 matched=161 cached=161 left=143
time=2026-09-12T09:10:10.111+08:00 level=INFO source=pipeline.go:200 msg="Prompt processing progress" processed=142 total=143
time=2026-09-12T09:10:10.189+08:00 level=INFO source=server.go:225 msg=ServeHTTP method=GET path=/v1/status took=50.446875ms status="200 OK"
[GIN] 2026/09/12 - 09:10:10 | 200 |  5.229941334s |       127.0.0.1 | POST     "/api/chat"
time=2026-09-12T09:10:10.796+08:00 level=INFO source=server.go:225 msg=ServeHTTP method=POST path=/v1/completions took=5.172011833s status="200 OK"
time=2026-09-12T09:10:10.804+08:00 level=INFO source=pipeline.go:91 msg="peak memory" size="28.84 GiB"
time=2026-09-12T09:10:10.806+08:00 level=INFO source=prefix_cache.go:124 msg="cache hit" total=1059 matched=179 cached=166 left=893
time=2026-09-12T09:10:10.856+08:00 level=INFO source=server.go:225 msg=ServeHTTP method=GET path=/v1/status took=51.056417ms status="200 OK"
time=2026-09-12T09:10:11.436+08:00 level=INFO source=pipeline.go:200 msg="Prompt processing progress" processed=892 total=893
[GIN] 2026/09/12 - 09:10:12 | 200 |  4.578998625s |       127.0.0.1 | POST     "/api/chat"
time=2026-09-12T09:10:12.697+08:00 level=INFO source=server.go:225 msg=ServeHTTP method=POST path=/v1/completions took=4.521346625s status="200 OK"
time=2026-09-12T09:10:12.706+08:00 level=INFO source=pipeline.go:91 msg="peak memory" size="29.77 GiB"
time=2026-09-12T09:10:12.706+08:00 level=INFO source=server.go:225 msg=ServeHTTP method=GET path=/v1/status took=363.958µs status="200 OK"
time=2026-09-12T09:10:12.707+08:00 level=INFO source=prefix_cache.go:124 msg="cache hit" total=1880 matched=207 cached=159 left=1721
time=2026-09-12T09:10:13.898+08:00 level=INFO source=pipeline.go:200 msg="Prompt processing progress" processed=1720 total=1721
[GIN] 2026/09/12 - 09:10:14 | 200 |  4.548317917s |       127.0.0.1 | POST     "/api/chat"
time=2026-09-12T09:10:14.681+08:00 level=INFO source=server.go:225 msg=ServeHTTP method=POST path=/v1/completions took=4.490973417s status="200 OK"
time=2026-09-12T09:10:14.689+08:00 level=INFO source=pipeline.go:91 msg="peak memory" size="30.26 GiB"
time=2026-09-12T09:10:14.691+08:00 level=INFO source=prefix_cache.go:124 msg="cache hit" total=317 matched=166 cached=161 left=156
time=2026-09-12T09:10:14.904+08:00 level=INFO source=pipeline.go:200 msg="Prompt processing progress" processed=155 total=156
time=2026-09-12T09:10:15.145+08:00 level=INFO source=server.go:225 msg=ServeHTTP method=GET path=/v1/status took=50.617792ms status="200 OK"
[GIN] 2026/09/12 - 09:10:15 | 200 |  4.733478584s |       127.0.0.1 | POST     "/api/chat"
time=2026-09-12T09:10:15.532+08:00 level=INFO source=server.go:225 msg=ServeHTTP method=POST path=/v1/completions took=4.675423625s status="200 OK"
time=2026-09-12T09:10:15.541+08:00 level=INFO source=pipeline.go:91 msg="peak memory" size="28.90 GiB"
time=2026-09-12T09:10:15.541+08:00 level=INFO source=server.go:225 msg=ServeHTTP method=GET path=/v1/status took=1.139125ms status="200 OK"
time=2026-09-12T09:10:15.549+08:00 level=INFO source=prefix_cache.go:124 msg="cache hit" total=877 matched=282 cached=179 left=698
time=2026-09-12T09:10:16.062+08:00 level=INFO source=pipeline.go:200 msg="Prompt processing progress" processed=697 total=698
[GIN] 2026/09/12 - 09:10:17 | 200 |  4.632317917s |       127.0.0.1 | POST     "/api/chat"
time=2026-09-12T09:10:17.332+08:00 level=INFO source=server.go:225 msg=ServeHTTP method=POST path=/v1/completions took=4.625601208s status="200 OK"
time=2026-09-12T09:10:17.342+08:00 level=INFO source=pipeline.go:91 msg="peak memory" size="29.67 GiB"
time=2026-09-12T09:10:17.342+08:00 level=INFO source=server.go:225 msg=ServeHTTP method=GET path=/v1/status took=2.080083ms status="200 OK"
time=2026-09-12T09:10:17.345+08:00 level=INFO source=prefix_cache.go:124 msg="cache hit" total=1860 matched=248 cached=207 left=1653
time=2026-09-12T09:10:18.510+08:00 level=INFO source=pipeline.go:200 msg="Prompt processing progress" processed=1652 total=1653
[GIN] 2026/09/12 - 09:10:19 | 200 |  4.240321917s |       127.0.0.1 | POST     "/api/chat"
time=2026-09-12T09:10:19.329+08:00 level=INFO source=server.go:225 msg=ServeHTTP method=POST path=/v1/completions took=4.183079625s status="200 OK"
time=2026-09-12T09:10:19.337+08:00 level=INFO source=pipeline.go:91 msg="peak memory" size="30.20 GiB"
time=2026-09-12T09:10:19.341+08:00 level=INFO source=prefix_cache.go:124 msg="cache hit" total=222 matched=166 cached=166 left=56
time=2026-09-12T09:10:19.407+08:00 level=INFO source=server.go:225 msg=ServeHTTP method=GET path=/v1/status took=51.056292ms status="200 OK"
time=2026-09-12T09:10:19.521+08:00 level=INFO source=pipeline.go:200 msg="Prompt processing progress" processed=55 total=56
time=2026-09-12T09:10:20.195+08:00 level=INFO source=server.go:225 msg=ServeHTTP method=POST path=/v1/completions took=4.653888625s status="200 OK"
[GIN] 2026/09/12 - 09:10:20 | 200 |  4.661748458s |       127.0.0.1 | POST     "/api/chat"
time=2026-09-12T09:10:20.203+08:00 level=INFO source=pipeline.go:91 msg="peak memory" size="28.72 GiB"
time=2026-09-12T09:10:20.205+08:00 level=INFO source=prefix_cache.go:124 msg="cache hit" total=941 matched=267 cached=179 left=762
time=2026-09-12T09:10:20.254+08:00 level=INFO source=server.go:225 msg=ServeHTTP method=GET path=/v1/status took=50.688916ms status="200 OK"
time=2026-09-12T09:10:20.745+08:00 level=INFO source=pipeline.go:200 msg="Prompt processing progress" processed=761 total=762
[GIN] 2026/09/12 - 09:10:22 | 200 |  4.681730208s |       127.0.0.1 | POST     "/api/chat"
time=2026-09-12T09:10:22.016+08:00 level=INFO source=server.go:225 msg=ServeHTTP method=POST path=/v1/completions took=4.673320209s status="200 OK"
time=2026-09-12T09:10:22.024+08:00 level=INFO source=pipeline.go:91 msg="peak memory" size="29.59 GiB"
time=2026-09-12T09:10:22.029+08:00 level=INFO source=prefix_cache.go:124 msg="cache hit" total=226 matched=201 cached=159 left=67
time=2026-09-12T09:10:22.078+08:00 level=INFO source=server.go:225 msg=ServeHTTP method=GET path=/v1/status took=50.5955ms status="200 OK"
time=2026-09-12T09:10:22.218+08:00 level=INFO source=pipeline.go:200 msg="Prompt processing progress" processed=66 total=67
[GIN] 2026/09/12 - 09:10:22 | 200 |  3.349835291s |       127.0.0.1 | POST     "/api/chat"
time=2026-09-12T09:10:22.699+08:00 level=INFO source=server.go:225 msg=ServeHTTP method=POST path=/v1/completions took=3.292095959s status="200 OK"
time=2026-09-12T09:10:22.707+08:00 level=INFO source=pipeline.go:91 msg="peak memory" size="28.77 GiB"
time=2026-09-12T09:10:22.711+08:00 level=INFO source=prefix_cache.go:124 msg="cache hit" total=225 matched=167 cached=166 left=59
time=2026-09-12T09:10:22.903+08:00 level=INFO source=pipeline.go:200 msg="Prompt processing progress" processed=58 total=59
time=2026-09-12T09:10:22.998+08:00 level=INFO source=server.go:225 msg=ServeHTTP method=GET path=/v1/status took=50.215ms status="200 OK"
[GIN] 2026/09/12 - 09:10:23 | 200 |  3.313519375s |       127.0.0.1 | POST     "/api/chat"
time=2026-09-12T09:10:23.511+08:00 level=INFO source=server.go:225 msg=ServeHTTP method=POST path=/v1/completions took=3.256432958s status="200 OK"
time=2026-09-12T09:10:23.517+08:00 level=INFO source=pipeline.go:91 msg="peak memory" size="28.81 GiB"
time=2026-09-12T09:10:23.519+08:00 level=INFO source=prefix_cache.go:124 msg="cache hit" total=1938 matched=167 cached=166 left=1772
time=2026-09-12T09:10:23.570+08:00 level=INFO source=server.go:225 msg=ServeHTTP method=GET path=/v1/status took=51.061791ms status="200 OK"
time=2026-09-12T09:10:24.785+08:00 level=INFO source=pipeline.go:200 msg="Prompt processing progress" processed=1771 total=1772
[GIN] 2026/09/12 - 09:10:25 | 200 |  3.823918125s |       127.0.0.1 | POST     "/api/chat"
time=2026-09-12T09:10:25.845+08:00 level=INFO source=server.go:225 msg=ServeHTTP method=POST path=/v1/completions took=3.766412417s status="200 OK"
time=2026-09-12T09:10:25.852+08:00 level=INFO source=pipeline.go:91 msg="peak memory" size="30.42 GiB"
time=2026-09-12T09:10:25.856+08:00 level=INFO source=prefix_cache.go:124 msg="cache hit" total=1914 matched=165 cached=159 left=1755
time=2026-09-12T09:10:25.904+08:00 level=INFO source=server.go:225 msg=ServeHTTP method=GET path=/v1/status took=51.064417ms status="200 OK"
time=2026-09-12T09:10:27.065+08:00 level=INFO source=pipeline.go:200 msg="Prompt processing progress" processed=1754 total=1755
[GIN] 2026/09/12 - 09:10:27 | 200 |  4.652239625s |       127.0.0.1 | POST     "/api/chat"
time=2026-09-12T09:10:27.593+08:00 level=INFO source=server.go:225 msg=ServeHTTP method=POST path=/v1/completions took=4.594914584s status="200 OK"
time=2026-09-12T09:10:27.601+08:00 level=INFO source=pipeline.go:91 msg="peak memory" size="30.43 GiB"
time=2026-09-12T09:10:27.610+08:00 level=INFO source=prefix_cache.go:124 msg="cache hit" total=231 matched=167 cached=167 left=64
time=2026-09-12T09:10:27.809+08:00 level=INFO source=pipeline.go:200 msg="Prompt processing progress" processed=63 total=64
time=2026-09-12T09:10:27.915+08:00 level=INFO source=server.go:225 msg=ServeHTTP method=GET path=/v1/status took=50.52775ms status="200 OK"
[GIN] 2026/09/12 - 09:10:28 | 200 |   5.09426975s |       127.0.0.1 | POST     "/api/chat"
time=2026-09-12T09:10:28.607+08:00 level=INFO source=server.go:225 msg=ServeHTTP method=POST path=/v1/completions took=5.0366325s status="200 OK"
time=2026-09-12T09:10:28.615+08:00 level=INFO source=pipeline.go:91 msg="peak memory" size="28.75 GiB"
time=2026-09-12T09:10:28.615+08:00 level=INFO source=server.go:225 msg=ServeHTTP method=GET path=/v1/status took=350µs status="200 OK"
time=2026-09-12T09:10:28.617+08:00 level=INFO source=prefix_cache.go:124 msg="cache hit" total=980 matched=179 cached=167 left=813
time=2026-09-12T09:10:29.194+08:00 level=INFO source=pipeline.go:200 msg="Prompt processing progress" processed=812 total=813
[GIN] 2026/09/12 - 09:10:30 | 200 |  4.664526792s |       127.0.0.1 | POST     "/api/chat"
time=2026-09-12T09:10:30.512+08:00 level=INFO source=server.go:225 msg=ServeHTTP method=POST path=/v1/completions took=4.606547292s status="200 OK"
time=2026-09-12T09:10:30.520+08:00 level=INFO source=pipeline.go:91 msg="peak memory" size="29.68 GiB"
time=2026-09-12T09:10:30.524+08:00 level=INFO source=prefix_cache.go:124 msg="cache hit" total=1917 matched=205 cached=165 left=1752
time=2026-09-12T09:10:30.571+08:00 level=INFO source=server.go:225 msg=ServeHTTP method=GET path=/v1/status took=50.310791ms status="200 OK"
time=2026-09-12T09:10:31.745+08:00 level=INFO source=pipeline.go:200 msg="Prompt processing progress" processed=1751 total=1752
[GIN] 2026/09/12 - 09:10:32 | 200 |  4.421880792s |       127.0.0.1 | POST     "/api/chat"
time=2026-09-12T09:10:32.279+08:00 level=INFO source=server.go:225 msg=ServeHTTP method=POST path=/v1/completions took=4.364356125s status="200 OK"
time=2026-09-12T09:10:32.289+08:00 level=INFO source=pipeline.go:91 msg="peak memory" size="30.38 GiB"
time=2026-09-12T09:10:32.290+08:00 level=INFO source=prefix_cache.go:124 msg="cache hit" total=311 matched=167 cached=167 left=144
time=2026-09-12T09:10:32.507+08:00 level=INFO source=pipeline.go:200 msg="Prompt processing progress" processed=143 total=144
time=2026-09-12T09:10:32.802+08:00 level=INFO source=server.go:225 msg=ServeHTTP method=GET path=/v1/status took=50.908334ms status="200 OK"
[GIN] 2026/09/12 - 09:10:34 | 200 |  5.556048875s |       127.0.0.1 | POST     "/api/chat"
time=2026-09-12T09:10:34.164+08:00 level=INFO source=server.go:225 msg=ServeHTTP method=POST path=/v1/completions took=5.549520667s status="200 OK"
time=2026-09-12T09:10:34.173+08:00 level=INFO source=pipeline.go:91 msg="peak memory" size="28.87 GiB"
time=2026-09-12T09:10:34.173+08:00 level=INFO source=server.go:225 msg=ServeHTTP method=GET path=/v1/status took=807.875µs status="200 OK"
time=2026-09-12T09:10:34.180+08:00 level=INFO source=prefix_cache.go:124 msg="cache hit" total=1023 matched=428 cached=179 left=844
time=2026-09-12T09:10:34.786+08:00 level=INFO source=pipeline.go:200 msg="Prompt processing progress" processed=843 total=844
[GIN] 2026/09/12 - 09:10:35 | 200 |  5.407254625s |       127.0.0.1 | POST     "/api/chat"
time=2026-09-12T09:10:35.922+08:00 level=INFO source=server.go:225 msg=ServeHTTP method=POST path=/v1/completions took=5.350160542s status="200 OK"
time=2026-09-12T09:10:35.930+08:00 level=INFO source=pipeline.go:91 msg="peak memory" size="29.68 GiB"
time=2026-09-12T09:10:35.933+08:00 level=INFO source=prefix_cache.go:124 msg="cache hit" total=1867 matched=248 cached=205 left=1662
time=2026-09-12T09:10:35.981+08:00 level=INFO source=server.go:225 msg=ServeHTTP method=GET path=/v1/status took=51.054125ms status="200 OK"
time=2026-09-12T09:10:37.147+08:00 level=INFO source=pipeline.go:200 msg="Prompt processing progress" processed=1661 total=1662
[GIN] 2026/09/12 - 09:10:38 | 200 |  5.966428959s |       127.0.0.1 | POST     "/api/chat"
time=2026-09-12T09:10:38.712+08:00 level=INFO source=server.go:225 msg=ServeHTTP method=POST path=/v1/completions took=5.908763s status="200 OK"
time=2026-09-12T09:10:38.720+08:00 level=INFO source=pipeline.go:91 msg="peak memory" size="30.31 GiB"
time=2026-09-12T09:10:38.721+08:00 level=INFO source=prefix_cache.go:124 msg="cache hit" total=295 matched=167 cached=167 left=128
time=2026-09-12T09:10:38.789+08:00 level=INFO source=server.go:225 msg=ServeHTTP method=GET path=/v1/status took=51.054791ms status="200 OK"
time=2026-09-12T09:10:39.035+08:00 level=INFO source=pipeline.go:200 msg="Prompt processing progress" processed=127 total=128
[GIN] 2026/09/12 - 09:10:40 | 200 |  6.014018375s |       127.0.0.1 | POST     "/api/chat"
time=2026-09-12T09:10:40.180+08:00 level=INFO source=server.go:225 msg=ServeHTTP method=POST path=/v1/completions took=6.006556458s status="200 OK"
time=2026-09-12T09:10:40.189+08:00 level=INFO source=pipeline.go:91 msg="peak memory" size="28.88 GiB"
time=2026-09-12T09:10:40.194+08:00 level=INFO source=prefix_cache.go:124 msg="cache hit" total=1099 matched=179 cached=179 left=920
time=2026-09-12T09:10:40.241+08:00 level=INFO source=server.go:225 msg=ServeHTTP method=GET path=/v1/status took=51.05775ms status="200 OK"
time=2026-09-12T09:10:40.846+08:00 level=INFO source=pipeline.go:200 msg="Prompt processing progress" processed=919 total=920
[GIN] 2026/09/12 - 09:10:41 | 200 |  6.027428625s |       127.0.0.1 | POST     "/api/chat"
time=2026-09-12T09:10:41.952+08:00 level=INFO source=server.go:225 msg=ServeHTTP method=POST path=/v1/completions took=5.969915292s status="200 OK"
time=2026-09-12T09:10:41.959+08:00 level=INFO source=pipeline.go:91 msg="peak memory" size="29.77 GiB"
time=2026-09-12T09:10:41.961+08:00 level=INFO source=prefix_cache.go:124 msg="cache hit" total=233 matched=201 cached=165 left=68
time=2026-09-12T09:10:42.017+08:00 level=INFO source=server.go:225 msg=ServeHTTP method=GET path=/v1/status took=51.071959ms status="200 OK"
time=2026-09-12T09:10:42.153+08:00 level=INFO source=pipeline.go:200 msg="Prompt processing progress" processed=67 total=68
[GIN] 2026/09/12 - 09:10:42 | 200 |  3.909007042s |       127.0.0.1 | POST     "/api/chat"
time=2026-09-12T09:10:42.641+08:00 level=INFO source=server.go:225 msg=ServeHTTP method=POST path=/v1/completions took=3.85138625s status="200 OK"
time=2026-09-12T09:10:42.649+08:00 level=INFO source=pipeline.go:91 msg="peak memory" size="28.84 GiB"
time=2026-09-12T09:10:42.655+08:00 level=INFO source=prefix_cache.go:124 msg="cache hit" total=259 matched=167 cached=167 left=92
time=2026-09-12T09:10:42.903+08:00 level=INFO source=pipeline.go:200 msg="Prompt processing progress" processed=91 total=92
[GIN] 2026/09/12 - 09:10:43 | 200 |  3.731132167s |       127.0.0.1 | POST     "/api/chat"
time=2026-09-12T09:10:43.915+08:00 level=INFO source=server.go:225 msg=ServeHTTP method=POST path=/v1/completions took=3.673407875s status="200 OK"
time=2026-09-12T09:10:43.923+08:00 level=INFO source=pipeline.go:91 msg="peak memory" size="28.89 GiB"
time=2026-09-12T09:10:43.925+08:00 level=INFO source=prefix_cache.go:124 msg="cache hit" total=1886 matched=167 cached=167 left=1719
time=2026-09-12T09:10:43.973+08:00 level=INFO source=server.go:225 msg=ServeHTTP method=GET path=/v1/status took=50.352792ms status="200 OK"
time=2026-09-12T09:10:45.146+08:00 level=INFO source=pipeline.go:200 msg="Prompt processing progress" processed=1718 total=1719
[GIN] 2026/09/12 - 09:10:46 | 200 |  4.745668583s |       127.0.0.1 | POST     "/api/chat"
time=2026-09-12T09:10:46.706+08:00 level=INFO source=server.go:225 msg=ServeHTTP method=POST path=/v1/completions took=4.688142333s status="200 OK"
time=2026-09-12T09:10:46.714+08:00 level=INFO source=pipeline.go:91 msg="peak memory" size="30.28 GiB"
time=2026-09-12T09:10:46.715+08:00 level=INFO source=prefix_cache.go:124 msg="cache hit" total=301 matched=167 cached=167 left=134
time=2026-09-12T09:10:46.765+08:00 level=INFO source=server.go:225 msg=ServeHTTP method=GET path=/v1/status took=51.058625ms status="200 OK"
time=2026-09-12T09:10:46.912+08:00 level=INFO source=pipeline.go:200 msg="Prompt processing progress" processed=133 total=134
[GIN] 2026/09/12 - 09:10:47 | 200 |  4.064788167s |       127.0.0.1 | POST     "/api/chat"
time=2026-09-12T09:10:47.981+08:00 level=INFO source=server.go:225 msg=ServeHTTP method=POST path=/v1/completions took=4.007546667s status="200 OK"
time=2026-09-12T09:10:47.989+08:00 level=INFO source=pipeline.go:91 msg="peak memory" size="28.85 GiB"
time=2026-09-12T09:10:47.990+08:00 level=INFO source=server.go:225 msg=ServeHTTP method=GET path=/v1/status took=312.125µs status="200 OK"
time=2026-09-12T09:10:47.991+08:00 level=INFO source=prefix_cache.go:124 msg="cache hit" total=1093 matched=179 cached=167 left=926
time=2026-09-12T09:10:48.662+08:00 level=INFO source=pipeline.go:200 msg="Prompt processing progress" processed=925 total=926
[GIN] 2026/09/12 - 09:10:50 | 200 |  3.614791458s |       127.0.0.1 | POST     "/api/chat"
time=2026-09-12T09:10:50.323+08:00 level=INFO source=server.go:225 msg=ServeHTTP method=POST path=/v1/completions took=3.557327208s status="200 OK"
time=2026-09-12T09:10:50.336+08:00 level=INFO source=pipeline.go:91 msg="peak memory" size="29.83 GiB"
time=2026-09-12T09:10:50.336+08:00 level=INFO source=server.go:225 msg=ServeHTTP method=GET path=/v1/status took=3.06825ms status="200 OK"
time=2026-09-12T09:10:50.337+08:00 level=INFO source=prefix_cache.go:124 msg="cache hit" total=359 matched=166 cached=166 left=193
time=2026-09-12T09:10:50.562+08:00 level=INFO source=pipeline.go:200 msg="Prompt processing progress" processed=192 total=193
[GIN] 2026/09/12 - 09:10:52 | 200 |  4.440219708s |       127.0.0.1 | POST     "/api/chat"
time=2026-09-12T09:10:52.423+08:00 level=INFO source=server.go:225 msg=ServeHTTP method=POST path=/v1/completions took=4.433618042s status="200 OK"
time=2026-09-12T09:10:52.431+08:00 level=INFO source=pipeline.go:91 msg="peak memory" size="28.92 GiB"
time=2026-09-12T09:10:52.431+08:00 level=INFO source=server.go:225 msg=ServeHTTP method=GET path=/v1/status took=299.292µs status="200 OK"
time=2026-09-12T09:10:52.435+08:00 level=INFO source=prefix_cache.go:124 msg="cache hit" total=1176 matched=581 cached=179 left=997
time=2026-09-12T09:10:53.156+08:00 level=INFO source=pipeline.go:200 msg="Prompt processing progress" processed=996 total=997
[GIN] 2026/09/12 - 09:10:57 | 200 |  7.484443167s |       127.0.0.1 | POST     "/api/chat"
time=2026-09-12T09:10:57.811+08:00 level=INFO source=server.go:225 msg=ServeHTTP method=POST path=/v1/completions took=7.474593083s status="200 OK"
time=2026-09-12T09:10:57.819+08:00 level=INFO source=pipeline.go:91 msg="peak memory" size="29.90 GiB"
time=2026-09-12T09:10:57.822+08:00 level=INFO source=prefix_cache.go:124 msg="cache hit" total=254 matched=167 cached=166 left=88
time=2026-09-12T09:10:57.870+08:00 level=INFO source=server.go:225 msg=ServeHTTP method=GET path=/v1/status took=50.686958ms status="200 OK"
time=2026-09-12T09:10:58.055+08:00 level=INFO source=pipeline.go:200 msg="Prompt processing progress" processed=87 total=88
[GIN] 2026/09/12 - 09:10:59 | 200 |  6.703724458s |       127.0.0.1 | POST     "/api/chat"
time=2026-09-12T09:10:59.129+08:00 level=INFO source=server.go:225 msg=ServeHTTP method=POST path=/v1/completions took=6.697184167s status="200 OK"
time=2026-09-12T09:10:59.137+08:00 level=INFO source=pipeline.go:91 msg="peak memory" size="28.83 GiB"
time=2026-09-12T09:10:59.137+08:00 level=INFO source=server.go:225 msg=ServeHTTP method=GET path=/v1/status took=754µs status="200 OK"
time=2026-09-12T09:10:59.145+08:00 level=INFO source=prefix_cache.go:124 msg="cache hit" total=1266 matched=179 cached=179 left=1087
time=2026-09-12T09:10:59.962+08:00 level=INFO source=pipeline.go:200 msg="Prompt processing progress" processed=1086 total=1087
[GIN] 2026/09/12 - 09:11:01 | 200 |  3.632133416s |       127.0.0.1 | POST     "/api/chat"
time=2026-09-12T09:11:01.445+08:00 level=INFO source=server.go:225 msg=ServeHTTP method=POST path=/v1/completions took=3.574821875s status="200 OK"
time=2026-09-12T09:11:01.454+08:00 level=INFO source=pipeline.go:91 msg="peak memory" size="29.95 GiB"
time=2026-09-12T09:11:01.456+08:00 level=INFO source=prefix_cache.go:124 msg="cache hit" total=655 matched=166 cached=166 left=489
time=2026-09-12T09:11:01.508+08:00 level=INFO source=server.go:225 msg=ServeHTTP method=GET path=/v1/status took=50.520292ms status="200 OK"
time=2026-09-12T09:11:01.870+08:00 level=INFO source=pipeline.go:200 msg="Prompt processing progress" processed=488 total=489
[GIN] 2026/09/12 - 09:11:03 | 200 |  3.959795833s |       127.0.0.1 | POST     "/api/chat"
time=2026-09-12T09:11:03.090+08:00 level=INFO source=server.go:225 msg=ServeHTTP method=POST path=/v1/completions took=3.952783875s status="200 OK"
time=2026-09-12T09:11:03.099+08:00 level=INFO source=pipeline.go:91 msg="peak memory" size="29.34 GiB"
time=2026-09-12T09:11:03.099+08:00 level=INFO source=server.go:225 msg=ServeHTTP method=GET path=/v1/status took=1.102958ms status="200 OK"
time=2026-09-12T09:11:03.102+08:00 level=INFO source=prefix_cache.go:124 msg="cache hit" total=1930 matched=167 cached=167 left=1763
time=2026-09-12T09:11:04.338+08:00 level=INFO source=pipeline.go:200 msg="Prompt processing progress" processed=1762 total=1763
[GIN] 2026/09/12 - 09:11:05 | 200 |  4.036857125s |       127.0.0.1 | POST     "/api/chat"
time=2026-09-12T09:11:05.488+08:00 level=INFO source=server.go:225 msg=ServeHTTP method=POST path=/v1/completions took=3.979580292s status="200 OK"
time=2026-09-12T09:11:05.497+08:00 level=INFO source=pipeline.go:91 msg="peak memory" size="30.29 GiB"
time=2026-09-12T09:11:05.498+08:00 level=INFO source=prefix_cache.go:124 msg="cache hit" total=654 matched=637 cached=166 left=488
time=2026-09-12T09:11:05.550+08:00 level=INFO source=server.go:225 msg=ServeHTTP method=GET path=/v1/status took=51.056041ms status="200 OK"
time=2026-09-12T09:11:05.902+08:00 level=INFO source=pipeline.go:200 msg="Prompt processing progress" processed=487 total=488
time=2026-09-12T09:11:06.345+08:00 level=INFO source=server.go:225 msg=ServeHTTP method=GET path=/v1/status took=50.470459ms status="200 OK"
time=2026-09-12T09:11:06.345+08:00 level=INFO source=server.go:225 msg=ServeHTTP method=POST path=/v1/completions took=3.245388667s status="200 OK"
[GIN] 2026/09/12 - 09:11:06 | 200 |  3.253007209s |       127.0.0.1 | POST     "/api/chat"
time=2026-09-12T09:11:06.353+08:00 level=INFO source=pipeline.go:91 msg="peak memory" size="29.37 GiB"
time=2026-09-12T09:11:06.355+08:00 level=INFO source=prefix_cache.go:124 msg="cache hit" total=1317 matched=179 cached=167 left=1150
time=2026-09-12T09:11:06.404+08:00 level=INFO source=server.go:225 msg=ServeHTTP method=GET path=/v1/status took=51.067916ms status="200 OK"
time=2026-09-12T09:11:07.178+08:00 level=INFO source=pipeline.go:200 msg="Prompt processing progress" processed=1149 total=1150
[GIN] 2026/09/12 - 09:11:08 | 200 |     3.038009s |       127.0.0.1 | POST     "/api/chat"
time=2026-09-12T09:11:08.530+08:00 level=INFO source=server.go:225 msg=ServeHTTP method=POST path=/v1/completions took=2.980453333s status="200 OK"
time=2026-09-12T09:11:08.539+08:00 level=INFO source=pipeline.go:91 msg="peak memory" size="30.09 GiB"
time=2026-09-12T09:11:08.541+08:00 level=INFO source=prefix_cache.go:124 msg="cache hit" total=308 matched=162 cached=162 left=146
time=2026-09-12T09:11:08.591+08:00 level=INFO source=server.go:225 msg=ServeHTTP method=GET path=/v1/status took=51.062375ms status="200 OK"
time=2026-09-12T09:11:08.739+08:00 level=INFO source=pipeline.go:200 msg="Prompt processing progress" processed=145 total=146
[GIN] 2026/09/12 - 09:11:09 | 200 |  3.421522833s |       127.0.0.1 | POST     "/api/chat"
time=2026-09-12T09:11:09.710+08:00 level=INFO source=server.go:225 msg=ServeHTTP method=POST path=/v1/completions took=3.3639875s status="200 OK"
time=2026-09-12T09:11:09.716+08:00 level=INFO source=pipeline.go:91 msg="peak memory" size="28.87 GiB"
time=2026-09-12T09:11:09.722+08:00 level=INFO source=prefix_cache.go:124 msg="cache hit" total=660 matched=635 cached=166 left=494
time=2026-09-12T09:11:09.769+08:00 level=INFO source=server.go:225 msg=ServeHTTP method=GET path=/v1/status took=51.067542ms status="200 OK"
time=2026-09-12T09:11:10.134+08:00 level=INFO source=pipeline.go:200 msg="Prompt processing progress" processed=493 total=494
[GIN] 2026/09/12 - 09:11:11 | 200 |  5.480824708s |       127.0.0.1 | POST     "/api/chat"
time=2026-09-12T09:11:11.828+08:00 level=INFO source=server.go:225 msg=ServeHTTP method=POST path=/v1/completions took=5.423207083s status="200 OK"
time=2026-09-12T09:11:11.836+08:00 level=INFO source=pipeline.go:91 msg="peak memory" size="29.42 GiB"
time=2026-09-12T09:11:11.836+08:00 level=INFO source=server.go:225 msg=ServeHTTP method=GET path=/v1/status took=398.083µs status="200 OK"
time=2026-09-12T09:11:11.839+08:00 level=INFO source=prefix_cache.go:124 msg="cache hit" total=1274 matched=431 cached=179 left=1095
time=2026-09-12T09:11:12.638+08:00 level=INFO source=pipeline.go:200 msg="Prompt processing progress" processed=1094 total=1095
[GIN] 2026/09/12 - 09:11:13 | 200 |  5.259033208s |       127.0.0.1 | POST     "/api/chat"
time=2026-09-12T09:11:13.793+08:00 level=INFO source=server.go:225 msg=ServeHTTP method=POST path=/v1/completions took=5.201454084s status="200 OK"
time=2026-09-12T09:11:13.801+08:00 level=INFO source=pipeline.go:91 msg="peak memory" size="30.00 GiB"
time=2026-09-12T09:11:13.804+08:00 level=INFO source=prefix_cache.go:124 msg="cache hit" total=533 matched=163 cached=163 left=370
time=2026-09-12T09:11:13.854+08:00 level=INFO source=server.go:225 msg=ServeHTTP method=GET path=/v1/status took=51.069583ms status="200 OK"
time=2026-09-12T09:11:14.147+08:00 level=INFO source=pipeline.go:200 msg="Prompt processing progress" processed=369 total=370
[GIN] 2026/09/12 - 09:11:15 | 200 |  6.085422708s |       127.0.0.1 | POST     "/api/chat"
time=2026-09-12T09:11:15.797+08:00 level=INFO source=server.go:225 msg=ServeHTTP method=POST path=/v1/completions took=6.027017583s status="200 OK"
time=2026-09-12T09:11:15.805+08:00 level=INFO source=pipeline.go:91 msg="peak memory" size="29.18 GiB"
time=2026-09-12T09:11:15.816+08:00 level=INFO source=prefix_cache.go:124 msg="cache hit" total=652 matched=637 cached=637 left=15
time=2026-09-12T09:11:15.856+08:00 level=INFO source=server.go:225 msg=ServeHTTP method=GET path=/v1/status took=50.315625ms status="200 OK"
time=2026-09-12T09:11:15.877+08:00 level=INFO source=pipeline.go:200 msg="Prompt processing progress" processed=14 total=15
[GIN] 2026/09/12 - 09:11:16 | 200 |  4.480153542s |       127.0.0.1 | POST     "/api/chat"
time=2026-09-12T09:11:16.310+08:00 level=INFO source=server.go:225 msg=ServeHTTP method=POST path=/v1/completions took=4.473107625s status="200 OK"
time=2026-09-12T09:11:16.316+08:00 level=INFO source=pipeline.go:91 msg="peak memory" size="28.84 GiB"
time=2026-09-12T09:11:16.319+08:00 level=INFO source=prefix_cache.go:124 msg="cache hit" total=1543 matched=179 cached=179 left=1364
time=2026-09-12T09:11:16.368+08:00 level=INFO source=server.go:225 msg=ServeHTTP method=GET path=/v1/status took=50.121459ms status="200 OK"
time=2026-09-12T09:11:17.279+08:00 level=INFO source=pipeline.go:200 msg="Prompt processing progress" processed=1363 total=1364
[GIN] 2026/09/12 - 09:11:18 | 200 |  4.649181041s |       127.0.0.1 | POST     "/api/chat"
time=2026-09-12T09:11:18.445+08:00 level=INFO source=server.go:225 msg=ServeHTTP method=POST path=/v1/completions took=4.591311667s status="200 OK"
time=2026-09-12T09:11:18.453+08:00 level=INFO source=pipeline.go:91 msg="peak memory" size="30.08 GiB"
time=2026-09-12T09:11:18.456+08:00 level=INFO source=prefix_cache.go:124 msg="cache hit" total=312 matched=163 cached=163 left=149
time=2026-09-12T09:11:18.512+08:00 level=INFO source=server.go:225 msg=ServeHTTP method=GET path=/v1/status took=51.065375ms status="200 OK"
time=2026-09-12T09:11:18.663+08:00 level=INFO source=pipeline.go:200 msg="Prompt processing progress" processed=148 total=149
[GIN] 2026/09/12 - 09:11:19 | 200 |  3.903263875s |       127.0.0.1 | POST     "/api/chat"
time=2026-09-12T09:11:19.703+08:00 level=INFO source=server.go:225 msg=ServeHTTP method=POST path=/v1/completions took=3.846061083s status="200 OK"
time=2026-09-12T09:11:19.710+08:00 level=INFO source=pipeline.go:91 msg="peak memory" size="28.87 GiB"
time=2026-09-12T09:11:19.716+08:00 level=INFO source=prefix_cache.go:124 msg="cache hit" total=254 matched=167 cached=166 left=88
time=2026-09-12T09:11:19.762+08:00 level=INFO source=server.go:225 msg=ServeHTTP method=GET path=/v1/status took=51.067375ms status="200 OK"
time=2026-09-12T09:11:19.944+08:00 level=INFO source=pipeline.go:200 msg="Prompt processing progress" processed=87 total=88
[GIN] 2026/09/12 - 09:11:21 | 200 |  4.740609542s |       127.0.0.1 | POST     "/api/chat"
time=2026-09-12T09:11:21.052+08:00 level=INFO source=server.go:225 msg=ServeHTTP method=POST path=/v1/completions took=4.683723917s status="200 OK"
time=2026-09-12T09:11:21.059+08:00 level=INFO source=pipeline.go:91 msg="peak memory" size="28.84 GiB"
time=2026-09-12T09:11:21.061+08:00 level=INFO source=prefix_cache.go:124 msg="cache hit" total=1935 matched=167 cached=167 left=1768
time=2026-09-12T09:11:21.111+08:00 level=INFO source=server.go:225 msg=ServeHTTP method=GET path=/v1/status took=51.062ms status="200 OK"
time=2026-09-12T09:11:22.281+08:00 level=INFO source=pipeline.go:200 msg="Prompt processing progress" processed=1767 total=1768
[GIN] 2026/09/12 - 09:11:24 | 200 |  6.092810292s |       127.0.0.1 | POST     "/api/chat"
time=2026-09-12T09:11:24.547+08:00 level=INFO source=server.go:225 msg=ServeHTTP method=POST path=/v1/completions took=6.035096666s status="200 OK"
time=2026-09-12T09:11:24.555+08:00 level=INFO source=pipeline.go:91 msg="peak memory" size="30.33 GiB"
time=2026-09-12T09:11:24.557+08:00 level=INFO source=prefix_cache.go:124 msg="cache hit" total=542 matched=163 cached=163 left=379
time=2026-09-12T09:11:24.607+08:00 level=INFO source=server.go:225 msg=ServeHTTP method=GET path=/v1/status took=51.0705ms status="200 OK"
time=2026-09-12T09:11:24.893+08:00 level=INFO source=pipeline.go:200 msg="Prompt processing progress" processed=378 total=379
[GIN] 2026/09/12 - 09:11:27 | 200 |  7.339668542s |       127.0.0.1 | POST     "/api/chat"
time=2026-09-12T09:11:27.044+08:00 level=INFO source=server.go:225 msg=ServeHTTP method=POST path=/v1/completions took=7.28166975s status="200 OK"
time=2026-09-12T09:11:27.049+08:00 level=INFO source=pipeline.go:91 msg="peak memory" size="29.20 GiB"
time=2026-09-12T09:11:27.057+08:00 level=INFO source=prefix_cache.go:124 msg="cache hit" total=255 matched=240 cached=167 left=88
time=2026-09-12T09:11:27.104+08:00 level=INFO source=server.go:225 msg=ServeHTTP method=GET path=/v1/status took=51.062584ms status="200 OK"
time=2026-09-12T09:11:27.284+08:00 level=INFO source=pipeline.go:200 msg="Prompt processing progress" processed=87 total=88
[GIN] 2026/09/12 - 09:11:28 | 200 |  7.276690416s |       127.0.0.1 | POST     "/api/chat"
time=2026-09-12T09:11:28.331+08:00 level=INFO source=server.go:225 msg=ServeHTTP method=POST path=/v1/completions took=7.219099625s status="200 OK"
time=2026-09-12T09:11:28.339+08:00 level=INFO source=pipeline.go:91 msg="peak memory" size="28.85 GiB"
time=2026-09-12T09:11:28.339+08:00 level=INFO source=server.go:225 msg=ServeHTTP method=GET path=/v1/status took=931.667µs status="200 OK"
time=2026-09-12T09:11:28.343+08:00 level=INFO source=prefix_cache.go:124 msg="cache hit" total=1554 matched=179 cached=167 left=1387
time=2026-09-12T09:11:29.337+08:00 level=INFO source=pipeline.go:200 msg="Prompt processing progress" processed=1386 total=1387
[GIN] 2026/09/12 - 09:11:31 | 200 |  6.964887584s |       127.0.0.1 | POST     "/api/chat"
time=2026-09-12T09:11:31.515+08:00 level=INFO source=server.go:225 msg=ServeHTTP method=POST path=/v1/completions took=6.907364208s status="200 OK"
time=2026-09-12T09:11:31.524+08:00 level=INFO source=pipeline.go:91 msg="peak memory" size="30.04 GiB"
time=2026-09-12T09:11:31.526+08:00 level=INFO source=prefix_cache.go:124 msg="cache hit" total=314 matched=163 cached=163 left=151
time=2026-09-12T09:11:31.577+08:00 level=INFO source=server.go:225 msg=ServeHTTP method=GET path=/v1/status took=51.076292ms status="200 OK"
time=2026-09-12T09:11:31.735+08:00 level=INFO source=pipeline.go:200 msg="Prompt processing progress" processed=150 total=151
[GIN] 2026/09/12 - 09:11:32 | 200 |  5.776766625s |       127.0.0.1 | POST     "/api/chat"
time=2026-09-12T09:11:32.823+08:00 level=INFO source=server.go:225 msg=ServeHTTP method=POST path=/v1/completions took=5.718634833s status="200 OK"
time=2026-09-12T09:11:32.832+08:00 level=INFO source=pipeline.go:91 msg="peak memory" size="28.83 GiB"
time=2026-09-12T09:11:32.832+08:00 level=INFO source=server.go:225 msg=ServeHTTP method=GET path=/v1/status took=606.333µs status="200 OK"
time=2026-09-12T09:11:32.838+08:00 level=INFO source=prefix_cache.go:124 msg="cache hit" total=262 matched=167 cached=167 left=95
time=2026-09-12T09:11:33.087+08:00 level=INFO source=pipeline.go:200 msg="Prompt processing progress" processed=94 total=95
[GIN] 2026/09/12 - 09:11:34 | 200 |  5.768472541s |       127.0.0.1 | POST     "/api/chat"
time=2026-09-12T09:11:34.101+08:00 level=INFO source=server.go:225 msg=ServeHTTP method=POST path=/v1/completions took=5.76121675s status="200 OK"
time=2026-09-12T09:11:34.107+08:00 level=INFO source=pipeline.go:91 msg="peak memory" size="28.76 GiB"
time=2026-09-12T09:11:34.113+08:00 level=INFO source=prefix_cache.go:124 msg="cache hit" total=1480 matched=386 cached=179 left=1301
time=2026-09-12T09:11:34.162+08:00 level=INFO source=server.go:225 msg=ServeHTTP method=GET path=/v1/status took=50.952083ms status="200 OK"
time=2026-09-12T09:11:35.180+08:00 level=INFO source=pipeline.go:200 msg="Prompt processing progress" processed=1300 total=1301
[GIN] 2026/09/12 - 09:11:36 | 200 |  4.981376375s |       127.0.0.1 | POST     "/api/chat"
time=2026-09-12T09:11:36.501+08:00 level=INFO source=server.go:225 msg=ServeHTTP method=POST path=/v1/completions took=4.923558084s status="200 OK"
time=2026-09-12T09:11:36.508+08:00 level=INFO source=pipeline.go:91 msg="peak memory" size="30.07 GiB"
time=2026-09-12T09:11:36.511+08:00 level=INFO source=prefix_cache.go:124 msg="cache hit" total=539 matched=164 cached=163 left=376
time=2026-09-12T09:11:36.563+08:00 level=INFO source=server.go:225 msg=ServeHTTP method=GET path=/v1/status took=51.056583ms status="200 OK"
time=2026-09-12T09:11:36.863+08:00 level=INFO source=pipeline.go:200 msg="Prompt processing progress" processed=375 total=376
[GIN] 2026/09/12 - 09:11:39 | 200 |  6.439881167s |       127.0.0.1 | POST     "/api/chat"
time=2026-09-12T09:11:39.264+08:00 level=INFO source=server.go:225 msg=ServeHTTP method=POST path=/v1/completions took=6.432674291s status="200 OK"
time=2026-09-12T09:11:39.275+08:00 level=INFO source=pipeline.go:91 msg="peak memory" size="29.25 GiB"
time=2026-09-12T09:11:39.285+08:00 level=INFO source=prefix_cache.go:124 msg="cache hit" total=416 matched=167 cached=167 left=249
time=2026-09-12T09:11:39.563+08:00 level=INFO source=pipeline.go:200 msg="Prompt processing progress" processed=248 total=249
[GIN] 2026/09/12 - 09:11:40 | 200 |  6.666350416s |       127.0.0.1 | POST     "/api/chat"
time=2026-09-12T09:11:40.771+08:00 level=INFO source=server.go:225 msg=ServeHTTP method=POST path=/v1/completions took=6.608730209s status="200 OK"
time=2026-09-12T09:11:40.779+08:00 level=INFO source=pipeline.go:91 msg="peak memory" size="29.01 GiB"
time=2026-09-12T09:11:40.787+08:00 level=INFO source=prefix_cache.go:124 msg="cache hit" total=1771 matched=180 cached=179 left=1592
time=2026-09-12T09:11:40.834+08:00 level=INFO source=server.go:225 msg=ServeHTTP method=GET path=/v1/status took=50.861542ms status="200 OK"
time=2026-09-12T09:11:42.004+08:00 level=INFO source=pipeline.go:200 msg="Prompt processing progress" processed=1591 total=1592
[GIN] 2026/09/12 - 09:11:44 | 200 |  7.643603042s |       127.0.0.1 | POST     "/api/chat"
time=2026-09-12T09:11:44.149+08:00 level=INFO source=server.go:225 msg=ServeHTTP method=POST path=/v1/completions took=7.585460458s status="200 OK"
time=2026-09-12T09:11:44.158+08:00 level=INFO source=pipeline.go:91 msg="peak memory" size="30.23 GiB"
time=2026-09-12T09:11:44.162+08:00 level=INFO source=prefix_cache.go:124 msg="cache hit" total=253 matched=167 cached=167 left=86
time=2026-09-12T09:11:44.213+08:00 level=INFO source=server.go:225 msg=ServeHTTP method=GET path=/v1/status took=50.626125ms status="200 OK"
time=2026-09-12T09:11:44.395+08:00 level=INFO source=pipeline.go:200 msg="Prompt processing progress" processed=85 total=86
[GIN] 2026/09/12 - 09:11:45 | 200 |  4.824406834s |       127.0.0.1 | POST     "/api/chat"
time=2026-09-12T09:11:45.598+08:00 level=INFO source=server.go:225 msg=ServeHTTP method=POST path=/v1/completions took=4.763113625s status="200 OK"
time=2026-09-12T09:11:45.605+08:00 level=INFO source=pipeline.go:91 msg="peak memory" size="28.81 GiB"
time=2026-09-12T09:11:45.608+08:00 level=INFO source=prefix_cache.go:124 msg="cache hit" total=1948 matched=167 cached=167 left=1781
time=2026-09-12T09:11:45.657+08:00 level=INFO source=server.go:225 msg=ServeHTTP method=GET path=/v1/status took=51.064ms status="200 OK"
time=2026-09-12T09:11:46.854+08:00 level=INFO source=pipeline.go:200 msg="Prompt processing progress" processed=1780 total=1781
[GIN] 2026/09/12 - 09:11:48 | 200 |  4.140741625s |       127.0.0.1 | POST     "/api/chat"
time=2026-09-12T09:11:48.297+08:00 level=INFO source=server.go:225 msg=ServeHTTP method=POST path=/v1/completions took=4.08314075s status="200 OK"
time=2026-09-12T09:11:48.304+08:00 level=INFO source=pipeline.go:91 msg="peak memory" size="30.36 GiB"
time=2026-09-12T09:11:48.307+08:00 level=INFO source=prefix_cache.go:124 msg="cache hit" total=255 matched=236 cached=167 left=88
time=2026-09-12T09:11:48.357+08:00 level=INFO source=server.go:225 msg=ServeHTTP method=GET path=/v1/status took=51.072334ms status="200 OK"
time=2026-09-12T09:11:48.545+08:00 level=INFO source=pipeline.go:200 msg="Prompt processing progress" processed=87 total=88
[GIN] 2026/09/12 - 09:11:48 | 200 |  3.385429833s |       127.0.0.1 | POST     "/api/chat"
time=2026-09-12T09:11:48.985+08:00 level=INFO source=server.go:225 msg=ServeHTTP method=POST path=/v1/completions took=3.328049666s status="200 OK"
time=2026-09-12T09:11:48.993+08:00 level=INFO source=pipeline.go:91 msg="peak memory" size="28.88 GiB"
time=2026-09-12T09:11:48.995+08:00 level=INFO source=prefix_cache.go:124 msg="cache hit" total=1712 matched=179 cached=167 left=1545
time=2026-09-12T09:11:49.067+08:00 level=INFO source=server.go:225 msg=ServeHTTP method=GET path=/v1/status took=50.102833ms status="200 OK"
time=2026-09-12T09:11:50.085+08:00 level=INFO source=pipeline.go:200 msg="Prompt processing progress" processed=1544 total=1545
[GIN] 2026/09/12 - 09:11:51 | 200 |  3.189619958s |       127.0.0.1 | POST     "/api/chat"
time=2026-09-12T09:11:51.489+08:00 level=INFO source=server.go:225 msg=ServeHTTP method=POST path=/v1/completions took=3.132030167s status="200 OK"
time=2026-09-12T09:11:51.498+08:00 level=INFO source=pipeline.go:91 msg="peak memory" size="30.15 GiB"
time=2026-09-12T09:11:51.502+08:00 level=INFO source=prefix_cache.go:124 msg="cache hit" total=4809 matched=3 cached=3 left=4806
time=2026-09-12T09:11:51.552+08:00 level=INFO source=server.go:225 msg=ServeHTTP method=GET path=/v1/status took=50.798292ms status="200 OK"
time=2026-09-12T09:11:52.982+08:00 level=INFO source=pipeline.go:200 msg="Prompt processing progress" processed=2048 total=4806
time=2026-09-12T09:11:54.565+08:00 level=INFO source=pipeline.go:200 msg="Prompt processing progress" processed=4096 total=4806
time=2026-09-12T09:11:55.202+08:00 level=INFO source=pipeline.go:200 msg="Prompt processing progress" processed=4805 total=4806
[GIN] 2026/09/12 - 09:12:00 | 200 |  11.62853775s |       127.0.0.1 | POST     "/api/chat"
time=2026-09-12T09:12:00.639+08:00 level=INFO source=server.go:225 msg=ServeHTTP method=POST path=/v1/completions took=11.571735041s status="200 OK"
time=2026-09-12T09:12:00.647+08:00 level=INFO source=pipeline.go:91 msg="peak memory" size="30.48 GiB"
time=2026-09-12T09:12:00.654+08:00 level=INFO source=prefix_cache.go:124 msg="cache hit" total=1596 matched=290 cached=179 left=1417
time=2026-09-12T09:12:00.716+08:00 level=INFO source=server.go:225 msg=ServeHTTP method=GET path=/v1/status took=50.265125ms status="200 OK"
time=2026-09-12T09:12:01.730+08:00 level=INFO source=pipeline.go:200 msg="Prompt processing progress" processed=1416 total=1417
time=2026-09-12T09:12:03.285+08:00 level=INFO source=server.go:225 msg=ServeHTTP method=POST path=/v1/completions took=11.732104167s status="200 OK"
[GIN] 2026/09/12 - 09:12:03 | 200 | 11.790593542s |       127.0.0.1 | POST     "/api/chat"
time=2026-09-12T09:12:03.293+08:00 level=INFO source=pipeline.go:91 msg="peak memory" size="30.06 GiB"
time=2026-09-12T09:12:03.295+08:00 level=INFO source=prefix_cache.go:124 msg="cache hit" total=5101 matched=176 cached=3 left=5098
time=2026-09-12T09:12:03.347+08:00 level=INFO source=server.go:225 msg=ServeHTTP method=GET path=/v1/status took=51.061708ms status="200 OK"
time=2026-09-12T09:12:04.896+08:00 level=INFO source=pipeline.go:200 msg="Prompt processing progress" processed=2048 total=5098
time=2026-09-12T09:12:06.515+08:00 level=INFO source=pipeline.go:200 msg="Prompt processing progress" processed=4096 total=5098
time=2026-09-12T09:12:07.378+08:00 level=INFO source=pipeline.go:200 msg="Prompt processing progress" processed=5097 total=5098
[GIN] 2026/09/12 - 09:12:15 | 200 |   14.4533395s |       127.0.0.1 | POST     "/api/chat"
time=2026-09-12T09:12:15.113+08:00 level=INFO source=server.go:225 msg=ServeHTTP method=POST path=/v1/completions took=14.396449542s status="200 OK"
time=2026-09-12T09:12:15.121+08:00 level=INFO source=pipeline.go:91 msg="peak memory" size="30.53 GiB"
time=2026-09-12T09:12:15.142+08:00 level=INFO source=prefix_cache.go:124 msg="cache hit" total=1898 matched=269 cached=179 left=1719
time=2026-09-12T09:12:15.192+08:00 level=INFO source=server.go:225 msg=ServeHTTP method=GET path=/v1/status took=51.138708ms status="200 OK"
time=2026-09-12T09:12:16.347+08:00 level=INFO source=pipeline.go:200 msg="Prompt processing progress" processed=1718 total=1719
[GIN] 2026/09/12 - 09:12:17 | 200 | 14.307374542s |       127.0.0.1 | POST     "/api/chat"
time=2026-09-12T09:12:17.597+08:00 level=INFO source=server.go:225 msg=ServeHTTP method=POST path=/v1/completions took=14.249124s status="200 OK"
time=2026-09-12T09:12:17.605+08:00 level=INFO source=pipeline.go:91 msg="peak memory" size="30.36 GiB"
time=2026-09-12T09:12:17.608+08:00 level=INFO source=prefix_cache.go:124 msg="cache hit" total=5252 matched=182 cached=176 left=5076
time=2026-09-12T09:12:17.664+08:00 level=INFO source=server.go:225 msg=ServeHTTP method=GET path=/v1/status took=51.101625ms status="200 OK"
time=2026-09-12T09:12:18.996+08:00 level=INFO source=pipeline.go:200 msg="Prompt processing progress" processed=2048 total=5076
time=2026-09-12T09:12:20.554+08:00 level=INFO source=pipeline.go:200 msg="Prompt processing progress" processed=4096 total=5076
time=2026-09-12T09:12:21.355+08:00 level=INFO source=pipeline.go:200 msg="Prompt processing progress" processed=5075 total=5076
[GIN] 2026/09/12 - 09:12:27 | 200 | 12.084706292s |       127.0.0.1 | POST     "/api/chat"
time=2026-09-12T09:12:27.219+08:00 level=INFO source=server.go:225 msg=ServeHTTP method=POST path=/v1/completions took=12.026160166s status="200 OK"
time=2026-09-12T09:12:27.226+08:00 level=INFO source=pipeline.go:91 msg="peak memory" size="30.56 GiB"
time=2026-09-12T09:12:27.229+08:00 level=INFO source=prefix_cache.go:124 msg="cache hit" total=1943 matched=167 cached=167 left=1776
time=2026-09-12T09:12:27.296+08:00 level=INFO source=server.go:225 msg=ServeHTTP method=GET path=/v1/status took=51.048167ms status="200 OK"
time=2026-09-12T09:12:28.406+08:00 level=INFO source=pipeline.go:200 msg="Prompt processing progress" processed=1775 total=1776
[GIN] 2026/09/12 - 09:12:29 | 200 | 12.047748125s |       127.0.0.1 | POST     "/api/chat"
time=2026-09-12T09:12:29.654+08:00 level=INFO source=server.go:225 msg=ServeHTTP method=POST path=/v1/completions took=11.989480959s status="200 OK"
time=2026-09-12T09:12:29.664+08:00 level=INFO source=pipeline.go:91 msg="peak memory" size="30.46 GiB"
time=2026-09-12T09:12:29.664+08:00 level=INFO source=server.go:225 msg=ServeHTTP method=GET path=/v1/status took=219µs status="200 OK"
time=2026-09-12T09:12:29.669+08:00 level=INFO source=prefix_cache.go:124 msg="cache hit" total=5144 matched=179 cached=176 left=4968
time=2026-09-12T09:12:31.017+08:00 level=INFO source=pipeline.go:200 msg="Prompt processing progress" processed=2048 total=4968
time=2026-09-12T09:12:32.487+08:00 level=INFO source=pipeline.go:200 msg="Prompt processing progress" processed=4096 total=4968
time=2026-09-12T09:12:33.204+08:00 level=INFO source=pipeline.go:200 msg="Prompt processing progress" processed=4967 total=4968
[GIN] 2026/09/12 - 09:12:43 | 200 | 15.866935708s |       127.0.0.1 | POST     "/api/chat"
time=2026-09-12T09:12:43.106+08:00 level=INFO source=server.go:225 msg=ServeHTTP method=POST path=/v1/completions took=15.808893583s status="200 OK"
time=2026-09-12T09:12:43.113+08:00 level=INFO source=pipeline.go:91 msg="peak memory" size="30.56 GiB"
time=2026-09-12T09:12:43.115+08:00 level=INFO source=prefix_cache.go:124 msg="cache hit" total=1803 matched=179 cached=167 left=1636
time=2026-09-12T09:12:43.183+08:00 level=INFO source=server.go:225 msg=ServeHTTP method=GET path=/v1/status took=50.44675ms status="200 OK"
time=2026-09-12T09:12:44.184+08:00 level=INFO source=pipeline.go:200 msg="Prompt processing progress" processed=1635 total=1636
[GIN] 2026/09/12 - 09:12:45 | 200 |  15.70259625s |       127.0.0.1 | POST     "/api/chat"
time=2026-09-12T09:12:45.359+08:00 level=INFO source=server.go:225 msg=ServeHTTP method=POST path=/v1/completions took=15.695456458s status="200 OK"
time=2026-09-12T09:12:45.371+08:00 level=INFO source=pipeline.go:91 msg="peak memory" size="30.34 GiB"
time=2026-09-12T09:12:45.371+08:00 level=INFO source=server.go:225 msg=ServeHTTP method=GET path=/v1/status took=402.542µs status="200 OK"
time=2026-09-12T09:12:45.373+08:00 level=INFO source=prefix_cache.go:124 msg="cache hit" total=5343 matched=496 cached=179 left=5164
time=2026-09-12T09:12:46.702+08:00 level=INFO source=pipeline.go:200 msg="Prompt processing progress" processed=2048 total=5164
time=2026-09-12T09:12:48.169+08:00 level=INFO source=pipeline.go:200 msg="Prompt processing progress" processed=4096 total=5164
time=2026-09-12T09:12:49.028+08:00 level=INFO source=pipeline.go:200 msg="Prompt processing progress" processed=5163 total=5164
[GIN] 2026/09/12 - 09:13:04 | 200 | 21.782189666s |       127.0.0.1 | POST     "/api/chat"
time=2026-09-12T09:13:04.909+08:00 level=INFO source=server.go:225 msg=ServeHTTP method=POST path=/v1/completions took=21.724819708s status="200 OK"
time=2026-09-12T09:13:04.914+08:00 level=INFO source=pipeline.go:91 msg="peak memory" size="30.58 GiB"
time=2026-09-12T09:13:04.916+08:00 level=INFO source=prefix_cache.go:124 msg="cache hit" total=1692 matched=281 cached=179 left=1513
time=2026-09-12T09:13:04.987+08:00 level=INFO source=server.go:225 msg=ServeHTTP method=GET path=/v1/status took=50.635458ms status="200 OK"
time=2026-09-12T09:13:05.884+08:00 level=INFO source=pipeline.go:200 msg="Prompt processing progress" processed=1512 total=1513
[GIN] 2026/09/12 - 09:13:07 | 200 | 21.751117042s |       127.0.0.1 | POST     "/api/chat"
time=2026-09-12T09:13:07.114+08:00 level=INFO source=server.go:225 msg=ServeHTTP method=POST path=/v1/completions took=21.743471292s status="200 OK"
time=2026-09-12T09:13:07.128+08:00 level=INFO source=pipeline.go:91 msg="peak memory" size="30.22 GiB"
time=2026-09-12T09:13:07.128+08:00 level=INFO source=server.go:225 msg=ServeHTTP method=GET path=/v1/status took=985.833µs status="200 OK"
time=2026-09-12T09:13:07.130+08:00 level=INFO source=prefix_cache.go:124 msg="cache hit" total=5713 matched=389 cached=179 left=5534
time=2026-09-12T09:13:08.454+08:00 level=INFO source=pipeline.go:200 msg="Prompt processing progress" processed=2048 total=5534
time=2026-09-12T09:13:09.895+08:00 level=INFO source=pipeline.go:200 msg="Prompt processing progress" processed=4096 total=5534
time=2026-09-12T09:13:10.968+08:00 level=INFO source=pipeline.go:200 msg="Prompt processing progress" processed=5533 total=5534
[GIN] 2026/09/12 - 09:13:19 | 200 |   14.0963655s |       127.0.0.1 | POST     "/api/chat"
time=2026-09-12T09:13:19.026+08:00 level=INFO source=server.go:225 msg=ServeHTTP method=POST path=/v1/completions took=14.038417666s status="200 OK"
time=2026-09-12T09:13:19.032+08:00 level=INFO source=pipeline.go:91 msg="peak memory" size="30.56 GiB"
time=2026-09-12T09:13:19.032+08:00 level=INFO source=prefix_cache.go:124 msg="cache hit" total=1883 matched=267 cached=179 left=1704
time=2026-09-12T09:13:19.105+08:00 level=INFO source=server.go:225 msg=ServeHTTP method=GET path=/v1/status took=51.066375ms status="200 OK"
time=2026-09-12T09:13:20.134+08:00 level=INFO source=pipeline.go:200 msg="Prompt processing progress" processed=1703 total=1704
[GIN] 2026/09/12 - 09:13:21 | 200 | 14.266989083s |       127.0.0.1 | POST     "/api/chat"
time=2026-09-12T09:13:21.387+08:00 level=INFO source=server.go:225 msg=ServeHTTP method=POST path=/v1/completions took=14.259191875s status="200 OK"
time=2026-09-12T09:13:21.398+08:00 level=INFO source=pipeline.go:91 msg="peak memory" size="30.45 GiB"
time=2026-09-12T09:13:21.401+08:00 level=INFO source=prefix_cache.go:124 msg="cache hit" total=5311 matched=178 cached=176 left=5135
time=2026-09-12T09:13:21.452+08:00 level=INFO source=server.go:225 msg=ServeHTTP method=GET path=/v1/status took=51.131875ms status="200 OK"
time=2026-09-12T09:13:22.704+08:00 level=INFO source=pipeline.go:200 msg="Prompt processing progress" processed=2048 total=5135
time=2026-09-12T09:13:24.129+08:00 level=INFO source=pipeline.go:200 msg="Prompt processing progress" processed=4096 total=5135
time=2026-09-12T09:13:24.955+08:00 level=INFO source=pipeline.go:200 msg="Prompt processing progress" processed=5134 total=5135
time=2026-09-12T09:13:42.777+08:00 level=INFO source=server.go:225 msg=ServeHTTP method=POST path=/v1/completions took=23.669630833s status="200 OK"
[GIN] 2026/09/12 - 09:13:42 | 200 | 23.730193334s |       127.0.0.1 | POST     "/api/chat"
time=2026-09-12T09:13:42.784+08:00 level=INFO source=pipeline.go:91 msg="peak memory" size="30.56 GiB"
time=2026-09-12T09:13:42.786+08:00 level=INFO source=prefix_cache.go:124 msg="cache hit" total=1893 matched=166 cached=161 left=1732
time=2026-09-12T09:13:42.841+08:00 level=INFO source=server.go:225 msg=ServeHTTP method=GET path=/v1/status took=50.75475ms status="200 OK"
time=2026-09-12T09:13:43.878+08:00 level=INFO source=pipeline.go:200 msg="Prompt processing progress" processed=1731 total=1732
[GIN] 2026/09/12 - 09:13:45 | 200 | 23.777825541s |       127.0.0.1 | POST     "/api/chat"
time=2026-09-12T09:13:45.173+08:00 level=INFO source=server.go:225 msg=ServeHTTP method=POST path=/v1/completions took=23.720254541s status="200 OK"
time=2026-09-12T09:13:45.183+08:00 level=INFO source=pipeline.go:91 msg="peak memory" size="30.45 GiB"
time=2026-09-12T09:13:45.183+08:00 level=INFO source=server.go:225 msg=ServeHTTP method=GET path=/v1/status took=1.528333ms status="200 OK"
time=2026-09-12T09:13:45.187+08:00 level=INFO source=prefix_cache.go:124 msg="cache hit" total=3575 matched=195 cached=178 left=3397
time=2026-09-12T09:13:46.486+08:00 level=INFO source=pipeline.go:200 msg="Prompt processing progress" processed=2048 total=3397
time=2026-09-12T09:13:47.460+08:00 level=INFO source=pipeline.go:200 msg="Prompt processing progress" processed=3396 total=3397
[GIN] 2026/09/12 - 09:13:52 | 200 |  9.634455833s |       127.0.0.1 | POST     "/api/chat"
time=2026-09-12T09:13:52.419+08:00 level=INFO source=server.go:225 msg=ServeHTTP method=POST path=/v1/completions took=9.576720084s status="200 OK"
time=2026-09-12T09:13:52.426+08:00 level=INFO source=pipeline.go:91 msg="peak memory" size="30.48 GiB"
time=2026-09-12T09:13:52.428+08:00 level=INFO source=prefix_cache.go:124 msg="cache hit" total=2009 matched=179 cached=166 left=1843
time=2026-09-12T09:13:52.491+08:00 level=INFO source=server.go:225 msg=ServeHTTP method=GET path=/v1/status took=50.969167ms status="200 OK"
time=2026-09-12T09:13:53.543+08:00 level=INFO source=pipeline.go:200 msg="Prompt processing progress" processed=1842 total=1843
[GIN] 2026/09/12 - 09:13:55 | 200 |    10.344395s |       127.0.0.1 | POST     "/api/chat"
time=2026-09-12T09:13:55.520+08:00 level=INFO source=server.go:225 msg=ServeHTTP method=POST path=/v1/completions took=10.335943458s status="200 OK"
time=2026-09-12T09:13:55.529+08:00 level=INFO source=pipeline.go:91 msg="peak memory" size="30.51 GiB"
time=2026-09-12T09:13:55.530+08:00 level=INFO source=prefix_cache.go:124 msg="cache hit" total=471 matched=159 cached=157 left=314
time=2026-09-12T09:13:55.582+08:00 level=INFO source=server.go:225 msg=ServeHTTP method=GET path=/v1/status took=51.056334ms status="200 OK"
time=2026-09-12T09:13:55.829+08:00 level=INFO source=pipeline.go:200 msg="Prompt processing progress" processed=313 total=314
[GIN] 2026/09/12 - 09:13:56 | 200 |  4.301473458s |       127.0.0.1 | POST     "/api/chat"
time=2026-09-12T09:13:56.735+08:00 level=INFO source=server.go:225 msg=ServeHTTP method=POST path=/v1/completions took=4.243363167s status="200 OK"
time=2026-09-12T09:13:56.743+08:00 level=INFO source=pipeline.go:91 msg="peak memory" size="29.20 GiB"
time=2026-09-12T09:13:56.745+08:00 level=INFO source=prefix_cache.go:124 msg="cache hit" total=1953 matched=544 cached=179 left=1774
time=2026-09-12T09:13:56.796+08:00 level=INFO source=server.go:225 msg=ServeHTTP method=GET path=/v1/status took=51.053875ms status="200 OK"
time=2026-09-12T09:13:57.829+08:00 level=INFO source=pipeline.go:200 msg="Prompt processing progress" processed=1773 total=1774
[GIN] 2026/09/12 - 09:13:59 | 200 |  3.579198583s |       127.0.0.1 | POST     "/api/chat"
time=2026-09-12T09:13:59.104+08:00 level=INFO source=server.go:225 msg=ServeHTTP method=POST path=/v1/completions took=3.521725167s status="200 OK"
time=2026-09-12T09:13:59.113+08:00 level=INFO source=pipeline.go:91 msg="peak memory" size="30.36 GiB"
time=2026-09-12T09:13:59.114+08:00 level=INFO source=prefix_cache.go:124 msg="cache hit" total=472 matched=454 cached=159 left=313
time=2026-09-12T09:13:59.166+08:00 level=INFO source=server.go:225 msg=ServeHTTP method=GET path=/v1/status took=51.096541ms status="200 OK"
time=2026-09-12T09:13:59.411+08:00 level=INFO source=pipeline.go:200 msg="Prompt processing progress" processed=312 total=313
[GIN] 2026/09/12 - 09:13:59 | 200 |  3.175655584s |       127.0.0.1 | POST     "/api/chat"
time=2026-09-12T09:13:59.915+08:00 level=INFO source=server.go:225 msg=ServeHTTP method=POST path=/v1/completions took=3.117576667s status="200 OK"
time=2026-09-12T09:13:59.924+08:00 level=INFO source=pipeline.go:91 msg="peak memory" size="29.12 GiB"
time=2026-09-12T09:13:59.924+08:00 level=INFO source=server.go:225 msg=ServeHTTP method=GET path=/v1/status took=1.175166ms status="200 OK"
time=2026-09-12T09:13:59.928+08:00 level=INFO source=prefix_cache.go:124 msg="cache hit" total=1936 matched=180 cached=179 left=1757
time=2026-09-12T09:14:01.037+08:00 level=INFO source=pipeline.go:200 msg="Prompt processing progress" processed=1756 total=1757
[GIN] 2026/09/12 - 09:14:02 | 200 |   3.19307125s |       127.0.0.1 | POST     "/api/chat"
time=2026-09-12T09:14:02.302+08:00 level=INFO source=server.go:225 msg=ServeHTTP method=POST path=/v1/completions took=3.135342875s status="200 OK"
time=2026-09-12T09:14:02.310+08:00 level=INFO source=pipeline.go:91 msg="peak memory" size="30.37 GiB"
time=2026-09-12T09:14:02.313+08:00 level=INFO source=prefix_cache.go:124 msg="cache hit" total=469 matched=456 cached=454 left=15
time=2026-09-12T09:14:02.368+08:00 level=INFO source=server.go:225 msg=ServeHTTP method=GET path=/v1/status took=51.07425ms status="200 OK"
time=2026-09-12T09:14:02.444+08:00 level=INFO source=pipeline.go:200 msg="Prompt processing progress" processed=14 total=15
[GIN] 2026/09/12 - 09:14:02 | 200 |  3.009230708s |       127.0.0.1 | POST     "/api/chat"
time=2026-09-12T09:14:02.926+08:00 level=INFO source=server.go:225 msg=ServeHTTP method=POST path=/v1/completions took=3.001816209s status="200 OK"
time=2026-09-12T09:14:02.933+08:00 level=INFO source=pipeline.go:91 msg="peak memory" size="28.72 GiB"
time=2026-09-12T09:14:02.934+08:00 level=INFO source=prefix_cache.go:124 msg="cache hit" total=1937 matched=167 cached=166 left=1771
time=2026-09-12T09:14:02.985+08:00 level=INFO source=server.go:225 msg=ServeHTTP method=GET path=/v1/status took=51.098125ms status="200 OK"
time=2026-09-12T09:14:04.025+08:00 level=INFO source=pipeline.go:200 msg="Prompt processing progress" processed=1770 total=1771
[GIN] 2026/09/12 - 09:14:05 | 200 |  2.845616125s |       127.0.0.1 | POST     "/api/chat"
time=2026-09-12T09:14:05.156+08:00 level=INFO source=server.go:225 msg=ServeHTTP method=POST path=/v1/completions took=2.788236875s status="200 OK"
time=2026-09-12T09:14:05.168+08:00 level=INFO source=pipeline.go:91 msg="peak memory" size="30.38 GiB"
time=2026-09-12T09:14:05.168+08:00 level=INFO source=server.go:225 msg=ServeHTTP method=GET path=/v1/status took=2.5665ms status="200 OK"
time=2026-09-12T09:14:05.172+08:00 level=INFO source=prefix_cache.go:124 msg="cache hit" total=475 matched=457 cached=456 left=19
time=2026-09-12T09:14:05.247+08:00 level=INFO source=pipeline.go:200 msg="Prompt processing progress" processed=18 total=19
[GIN] 2026/09/12 - 09:14:06 | 200 |  3.914368292s |       127.0.0.1 | POST     "/api/chat"
time=2026-09-12T09:14:06.843+08:00 level=INFO source=server.go:225 msg=ServeHTTP method=POST path=/v1/completions took=3.856877042s status="200 OK"
time=2026-09-12T09:14:06.849+08:00 level=INFO source=pipeline.go:91 msg="peak memory" size="28.73 GiB"
time=2026-09-12T09:14:06.851+08:00 level=INFO source=prefix_cache.go:124 msg="cache hit" total=1987 matched=179 cached=167 left=1820
time=2026-09-12T09:14:06.902+08:00 level=INFO source=server.go:225 msg=ServeHTTP method=GET path=/v1/status took=51.095459ms status="200 OK"
time=2026-09-12T09:14:07.959+08:00 level=INFO source=pipeline.go:200 msg="Prompt processing progress" processed=1819 total=1820
[GIN] 2026/09/12 - 09:14:09 | 200 |  3.954585375s |       127.0.0.1 | POST     "/api/chat"
time=2026-09-12T09:14:09.114+08:00 level=INFO source=server.go:225 msg=ServeHTTP method=POST path=/v1/completions took=3.945292708s status="200 OK"
time=2026-09-12T09:14:09.123+08:00 level=INFO source=pipeline.go:91 msg="peak memory" size="30.44 GiB"
time=2026-09-12T09:14:09.128+08:00 level=INFO source=prefix_cache.go:124 msg="cache hit" total=473 matched=455 cached=454 left=19
time=2026-09-12T09:14:09.176+08:00 level=INFO source=server.go:225 msg=ServeHTTP method=GET path=/v1/status took=50.636208ms status="200 OK"
time=2026-09-12T09:14:09.204+08:00 level=INFO source=pipeline.go:200 msg="Prompt processing progress" processed=18 total=19
[GIN] 2026/09/12 - 09:14:10 | 200 |  3.643019125s |       127.0.0.1 | POST     "/api/chat"
time=2026-09-12T09:14:10.488+08:00 level=INFO source=server.go:225 msg=ServeHTTP method=POST path=/v1/completions took=3.585248833s status="200 OK"
time=2026-09-12T09:14:10.496+08:00 level=INFO source=pipeline.go:91 msg="peak memory" size="28.67 GiB"
time=2026-09-12T09:14:10.497+08:00 level=INFO source=prefix_cache.go:124 msg="cache hit" total=1886 matched=181 cached=179 left=1707
time=2026-09-12T09:14:10.547+08:00 level=INFO source=server.go:225 msg=ServeHTTP method=GET path=/v1/status took=51.086666ms status="200 OK"
time=2026-09-12T09:14:11.535+08:00 level=INFO source=pipeline.go:200 msg="Prompt processing progress" processed=1706 total=1707
time=2026-09-12T09:14:12.439+08:00 level=INFO source=server.go:225 msg=ServeHTTP method=POST path=/v1/completions took=1.891229625s status="200 OK"
[GIN] 2026/09/12 - 09:14:12 | 500 |  1.948898083s |       127.0.0.1 | POST     "/api/chat"
[GIN] 2026/09/12 - 09:14:12 | 200 |  3.567664041s |       127.0.0.1 | POST     "/api/chat"
time=2026-09-12T09:14:12.687+08:00 level=INFO source=server.go:225 msg=ServeHTTP method=POST path=/v1/completions took=3.505970375s status="200 OK"
time=2026-09-12T09:14:12.699+08:00 level=INFO source=pipeline.go:91 msg="peak memory" size="30.32 GiB"
time=2026-09-12T09:14:12.699+08:00 level=INFO source=server.go:225 msg=ServeHTTP method=GET path=/v1/status took=1.117ms status="200 OK"
time=2026-09-12T09:14:12.702+08:00 level=INFO source=prefix_cache.go:124 msg="cache hit" total=1935 matched=264 cached=181 left=1754
time=2026-09-12T09:14:13.812+08:00 level=INFO source=pipeline.go:200 msg="Prompt processing progress" processed=1753 total=1754
[GIN] 2026/09/12 - 09:14:14 | 200 |  2.296824417s |       127.0.0.1 | POST     "/api/chat"
time=2026-09-12T09:14:14.989+08:00 level=INFO source=server.go:225 msg=ServeHTTP method=POST path=/v1/completions took=2.2892395s status="200 OK"
time=2026-09-12T09:14:14.998+08:00 level=INFO source=pipeline.go:91 msg="peak memory" size="30.40 GiB"
time=2026-09-12T09:14:15.007+08:00 level=INFO source=server.go:225 msg=ServeHTTP method=GET path=/v1/status took=36.5µs status="200 OK"
time=2026-09-12T09:14:15.010+08:00 level=INFO source=prefix_cache.go:124 msg="cache hit" total=1835 matched=166 cached=166 left=1669
time=2026-09-12T09:14:16.169+08:00 level=INFO source=pipeline.go:200 msg="Prompt processing progress" processed=1668 total=1669
[GIN] 2026/09/12 - 09:14:17 | 200 |  2.365959542s |       127.0.0.1 | POST     "/api/chat"
time=2026-09-12T09:14:17.367+08:00 level=INFO source=server.go:225 msg=ServeHTTP method=POST path=/v1/completions took=2.359587333s status="200 OK"
time=2026-09-12T09:14:17.373+08:00 level=INFO source=pipeline.go:91 msg="peak memory" size="30.26 GiB"
time=2026-09-12T09:14:17.376+08:00 level=INFO source=server.go:225 msg=ServeHTTP method=GET path=/v1/status took=39.625µs status="200 OK"
time=2026-09-12T09:14:17.378+08:00 level=INFO source=prefix_cache.go:124 msg="cache hit" total=2048 matched=179 cached=166 left=1882
time=2026-09-12T09:14:18.550+08:00 level=INFO source=pipeline.go:200 msg="Prompt processing progress" processed=1881 total=1882
[GIN] 2026/09/12 - 09:14:19 | 200 |  2.311114042s |       127.0.0.1 | POST     "/api/chat"
time=2026-09-12T09:14:19.681+08:00 level=INFO source=server.go:225 msg=ServeHTTP method=POST path=/v1/completions took=2.30462075s status="200 OK"
time=2026-09-12T09:14:19.690+08:00 level=INFO source=pipeline.go:91 msg="peak memory" size="30.39 GiB"
time=2026-09-12T09:14:19.692+08:00 level=INFO source=server.go:225 msg=ServeHTTP method=GET path=/v1/status took=46.209µs status="200 OK"
time=2026-09-12T09:14:19.695+08:00 level=INFO source=prefix_cache.go:124 msg="cache hit" total=1990 matched=277 cached=179 left=1811
time=2026-09-12T09:14:20.868+08:00 level=INFO source=pipeline.go:200 msg="Prompt processing progress" processed=1810 total=1811
[GIN] 2026/09/12 - 09:14:22 | 200 |     2.470382s |       127.0.0.1 | POST     "/api/chat"
time=2026-09-12T09:14:22.156+08:00 level=INFO source=server.go:225 msg=ServeHTTP method=POST path=/v1/completions took=2.46359175s status="200 OK"
time=2026-09-12T09:14:22.167+08:00 level=INFO source=pipeline.go:91 msg="peak memory" size="30.43 GiB"
time=2026-09-12T09:14:22.171+08:00 level=INFO source=server.go:225 msg=ServeHTTP method=GET path=/v1/status took=43.584µs status="200 OK"
time=2026-09-12T09:14:22.174+08:00 level=INFO source=prefix_cache.go:124 msg="cache hit" total=1938 matched=261 cached=179 left=1759
time=2026-09-12T09:14:23.437+08:00 level=INFO source=pipeline.go:200 msg="Prompt processing progress" processed=1758 total=1759
[GIN] 2026/09/12 - 09:14:24 | 200 |  2.537990792s |       127.0.0.1 | POST     "/api/chat"
time=2026-09-12T09:14:24.701+08:00 level=INFO source=server.go:225 msg=ServeHTTP method=POST path=/v1/completions took=2.530245959s status="200 OK"
time=2026-09-12T09:14:24.709+08:00 level=INFO source=pipeline.go:91 msg="peak memory" size="30.42 GiB"
time=2026-09-12T09:14:24.719+08:00 level=INFO source=server.go:225 msg=ServeHTTP method=GET path=/v1/status took=32.375µs status="200 OK"
time=2026-09-12T09:14:24.724+08:00 level=INFO source=prefix_cache.go:124 msg="cache hit" total=1834 matched=1817 cached=277 left=1557
time=2026-09-12T09:14:25.734+08:00 level=INFO source=pipeline.go:200 msg="Prompt processing progress" processed=1556 total=1557
[GIN] 2026/09/12 - 09:14:26 | 200 |   1.49211575s |       127.0.0.1 | POST     "/api/chat"
time=2026-09-12T09:14:26.205+08:00 level=INFO source=server.go:225 msg=ServeHTTP method=POST path=/v1/completions took=1.485504333s status="200 OK"
time=2026-09-12T09:14:26.216+08:00 level=INFO source=pipeline.go:91 msg="peak memory" size="30.18 GiB"
time=2026-09-12T09:14:26.216+08:00 level=INFO source=server.go:225 msg=ServeHTTP method=GET path=/v1/status took=1.257459ms status="200 OK"
time=2026-09-12T09:14:26.219+08:00 level=INFO source=prefix_cache.go:124 msg="cache hit" total=2047 matched=2030 cached=179 left=1868
time=2026-09-12T09:14:27.455+08:00 level=INFO source=pipeline.go:200 msg="Prompt processing progress" processed=1867 total=1868
[GIN] 2026/09/12 - 09:14:28 | 200 |  2.704196542s |       127.0.0.1 | POST     "/api/chat"
time=2026-09-12T09:14:28.912+08:00 level=INFO source=server.go:225 msg=ServeHTTP method=POST path=/v1/completions took=2.695839375s status="200 OK"
time=2026-09-12T09:14:28.921+08:00 level=INFO source=pipeline.go:91 msg="peak memory" size="30.35 GiB"
time=2026-09-12T09:14:28.924+08:00 level=INFO source=server.go:225 msg=ServeHTTP method=GET path=/v1/status took=32.667µs status="200 OK"
time=2026-09-12T09:14:28.926+08:00 level=INFO source=prefix_cache.go:124 msg="cache hit" total=1983 matched=180 cached=179 left=1804
time=2026-09-12T09:14:30.013+08:00 level=INFO source=pipeline.go:200 msg="Prompt processing progress" processed=1803 total=1804
[GIN] 2026/09/12 - 09:14:31 | 200 |  2.350135209s |       127.0.0.1 | POST     "/api/chat"
time=2026-09-12T09:14:31.268+08:00 level=INFO source=server.go:225 msg=ServeHTTP method=POST path=/v1/completions took=2.343971208s status="200 OK"
time=2026-09-12T09:14:31.276+08:00 level=INFO source=pipeline.go:91 msg="peak memory" size="30.44 GiB"
time=2026-09-12T09:14:31.281+08:00 level=INFO source=server.go:225 msg=ServeHTTP method=GET path=/v1/status took=39.458µs status="200 OK"
time=2026-09-12T09:14:31.284+08:00 level=INFO source=prefix_cache.go:124 msg="cache hit" total=1885 matched=269 cached=180 left=1705
time=2026-09-12T09:14:32.321+08:00 level=INFO source=pipeline.go:200 msg="Prompt processing progress" processed=1704 total=1705
[GIN] 2026/09/12 - 09:14:33 | 200 |  2.350924959s |       127.0.0.1 | POST     "/api/chat"
time=2026-09-12T09:14:33.625+08:00 level=INFO source=server.go:225 msg=ServeHTTP method=POST path=/v1/completions took=2.344161291s status="200 OK"
time=2026-09-12T09:14:33.633+08:00 level=INFO source=pipeline.go:91 msg="peak memory" size="30.35 GiB"
time=2026-09-12T09:14:33.644+08:00 level=INFO source=server.go:225 msg=ServeHTTP method=GET path=/v1/status took=37.375µs status="200 OK"
time=2026-09-12T09:14:33.653+08:00 level=INFO source=prefix_cache.go:124 msg="cache hit" total=1840 matched=1815 cached=277 left=1563
time=2026-09-12T09:14:34.626+08:00 level=INFO source=pipeline.go:200 msg="Prompt processing progress" processed=1562 total=1563
[GIN] 2026/09/12 - 09:14:36 | 200 |  3.048167292s |       127.0.0.1 | POST     "/api/chat"
time=2026-09-12T09:14:36.686+08:00 level=INFO source=server.go:225 msg=ServeHTTP method=POST path=/v1/completions took=3.041937625s status="200 OK"
time=2026-09-12T09:14:36.696+08:00 level=INFO source=pipeline.go:91 msg="peak memory" size="30.19 GiB"
time=2026-09-12T09:14:36.696+08:00 level=INFO source=server.go:225 msg=ServeHTTP method=GET path=/v1/status took=1.601958ms status="200 OK"
time=2026-09-12T09:14:36.702+08:00 level=INFO source=prefix_cache.go:124 msg="cache hit" total=2053 matched=2028 cached=179 left=1874
time=2026-09-12T09:14:37.858+08:00 level=INFO source=pipeline.go:200 msg="Prompt processing progress" processed=1873 total=1874
[GIN] 2026/09/12 - 09:14:39 | 200 |  2.436366041s |       127.0.0.1 | POST     "/api/chat"
time=2026-09-12T09:14:39.125+08:00 level=INFO source=server.go:225 msg=ServeHTTP method=POST path=/v1/completions took=2.428398708s status="200 OK"
time=2026-09-12T09:14:39.136+08:00 level=INFO source=pipeline.go:91 msg="peak memory" size="30.42 GiB"
time=2026-09-12T09:14:39.136+08:00 level=INFO source=server.go:225 msg=ServeHTTP method=GET path=/v1/status took=371.458µs status="200 OK"
time=2026-09-12T09:14:39.137+08:00 level=INFO source=prefix_cache.go:124 msg="cache hit" total=1175 matched=179 cached=179 left=996
time=2026-09-12T09:14:39.788+08:00 level=INFO source=pipeline.go:200 msg="Prompt processing progress" processed=995 total=996
[GIN] 2026/09/12 - 09:14:41 | 200 |  1.915319584s |       127.0.0.1 | POST     "/api/chat"
time=2026-09-12T09:14:41.044+08:00 level=INFO source=server.go:225 msg=ServeHTTP method=POST path=/v1/completions took=1.908070334s status="200 OK"
time=2026-09-12T09:14:41.055+08:00 level=INFO source=pipeline.go:91 msg="peak memory" size="29.89 GiB"
time=2026-09-12T09:14:41.055+08:00 level=INFO source=server.go:225 msg=ServeHTTP method=GET path=/v1/status took=1.540459ms status="200 OK"
time=2026-09-12T09:14:41.057+08:00 level=INFO source=prefix_cache.go:124 msg="cache hit" total=1599 matched=264 cached=179 left=1420
time=2026-09-12T09:14:41.936+08:00 level=INFO source=pipeline.go:200 msg="Prompt processing progress" processed=1419 total=1420
[GIN] 2026/09/12 - 09:14:43 | 200 |        2.112s |       127.0.0.1 | POST     "/api/chat"
time=2026-09-12T09:14:43.159+08:00 level=INFO source=server.go:225 msg=ServeHTTP method=POST path=/v1/completions took=2.104226833s status="200 OK"
time=2026-09-12T09:14:43.167+08:00 level=INFO source=pipeline.go:91 msg="peak memory" size="30.05 GiB"
time=2026-09-12T09:14:43.177+08:00 level=INFO source=server.go:225 msg=ServeHTTP method=GET path=/v1/status took=36.458µs status="200 OK"
time=2026-09-12T09:14:43.193+08:00 level=INFO source=prefix_cache.go:124 msg="cache hit" total=1832 matched=1817 cached=1817 left=15
time=2026-09-12T09:14:43.253+08:00 level=INFO source=pipeline.go:200 msg="Prompt processing progress" processed=14 total=15
[GIN] 2026/09/12 - 09:14:43 | 200 |  508.432625ms |       127.0.0.1 | POST     "/api/chat"
time=2026-09-12T09:14:43.680+08:00 level=INFO source=server.go:225 msg=ServeHTTP method=POST path=/v1/completions took=502.12725ms status="200 OK"
time=2026-09-12T09:14:43.688+08:00 level=INFO source=pipeline.go:91 msg="peak memory" size="28.86 GiB"
time=2026-09-12T09:14:43.688+08:00 level=INFO source=server.go:225 msg=ServeHTTP method=GET path=/v1/status took=28.375µs status="200 OK"
time=2026-09-12T09:14:43.697+08:00 level=INFO source=prefix_cache.go:124 msg="cache hit" total=2045 matched=2030 cached=2030 left=15
time=2026-09-12T09:14:43.755+08:00 level=INFO source=pipeline.go:200 msg="Prompt processing progress" processed=14 total=15
[GIN] 2026/09/12 - 09:14:44 | 200 |  1.193811458s |       127.0.0.1 | POST     "/api/chat"
time=2026-09-12T09:14:44.876+08:00 level=INFO source=server.go:225 msg=ServeHTTP method=POST path=/v1/completions took=1.187720625s status="200 OK"
time=2026-09-12T09:14:44.882+08:00 level=INFO source=pipeline.go:91 msg="peak memory" size="28.71 GiB"
time=2026-09-12T09:14:44.887+08:00 level=INFO source=server.go:225 msg=ServeHTTP method=GET path=/v1/status took=38.25µs status="200 OK"
time=2026-09-12T09:14:44.889+08:00 level=INFO source=prefix_cache.go:124 msg="cache hit" total=1981 matched=180 cached=180 left=1801
time=2026-09-12T09:14:45.992+08:00 level=INFO source=pipeline.go:200 msg="Prompt processing progress" processed=1800 total=1801
[GIN] 2026/09/12 - 09:14:47 | 200 |  2.314675083s |       127.0.0.1 | POST     "/api/chat"
time=2026-09-12T09:14:47.196+08:00 level=INFO source=server.go:225 msg=ServeHTTP method=POST path=/v1/completions took=2.308343125s status="200 OK"
time=2026-09-12T09:14:47.203+08:00 level=INFO source=pipeline.go:91 msg="peak memory" size="30.30 GiB"
time=2026-09-12T09:14:47.208+08:00 level=INFO source=server.go:225 msg=ServeHTTP method=GET path=/v1/status took=37.75µs status="200 OK"
time=2026-09-12T09:14:47.214+08:00 level=INFO source=prefix_cache.go:124 msg="cache hit" total=1937 matched=267 cached=180 left=1757
time=2026-09-12T09:14:48.293+08:00 level=INFO source=pipeline.go:200 msg="Prompt processing progress" processed=1756 total=1757
[GIN] 2026/09/12 - 09:14:49 | 200 |  2.249354959s |       127.0.0.1 | POST     "/api/chat"
time=2026-09-12T09:14:49.451+08:00 level=INFO source=server.go:225 msg=ServeHTTP method=POST path=/v1/completions took=2.242506917s status="200 OK"
time=2026-09-12T09:14:49.459+08:00 level=INFO source=pipeline.go:91 msg="peak memory" size="30.42 GiB"
time=2026-09-12T09:14:49.469+08:00 level=INFO source=server.go:225 msg=ServeHTTP method=GET path=/v1/status took=39.292µs status="200 OK"
time=2026-09-12T09:14:49.470+08:00 level=INFO source=prefix_cache.go:124 msg="cache hit" total=1878 matched=167 cached=166 left=1712
time=2026-09-12T09:14:50.530+08:00 level=INFO source=pipeline.go:200 msg="Prompt processing progress" processed=1711 total=1712
[GIN] 2026/09/12 - 09:14:51 | 200 |  2.317267959s |       127.0.0.1 | POST     "/api/chat"
time=2026-09-12T09:14:51.780+08:00 level=INFO source=server.go:225 msg=ServeHTTP method=POST path=/v1/completions took=2.31085625s status="200 OK"
time=2026-09-12T09:14:51.789+08:00 level=INFO source=pipeline.go:91 msg="peak memory" size="30.36 GiB"
time=2026-09-12T09:14:51.789+08:00 level=INFO source=server.go:225 msg=ServeHTTP method=GET path=/v1/status took=39.125µs status="200 OK"
time=2026-09-12T09:14:51.795+08:00 level=INFO source=prefix_cache.go:124 msg="cache hit" total=2057 matched=179 cached=167 left=1890
time=2026-09-12T09:14:52.945+08:00 level=INFO source=pipeline.go:200 msg="Prompt processing progress" processed=1889 total=1890
[GIN] 2026/09/12 - 09:14:54 | 200 |  2.391696375s |       127.0.0.1 | POST     "/api/chat"
time=2026-09-12T09:14:54.175+08:00 level=INFO source=server.go:225 msg=ServeHTTP method=POST path=/v1/completions took=2.385280417s status="200 OK"
time=2026-09-12T09:14:54.182+08:00 level=INFO source=pipeline.go:91 msg="peak memory" size="30.43 GiB"
time=2026-09-12T09:14:54.186+08:00 level=INFO source=server.go:225 msg=ServeHTTP method=GET path=/v1/status took=35.833µs status="200 OK"
time=2026-09-12T09:14:54.189+08:00 level=INFO source=prefix_cache.go:124 msg="cache hit" total=1922 matched=179 cached=179 left=1743
time=2026-09-12T09:14:55.261+08:00 level=INFO source=pipeline.go:200 msg="Prompt processing progress" processed=1742 total=1743
[GIN] 2026/09/12 - 09:14:56 | 200 |  2.328390042s |       127.0.0.1 | POST     "/api/chat"
time=2026-09-12T09:14:56.508+08:00 level=INFO source=server.go:225 msg=ServeHTTP method=POST path=/v1/completions took=2.321811791s status="200 OK"
time=2026-09-12T09:14:56.515+08:00 level=INFO source=pipeline.go:91 msg="peak memory" size="30.33 GiB"
time=2026-09-12T09:14:56.521+08:00 level=INFO source=server.go:225 msg=ServeHTTP method=GET path=/v1/status took=40.708µs status="200 OK"
time=2026-09-12T09:14:56.522+08:00 level=INFO source=prefix_cache.go:124 msg="cache hit" total=1870 matched=266 cached=179 left=1691
time=2026-09-12T09:14:57.554+08:00 level=INFO source=pipeline.go:200 msg="Prompt processing progress" processed=1690 total=1691
[GIN] 2026/09/12 - 09:14:58 | 200 |  2.285418708s |       127.0.0.1 | POST     "/api/chat"
time=2026-09-12T09:14:58.800+08:00 level=INFO source=server.go:225 msg=ServeHTTP method=POST path=/v1/completions took=2.27912175s status="200 OK"
time=2026-09-12T09:14:58.809+08:00 level=INFO source=pipeline.go:91 msg="peak memory" size="30.34 GiB"
time=2026-09-12T09:14:58.819+08:00 level=INFO source=server.go:225 msg=ServeHTTP method=GET path=/v1/status took=37.208µs status="200 OK"
time=2026-09-12T09:14:58.820+08:00 level=INFO source=prefix_cache.go:124 msg="cache hit" total=1879 matched=1864 cached=266 left=1613
time=2026-09-12T09:14:59.820+08:00 level=INFO source=pipeline.go:200 msg="Prompt processing progress" processed=1612 total=1613
[GIN] 2026/09/12 - 09:15:01 | 200 |  2.264991208s |       127.0.0.1 | POST     "/api/chat"
time=2026-09-12T09:15:01.078+08:00 level=INFO source=server.go:225 msg=ServeHTTP method=POST path=/v1/completions took=2.258528875s status="200 OK"
time=2026-09-12T09:15:01.086+08:00 level=INFO source=pipeline.go:91 msg="peak memory" size="30.19 GiB"
time=2026-09-12T09:15:01.087+08:00 level=INFO source=server.go:225 msg=ServeHTTP method=GET path=/v1/status took=36.291µs status="200 OK"
time=2026-09-12T09:15:01.090+08:00 level=INFO source=prefix_cache.go:124 msg="cache hit" total=2058 matched=2043 cached=179 left=1879
time=2026-09-12T09:15:02.252+08:00 level=INFO source=pipeline.go:200 msg="Prompt processing progress" processed=1878 total=1879
[GIN] 2026/09/12 - 09:15:03 | 200 |  2.355817667s |       127.0.0.1 | POST     "/api/chat"
time=2026-09-12T09:15:03.436+08:00 level=INFO source=server.go:225 msg=ServeHTTP method=POST path=/v1/completions took=2.349425208s status="200 OK"
time=2026-09-12T09:15:03.444+08:00 level=INFO source=pipeline.go:91 msg="peak memory" size="30.41 GiB"
time=2026-09-12T09:15:03.447+08:00 level=INFO source=server.go:225 msg=ServeHTTP method=GET path=/v1/status took=55.417µs status="200 OK"
time=2026-09-12T09:15:03.451+08:00 level=INFO source=prefix_cache.go:124 msg="cache hit" total=1923 matched=180 cached=179 left=1744
time=2026-09-12T09:15:04.545+08:00 level=INFO source=pipeline.go:200 msg="Prompt processing progress" processed=1743 total=1744
[GIN] 2026/09/12 - 09:15:05 | 200 |  2.363502458s |       127.0.0.1 | POST     "/api/chat"
time=2026-09-12T09:15:05.805+08:00 level=INFO source=server.go:225 msg=ServeHTTP method=POST path=/v1/completions took=2.357260084s status="200 OK"
time=2026-09-12T09:15:05.816+08:00 level=INFO source=pipeline.go:91 msg="peak memory" size="30.41 GiB"
time=2026-09-12T09:15:05.818+08:00 level=INFO source=server.go:225 msg=ServeHTTP method=GET path=/v1/status took=34.25µs status="200 OK"
time=2026-09-12T09:15:05.821+08:00 level=INFO source=prefix_cache.go:124 msg="cache hit" total=1871 matched=341 cached=266 left=1605
time=2026-09-12T09:15:06.800+08:00 level=INFO source=pipeline.go:200 msg="Prompt processing progress" processed=1604 total=1605
[GIN] 2026/09/12 - 09:15:08 | 200 |  2.236246083s |       127.0.0.1 | POST     "/api/chat"
time=2026-09-12T09:15:08.047+08:00 level=INFO source=server.go:225 msg=ServeHTTP method=POST path=/v1/completions took=2.229279792s status="200 OK"
time=2026-09-12T09:15:08.058+08:00 level=INFO source=pipeline.go:91 msg="peak memory" size="30.20 GiB"
time=2026-09-12T09:15:08.068+08:00 level=INFO source=server.go:225 msg=ServeHTTP method=GET path=/v1/status took=44.041µs status="200 OK"
time=2026-09-12T09:15:08.072+08:00 level=INFO source=prefix_cache.go:124 msg="cache hit" total=1885 matched=167 cached=167 left=1718
time=2026-09-12T09:15:09.128+08:00 level=INFO source=pipeline.go:200 msg="Prompt processing progress" processed=1717 total=1718
[GIN] 2026/09/12 - 09:15:10 | 200 |  1.940480542s |       127.0.0.1 | POST     "/api/chat"
time=2026-09-12T09:15:10.002+08:00 level=INFO source=server.go:225 msg=ServeHTTP method=POST path=/v1/completions took=1.933852625s status="200 OK"
time=2026-09-12T09:15:10.010+08:00 level=INFO source=pipeline.go:91 msg="peak memory" size="30.28 GiB"
time=2026-09-12T09:15:10.011+08:00 level=INFO source=server.go:225 msg=ServeHTTP method=GET path=/v1/status took=28.334µs status="200 OK"
time=2026-09-12T09:15:10.014+08:00 level=INFO source=prefix_cache.go:124 msg="cache hit" total=2060 matched=179 cached=167 left=1893
time=2026-09-12T09:15:11.172+08:00 level=INFO source=pipeline.go:200 msg="Prompt processing progress" processed=1892 total=1893
[GIN] 2026/09/12 - 09:15:12 | 200 |  2.425169416s |       127.0.0.1 | POST     "/api/chat"
time=2026-09-12T09:15:12.430+08:00 level=INFO source=server.go:225 msg=ServeHTTP method=POST path=/v1/completions took=2.418857625s status="200 OK"
time=2026-09-12T09:15:12.440+08:00 level=INFO source=pipeline.go:91 msg="peak memory" size="30.41 GiB"
time=2026-09-12T09:15:12.441+08:00 level=INFO source=server.go:225 msg=ServeHTTP method=GET path=/v1/status took=49.125µs status="200 OK"
time=2026-09-12T09:15:12.443+08:00 level=INFO source=prefix_cache.go:124 msg="cache hit" total=1642 matched=287 cached=179 left=1463
time=2026-09-12T09:15:13.344+08:00 level=INFO source=pipeline.go:200 msg="Prompt processing progress" processed=1462 total=1463
[GIN] 2026/09/12 - 09:15:14 | 200 |  2.082624458s |       127.0.0.1 | POST     "/api/chat"
time=2026-09-12T09:15:14.518+08:00 level=INFO source=server.go:225 msg=ServeHTTP method=POST path=/v1/completions took=2.075987917s status="200 OK"
time=2026-09-12T09:15:14.525+08:00 level=INFO source=pipeline.go:91 msg="peak memory" size="30.10 GiB"
time=2026-09-12T09:15:14.526+08:00 level=INFO source=server.go:225 msg=ServeHTTP method=GET path=/v1/status took=30.417µs status="200 OK"
time=2026-09-12T09:15:14.529+08:00 level=INFO source=prefix_cache.go:124 msg="cache hit" total=317 matched=265 cached=179 left=138
time=2026-09-12T09:15:14.720+08:00 level=INFO source=pipeline.go:200 msg="Prompt processing progress" processed=137 total=138
[GIN] 2026/09/12 - 09:15:15 | 200 |  1.209460834s |       127.0.0.1 | POST     "/api/chat"
time=2026-09-12T09:15:15.729+08:00 level=INFO source=server.go:225 msg=ServeHTTP method=POST path=/v1/completions took=1.20283325s status="200 OK"
time=2026-09-12T09:15:15.739+08:00 level=INFO source=pipeline.go:91 msg="peak memory" size="28.89 GiB"
time=2026-09-12T09:15:15.749+08:00 level=INFO source=server.go:225 msg=ServeHTTP method=GET path=/v1/status took=42.458µs status="200 OK"
time=2026-09-12T09:15:15.752+08:00 level=INFO source=prefix_cache.go:124 msg="cache hit" total=1933 matched=167 cached=167 left=1766
time=2026-09-12T09:15:16.906+08:00 level=INFO source=pipeline.go:200 msg="Prompt processing progress" processed=1765 total=1766
[GIN] 2026/09/12 - 09:15:18 | 200 |  3.127192542s |       127.0.0.1 | POST     "/api/chat"
time=2026-09-12T09:15:18.870+08:00 level=INFO source=server.go:225 msg=ServeHTTP method=POST path=/v1/completions took=3.1203835s status="200 OK"
time=2026-09-12T09:15:18.877+08:00 level=INFO source=pipeline.go:91 msg="peak memory" size="30.26 GiB"
time=2026-09-12T09:15:18.879+08:00 level=INFO source=server.go:225 msg=ServeHTTP method=GET path=/v1/status took=45.792µs status="200 OK"
time=2026-09-12T09:15:18.883+08:00 level=INFO source=prefix_cache.go:124 msg="cache hit" total=2047 matched=179 cached=167 left=1880
time=2026-09-12T09:15:20.156+08:00 level=INFO source=pipeline.go:200 msg="Prompt processing progress" processed=1879 total=1880
time=2026-09-12T09:15:22.017+08:00 level=INFO source=server.go:225 msg=ServeHTTP method=POST path=/v1/completions took=3.138176542s status="200 OK"
[GIN] 2026/09/12 - 09:15:22 | 200 |  3.144399667s |       127.0.0.1 | POST     "/api/chat"
time=2026-09-12T09:15:22.026+08:00 level=INFO source=pipeline.go:91 msg="peak memory" size="30.42 GiB"
time=2026-09-12T09:15:22.032+08:00 level=INFO source=server.go:225 msg=ServeHTTP method=GET path=/v1/status took=31.208µs status="200 OK"
time=2026-09-12T09:15:22.034+08:00 level=INFO source=prefix_cache.go:124 msg="cache hit" total=1987 matched=334 cached=179 left=1808
time=2026-09-12T09:15:23.134+08:00 level=INFO source=pipeline.go:200 msg="Prompt processing progress" processed=1807 total=1808
[GIN] 2026/09/12 - 09:15:25 | 200 |  3.390258625s |       127.0.0.1 | POST     "/api/chat"
time=2026-09-12T09:15:25.416+08:00 level=INFO source=server.go:225 msg=ServeHTTP method=POST path=/v1/completions took=3.383874125s status="200 OK"
time=2026-09-12T09:15:25.426+08:00 level=INFO source=pipeline.go:91 msg="peak memory" size="30.45 GiB"
time=2026-09-12T09:15:25.432+08:00 level=INFO source=server.go:225 msg=ServeHTTP method=GET path=/v1/status took=56.875µs status="200 OK"
time=2026-09-12T09:15:25.434+08:00 level=INFO source=prefix_cache.go:124 msg="cache hit" total=1940 matched=179 cached=179 left=1761
time=2026-09-12T09:15:26.581+08:00 level=INFO source=pipeline.go:200 msg="Prompt processing progress" processed=1760 total=1761
[GIN] 2026/09/12 - 09:15:27 | 200 |    2.4364245s |       127.0.0.1 | POST     "/api/chat"
time=2026-09-12T09:15:27.861+08:00 level=INFO source=server.go:225 msg=ServeHTTP method=POST path=/v1/completions took=2.429115375s status="200 OK"
time=2026-09-12T09:15:27.870+08:00 level=INFO source=pipeline.go:91 msg="peak memory" size="30.35 GiB"
time=2026-09-12T09:15:27.880+08:00 level=INFO source=server.go:225 msg=ServeHTTP method=GET path=/v1/status took=38.041µs status="200 OK"
time=2026-09-12T09:15:27.883+08:00 level=INFO source=prefix_cache.go:124 msg="cache hit" total=1843 matched=167 cached=167 left=1676
time=2026-09-12T09:15:28.952+08:00 level=INFO source=pipeline.go:200 msg="Prompt processing progress" processed=1675 total=1676
[GIN] 2026/09/12 - 09:15:31 | 200 |  3.171286375s |       127.0.0.1 | POST     "/api/chat"
time=2026-09-12T09:15:31.045+08:00 level=INFO source=server.go:225 msg=ServeHTTP method=POST path=/v1/completions took=3.165052625s status="200 OK"
time=2026-09-12T09:15:31.053+08:00 level=INFO source=pipeline.go:91 msg="peak memory" size="30.24 GiB"
time=2026-09-12T09:15:31.054+08:00 level=INFO source=server.go:225 msg=ServeHTTP method=GET path=/v1/status took=32.416µs status="200 OK"
time=2026-09-12T09:15:31.058+08:00 level=INFO source=prefix_cache.go:124 msg="cache hit" total=2051 matched=179 cached=167 left=1884
time=2026-09-12T09:15:32.185+08:00 level=INFO source=pipeline.go:200 msg="Prompt processing progress" processed=1883 total=1884
[GIN] 2026/09/12 - 09:15:33 | 200 |  2.440375958s |       127.0.0.1 | POST     "/api/chat"
time=2026-09-12T09:15:33.489+08:00 level=INFO source=server.go:225 msg=ServeHTTP method=POST path=/v1/completions took=2.434239584s status="200 OK"
time=2026-09-12T09:15:33.497+08:00 level=INFO source=pipeline.go:91 msg="peak memory" size="30.44 GiB"
time=2026-09-12T09:15:33.501+08:00 level=INFO source=server.go:225 msg=ServeHTTP method=GET path=/v1/status took=37.875µs status="200 OK"
time=2026-09-12T09:15:33.503+08:00 level=INFO source=prefix_cache.go:124 msg="cache hit" total=1940 matched=288 cached=179 left=1761
time=2026-09-12T09:15:34.562+08:00 level=INFO source=pipeline.go:200 msg="Prompt processing progress" processed=1760 total=1761
[GIN] 2026/09/12 - 09:15:36 | 200 |  3.150184125s |       127.0.0.1 | POST     "/api/chat"
time=2026-09-12T09:15:36.645+08:00 level=INFO source=server.go:225 msg=ServeHTTP method=POST path=/v1/completions took=3.143630667s status="200 OK"
time=2026-09-12T09:15:36.654+08:00 level=INFO source=pipeline.go:91 msg="peak memory" size="30.42 GiB"
time=2026-09-12T09:15:36.659+08:00 level=INFO source=server.go:225 msg=ServeHTTP method=GET path=/v1/status took=37.042µs status="200 OK"
time=2026-09-12T09:15:36.661+08:00 level=INFO source=prefix_cache.go:124 msg="cache hit" total=1934 matched=267 cached=179 left=1755
time=2026-09-12T09:15:37.720+08:00 level=INFO source=pipeline.go:200 msg="Prompt processing progress" processed=1754 total=1755
[GIN] 2026/09/12 - 09:15:39 | 200 |  3.168437834s |       127.0.0.1 | POST     "/api/chat"
time=2026-09-12T09:15:39.821+08:00 level=INFO source=server.go:225 msg=ServeHTTP method=POST path=/v1/completions took=3.162101459s status="200 OK"
time=2026-09-12T09:15:39.831+08:00 level=INFO source=pipeline.go:91 msg="peak memory" size="30.41 GiB"
time=2026-09-12T09:15:39.841+08:00 level=INFO source=server.go:225 msg=ServeHTTP method=GET path=/v1/status took=49.875µs status="200 OK"
time=2026-09-12T09:15:39.845+08:00 level=INFO source=prefix_cache.go:124 msg="cache hit" total=1845 matched=1826 cached=288 left=1557
time=2026-09-12T09:15:40.804+08:00 level=INFO source=pipeline.go:200 msg="Prompt processing progress" processed=1556 total=1557
[GIN] 2026/09/12 - 09:15:41 | 200 |  1.526873959s |       127.0.0.1 | POST     "/api/chat"
time=2026-09-12T09:15:41.361+08:00 level=INFO source=server.go:225 msg=ServeHTTP method=POST path=/v1/completions took=1.520234875s status="200 OK"
time=2026-09-12T09:15:41.370+08:00 level=INFO source=pipeline.go:91 msg="peak memory" size="30.19 GiB"
time=2026-09-12T09:15:41.370+08:00 level=INFO source=server.go:225 msg=ServeHTTP method=GET path=/v1/status took=394.042µs status="200 OK"
time=2026-09-12T09:15:41.371+08:00 level=INFO source=prefix_cache.go:124 msg="cache hit" total=2053 matched=2034 cached=179 left=1874
time=2026-09-12T09:15:42.527+08:00 level=INFO source=pipeline.go:200 msg="Prompt processing progress" processed=1873 total=1874
[GIN] 2026/09/12 - 09:15:43 | 200 |  2.222755125s |       127.0.0.1 | POST     "/api/chat"
time=2026-09-12T09:15:43.587+08:00 level=INFO source=server.go:225 msg=ServeHTTP method=POST path=/v1/completions took=2.216163708s status="200 OK"
time=2026-09-12T09:15:43.596+08:00 level=INFO source=pipeline.go:91 msg="peak memory" size="30.43 GiB"
time=2026-09-12T09:15:43.599+08:00 level=INFO source=server.go:225 msg=ServeHTTP method=GET path=/v1/status took=46.459µs status="200 OK"
time=2026-09-12T09:15:43.602+08:00 level=INFO source=prefix_cache.go:124 msg="cache hit" total=1938 matched=180 cached=179 left=1759
time=2026-09-12T09:15:44.666+08:00 level=INFO source=pipeline.go:200 msg="Prompt processing progress" processed=1758 total=1759
[GIN] 2026/09/12 - 09:15:45 | 200 |  2.185965167s |       127.0.0.1 | POST     "/api/chat"
time=2026-09-12T09:15:45.779+08:00 level=INFO source=server.go:225 msg=ServeHTTP method=POST path=/v1/completions took=2.179523791s status="200 OK"
time=2026-09-12T09:15:45.788+08:00 level=INFO source=pipeline.go:91 msg="peak memory" size="30.42 GiB"
time=2026-09-12T09:15:45.792+08:00 level=INFO source=server.go:225 msg=ServeHTTP method=GET path=/v1/status took=36.166µs status="200 OK"
time=2026-09-12T09:15:45.794+08:00 level=INFO source=prefix_cache.go:124 msg="cache hit" total=1876 matched=181 cached=180 left=1696
time=2026-09-12T09:15:46.817+08:00 level=INFO source=pipeline.go:200 msg="Prompt processing progress" processed=1695 total=1696
[GIN] 2026/09/12 - 09:15:47 | 200 |  2.143047083s |       127.0.0.1 | POST     "/api/chat"
time=2026-09-12T09:15:47.929+08:00 level=INFO source=server.go:225 msg=ServeHTTP method=POST path=/v1/completions took=2.136709542s status="200 OK"
time=2026-09-12T09:15:47.938+08:00 level=INFO source=pipeline.go:91 msg="peak memory" size="30.29 GiB"
time=2026-09-12T09:15:47.938+08:00 level=INFO source=server.go:225 msg=ServeHTTP method=GET path=/v1/status took=1.012459ms status="200 OK"
time=2026-09-12T09:15:47.940+08:00 level=INFO source=prefix_cache.go:124 msg="cache hit" total=551 matched=3 cached=3 left=548
time=2026-09-12T09:15:48.360+08:00 level=INFO source=pipeline.go:200 msg="Prompt processing progress" processed=547 total=548
[GIN] 2026/09/12 - 09:15:57 | 200 |  9.265402209s |       127.0.0.1 | POST     "/api/chat"
time=2026-09-12T09:15:57.196+08:00 level=INFO source=server.go:225 msg=ServeHTTP method=POST path=/v1/completions took=9.258115s status="200 OK"
time=2026-09-12T09:15:57.204+08:00 level=INFO source=pipeline.go:91 msg="peak memory" size="29.42 GiB"
time=2026-09-12T09:15:57.207+08:00 level=INFO source=server.go:225 msg=ServeHTTP method=GET path=/v1/status took=61.958µs status="200 OK"
time=2026-09-12T09:15:57.210+08:00 level=INFO source=prefix_cache.go:124 msg="cache hit" total=2231 matched=127 cached=3 left=2228
time=2026-09-12T09:15:58.442+08:00 level=INFO source=pipeline.go:200 msg="Prompt processing progress" processed=2048 total=2228
time=2026-09-12T09:15:58.696+08:00 level=INFO source=pipeline.go:200 msg="Prompt processing progress" processed=2227 total=2228
[GIN] 2026/09/12 - 09:16:18 | 200 | 21.403202792s |       127.0.0.1 | POST     "/api/chat"
time=2026-09-12T09:16:18.604+08:00 level=INFO source=server.go:225 msg=ServeHTTP method=POST path=/v1/completions took=21.396502291s status="200 OK"
time=2026-09-12T09:16:18.611+08:00 level=INFO source=pipeline.go:91 msg="peak memory" size="30.52 GiB"
time=2026-09-12T09:16:18.612+08:00 level=INFO source=server.go:225 msg=ServeHTTP method=GET path=/v1/status took=33.167µs status="200 OK"
time=2026-09-12T09:16:18.615+08:00 level=INFO source=prefix_cache.go:124 msg="cache hit" total=1351 matched=265 cached=127 left=1224
time=2026-09-12T09:16:19.367+08:00 level=INFO source=pipeline.go:200 msg="Prompt processing progress" processed=1223 total=1224
time=2026-09-12T09:16:21.530+08:00 level=INFO source=server.go:225 msg=ServeHTTP method=GET path=/v1/status took=50.438959ms status="200 OK"
time=2026-09-12T09:16:41.736+08:00 level=INFO source=server.go:225 msg=ServeHTTP method=POST path=/v1/completions took=23.123962625s status="200 OK"
[GIN] 2026/09/12 - 09:16:41 | 200 | 23.130351708s |       127.0.0.1 | POST     "/api/chat"
time=2026-09-12T09:16:41.743+08:00 level=INFO source=pipeline.go:91 msg="peak memory" size="30.19 GiB"
time=2026-09-12T09:16:41.747+08:00 level=INFO source=prefix_cache.go:124 msg="cache hit" total=811 matched=157 cached=3 left=808
time=2026-09-12T09:16:41.795+08:00 level=INFO source=server.go:225 msg=ServeHTTP method=GET path=/v1/status took=50.248667ms status="200 OK"
time=2026-09-12T09:16:42.282+08:00 level=INFO source=pipeline.go:200 msg="Prompt processing progress" processed=807 total=808
[GIN] 2026/09/12 - 09:16:43 | 200 | 21.815458083s |       127.0.0.1 | POST     "/api/chat"
time=2026-09-12T09:16:43.288+08:00 level=INFO source=server.go:225 msg=ServeHTTP method=POST path=/v1/completions took=21.758341709s status="200 OK"
time=2026-09-12T09:16:43.298+08:00 level=INFO source=pipeline.go:91 msg="peak memory" size="29.68 GiB"
time=2026-09-12T09:16:43.298+08:00 level=INFO source=server.go:225 msg=ServeHTTP method=GET path=/v1/status took=1.115375ms status="200 OK"
time=2026-09-12T09:16:43.305+08:00 level=INFO source=prefix_cache.go:124 msg="cache hit" total=1539 matched=671 cached=265 left=1274
time=2026-09-12T09:16:44.116+08:00 level=INFO source=pipeline.go:200 msg="Prompt processing progress" processed=1273 total=1274
[GIN] 2026/09/12 - 09:17:07 | 200 | 25.514710125s |       127.0.0.1 | POST     "/api/chat"
time=2026-09-12T09:17:07.253+08:00 level=INFO source=server.go:225 msg=ServeHTTP method=POST path=/v1/completions took=25.457630834s status="200 OK"
time=2026-09-12T09:17:07.261+08:00 level=INFO source=pipeline.go:91 msg="peak memory" size="30.06 GiB"
time=2026-09-12T09:17:07.262+08:00 level=INFO source=prefix_cache.go:124 msg="cache hit" total=816 matched=163 cached=157 left=659
time=2026-09-12T09:17:07.314+08:00 level=INFO source=server.go:225 msg=ServeHTTP method=GET path=/v1/status took=51.089ms status="200 OK"
time=2026-09-12T09:17:07.779+08:00 level=INFO source=pipeline.go:200 msg="Prompt processing progress" processed=658 total=659
[GIN] 2026/09/12 - 09:17:09 | 200 | 26.476132041s |       127.0.0.1 | POST     "/api/chat"
time=2026-09-12T09:17:09.767+08:00 level=INFO source=server.go:225 msg=ServeHTTP method=POST path=/v1/completions took=26.468749917s status="200 OK"
time=2026-09-12T09:17:09.775+08:00 level=INFO source=pipeline.go:91 msg="peak memory" size="29.63 GiB"
time=2026-09-12T09:17:09.780+08:00 level=INFO source=prefix_cache.go:124 msg="cache hit" total=1632 matched=671 cached=671 left=961
time=2026-09-12T09:17:10.446+08:00 level=INFO source=pipeline.go:200 msg="Prompt processing progress" processed=960 total=961
[GIN] 2026/09/12 - 09:17:36 | 200 | 28.964080292s |       127.0.0.1 | POST     "/api/chat"
time=2026-09-12T09:17:36.220+08:00 level=INFO source=server.go:225 msg=ServeHTTP method=POST path=/v1/completions took=28.9057505s status="200 OK"
time=2026-09-12T09:17:36.227+08:00 level=INFO source=pipeline.go:91 msg="peak memory" size="29.83 GiB"
time=2026-09-12T09:17:36.229+08:00 level=INFO source=server.go:225 msg=ServeHTTP method=GET path=/v1/status took=34.667µs status="200 OK"
time=2026-09-12T09:17:36.232+08:00 level=INFO source=prefix_cache.go:124 msg="cache hit" total=1835 matched=779 cached=671 left=1164
time=2026-09-12T09:17:36.976+08:00 level=INFO source=pipeline.go:200 msg="Prompt processing progress" processed=1163 total=1164
time=2026-09-12T09:18:06.442+08:00 level=INFO source=server.go:225 msg=ServeHTTP method=POST path=/v1/completions took=30.212834958s status="200 OK"
[GIN] 2026/09/12 - 09:18:06 | 200 | 30.219223917s |       127.0.0.1 | POST     "/api/chat"
time=2026-09-12T09:18:06.447+08:00 level=INFO source=pipeline.go:91 msg="peak memory" size="30.13 GiB"
time=2026-09-12T09:18:06.450+08:00 level=INFO source=server.go:225 msg=ServeHTTP method=GET path=/v1/status took=34.375µs status="200 OK"
time=2026-09-12T09:18:06.454+08:00 level=INFO source=prefix_cache.go:124 msg="cache hit" total=1999 matched=643 cached=265 left=1734
time=2026-09-12T09:18:07.517+08:00 level=INFO source=pipeline.go:200 msg="Prompt processing progress" processed=1733 total=1734
[GIN] 2026/09/12 - 09:18:41 | 200 | 34.876510792s |       127.0.0.1 | POST     "/api/chat"
time=2026-09-12T09:18:41.321+08:00 level=INFO source=server.go:225 msg=ServeHTTP method=POST path=/v1/completions took=34.86987675s status="200 OK"
time=2026-09-12T09:18:41.328+08:00 level=INFO source=pipeline.go:91 msg="peak memory" size="30.42 GiB"
time=2026-09-12T09:18:41.330+08:00 level=INFO source=server.go:225 msg=ServeHTTP method=GET path=/v1/status took=47.5µs status="200 OK"
time=2026-09-12T09:18:41.333+08:00 level=INFO source=prefix_cache.go:124 msg="cache hit" total=2138 matched=650 cached=643 left=1495
time=2026-09-12T09:18:42.224+08:00 level=INFO source=pipeline.go:200 msg="Prompt processing progress" processed=1494 total=1495
time=2026-09-12T09:19:18.561+08:00 level=INFO source=server.go:225 msg=ServeHTTP method=POST path=/v1/completions took=37.231386458s status="200 OK"
[GIN] 2026/09/12 - 09:19:18 | 200 | 37.238029458s |       127.0.0.1 | POST     "/api/chat"
time=2026-09-12T09:19:18.569+08:00 level=INFO source=pipeline.go:91 msg="peak memory" size="30.18 GiB"
time=2026-09-12T09:19:18.571+08:00 level=INFO source=server.go:225 msg=ServeHTTP method=GET path=/v1/status took=43.041µs status="200 OK"
time=2026-09-12T09:19:18.573+08:00 level=INFO source=prefix_cache.go:124 msg="cache hit" total=2111 matched=514 cached=265 left=1846
time=2026-09-12T09:19:19.649+08:00 level=INFO source=pipeline.go:200 msg="Prompt processing progress" processed=1845 total=1846
[GIN] 2026/09/12 - 09:19:54 | 200 | 36.426249125s |       127.0.0.1 | POST     "/api/chat"
time=2026-09-12T09:19:54.990+08:00 level=INFO source=server.go:225 msg=ServeHTTP method=POST path=/v1/completions took=36.419399375s status="200 OK"
time=2026-09-12T09:19:54.996+08:00 level=INFO source=pipeline.go:91 msg="peak memory" size="30.47 GiB"
time=2026-09-12T09:19:55.000+08:00 level=INFO source=server.go:225 msg=ServeHTTP method=GET path=/v1/status took=35.709µs status="200 OK"
time=2026-09-12T09:19:55.002+08:00 level=INFO source=prefix_cache.go:124 msg="cache hit" total=2255 matched=1607 cached=514 left=1741
time=2026-09-12T09:19:56.003+08:00 level=INFO source=pipeline.go:200 msg="Prompt processing progress" processed=1740 total=1741
[GIN] 2026/09/12 - 09:20:32 | 200 | 37.485387584s |       127.0.0.1 | POST     "/api/chat"
time=2026-09-12T09:20:32.479+08:00 level=INFO source=server.go:225 msg=ServeHTTP method=POST path=/v1/completions took=37.47879275s status="200 OK"
time=2026-09-12T09:20:32.486+08:00 level=INFO source=pipeline.go:91 msg="peak memory" size="30.44 GiB"
time=2026-09-12T09:20:32.489+08:00 level=INFO source=server.go:225 msg=ServeHTTP method=GET path=/v1/status took=35.75µs status="200 OK"
time=2026-09-12T09:20:32.492+08:00 level=INFO source=prefix_cache.go:124 msg="cache hit" total=2112 matched=1713 cached=1607 left=505
time=2026-09-12T09:20:32.894+08:00 level=INFO source=pipeline.go:200 msg="Prompt processing progress" processed=504 total=505
[GIN] 2026/09/12 - 09:21:05 | 200 | 32.724620625s |       127.0.0.1 | POST     "/api/chat"
time=2026-09-12T09:21:05.207+08:00 level=INFO source=server.go:225 msg=ServeHTTP method=POST path=/v1/completions took=32.718033083s status="200 OK"
time=2026-09-12T09:21:05.212+08:00 level=INFO source=pipeline.go:91 msg="peak memory" size="29.43 GiB"
time=2026-09-12T09:21:05.219+08:00 level=INFO source=server.go:225 msg=ServeHTTP method=GET path=/v1/status took=36.792µs status="200 OK"
time=2026-09-12T09:21:05.222+08:00 level=INFO source=prefix_cache.go:124 msg="cache hit" total=4094 matched=1730 cached=1713 left=2381
time=2026-09-12T09:21:06.415+08:00 level=INFO source=pipeline.go:200 msg="Prompt processing progress" processed=2048 total=2381
time=2026-09-12T09:21:06.744+08:00 level=INFO source=pipeline.go:200 msg="Prompt processing progress" processed=2380 total=2381
time=2026-09-12T09:21:43.303+08:00 level=INFO source=server.go:225 msg=ServeHTTP method=POST path=/v1/completions took=38.083262875s status="200 OK"
[GIN] 2026/09/12 - 09:21:43 | 200 | 38.089855959s |       127.0.0.1 | POST     "/api/chat"
time=2026-09-12T09:21:43.310+08:00 level=INFO source=pipeline.go:91 msg="peak memory" size="30.54 GiB"
time=2026-09-12T09:21:43.312+08:00 level=INFO source=server.go:225 msg=ServeHTTP method=GET path=/v1/status took=34.125µs status="200 OK"
time=2026-09-12T09:21:43.315+08:00 level=INFO source=prefix_cache.go:124 msg="cache hit" total=2107 matched=783 cached=514 left=1593
time=2026-09-12T09:21:44.270+08:00 level=INFO source=pipeline.go:200 msg="Prompt processing progress" processed=1592 total=1593
time=2026-09-12T09:22:17.660+08:00 level=INFO source=server.go:225 msg=ServeHTTP method=POST path=/v1/completions took=34.347805542s status="200 OK"
[GIN] 2026/09/12 - 09:22:17 | 200 |    34.354348s |       127.0.0.1 | POST     "/api/chat"
time=2026-09-12T09:22:17.668+08:00 level=INFO source=pipeline.go:91 msg="peak memory" size="30.28 GiB"
time=2026-09-12T09:22:17.669+08:00 level=INFO source=server.go:225 msg=ServeHTTP method=GET path=/v1/status took=32.833µs status="200 OK"
time=2026-09-12T09:22:17.670+08:00 level=INFO source=prefix_cache.go:124 msg="cache hit" total=2076 matched=266 cached=265 left=1811
time=2026-09-12T09:22:18.767+08:00 level=INFO source=pipeline.go:200 msg="Prompt processing progress" processed=1810 total=1811
time=2026-09-12T09:22:53.519+08:00 level=INFO source=server.go:225 msg=ServeHTTP method=POST path=/v1/completions took=35.849248834s status="200 OK"
[GIN] 2026/09/12 - 09:22:53 | 200 |  35.85538525s |       127.0.0.1 | POST     "/api/chat"
time=2026-09-12T09:22:53.526+08:00 level=INFO source=pipeline.go:91 msg="peak memory" size="30.48 GiB"
time=2026-09-12T09:22:53.528+08:00 level=INFO source=server.go:225 msg=ServeHTTP method=GET path=/v1/status took=52.125µs status="200 OK"
time=2026-09-12T09:22:53.532+08:00 level=INFO source=prefix_cache.go:124 msg="cache hit" total=2138 matched=1443 cached=266 left=1872
time=2026-09-12T09:22:54.609+08:00 level=INFO source=pipeline.go:200 msg="Prompt processing progress" processed=1871 total=1872
time=2026-09-12T09:23:30.675+08:00 level=INFO source=server.go:225 msg=ServeHTTP method=POST path=/v1/completions took=37.146270667s status="200 OK"
[GIN] 2026/09/12 - 09:23:30 | 200 | 37.152854208s |       127.0.0.1 | POST     "/api/chat"
time=2026-09-12T09:23:30.682+08:00 level=INFO source=pipeline.go:91 msg="peak memory" size="30.42 GiB"
time=2026-09-12T09:23:30.684+08:00 level=INFO source=server.go:225 msg=ServeHTTP method=GET path=/v1/status took=28.625µs status="200 OK"
time=2026-09-12T09:23:30.688+08:00 level=INFO source=prefix_cache.go:124 msg="cache hit" total=2083 matched=455 cached=266 left=1817
time=2026-09-12T09:23:31.728+08:00 level=INFO source=pipeline.go:200 msg="Prompt processing progress" processed=1816 total=1817
[GIN] 2026/09/12 - 09:24:08 | 200 |   37.8311365s |       127.0.0.1 | POST     "/api/chat"
time=2026-09-12T09:24:08.509+08:00 level=INFO source=server.go:225 msg=ServeHTTP method=POST path=/v1/completions took=37.824586458s status="200 OK"
time=2026-09-12T09:24:08.516+08:00 level=INFO source=pipeline.go:91 msg="peak memory" size="30.49 GiB"
time=2026-09-12T09:24:08.520+08:00 level=INFO source=server.go:225 msg=ServeHTTP method=GET path=/v1/status took=40.875µs status="200 OK"
time=2026-09-12T09:24:08.525+08:00 level=INFO source=prefix_cache.go:124 msg="cache hit" total=609 matched=161 cached=157 left=452
time=2026-09-12T09:24:08.891+08:00 level=INFO source=pipeline.go:200 msg="Prompt processing progress" processed=451 total=452
[GIN] 2026/09/12 - 09:24:10 | 200 |  1.526741708s |       127.0.0.1 | POST     "/api/chat"
time=2026-09-12T09:24:10.041+08:00 level=INFO source=server.go:225 msg=ServeHTTP method=POST path=/v1/completions took=1.520308167s status="200 OK"
time=2026-09-12T09:24:10.050+08:00 level=INFO source=pipeline.go:91 msg="peak memory" size="29.35 GiB"
time=2026-09-12T09:24:10.050+08:00 level=INFO source=server.go:225 msg=ServeHTTP method=GET path=/v1/status took=367.042µs status="200 OK"
time=2026-09-12T09:24:10.051+08:00 level=INFO source=prefix_cache.go:124 msg="cache hit" total=698 matched=178 cached=161 left=537
time=2026-09-12T09:24:10.457+08:00 level=INFO source=pipeline.go:200 msg="Prompt processing progress" processed=536 total=537
[GIN] 2026/09/12 - 09:24:11 | 200 |  1.600230667s |       127.0.0.1 | POST     "/api/chat"
time=2026-09-12T09:24:11.643+08:00 level=INFO source=server.go:225 msg=ServeHTTP method=POST path=/v1/completions took=1.593643166s status="200 OK"
time=2026-09-12T09:24:11.652+08:00 level=INFO source=pipeline.go:91 msg="peak memory" size="29.43 GiB"
time=2026-09-12T09:24:11.652+08:00 level=INFO source=server.go:225 msg=ServeHTTP method=GET path=/v1/status took=442.542µs status="200 OK"
time=2026-09-12T09:24:11.654+08:00 level=INFO source=prefix_cache.go:124 msg="cache hit" total=609 matched=178 cached=178 left=431
time=2026-09-12T09:24:12.002+08:00 level=INFO source=pipeline.go:200 msg="Prompt processing progress" processed=430 total=431
[GIN] 2026/09/12 - 09:24:13 | 200 |    1.4855835s |       127.0.0.1 | POST     "/api/chat"
time=2026-09-12T09:24:13.131+08:00 level=INFO source=server.go:225 msg=ServeHTTP method=POST path=/v1/completions took=1.478489459s status="200 OK"
time=2026-09-12T09:24:13.136+08:00 level=INFO source=pipeline.go:91 msg="peak memory" size="29.21 GiB"
time=2026-09-12T09:24:13.139+08:00 level=INFO source=server.go:225 msg=ServeHTTP method=GET path=/v1/status took=28.959µs status="200 OK"
time=2026-09-12T09:24:13.142+08:00 level=INFO source=prefix_cache.go:124 msg="cache hit" total=649 matched=263 cached=178 left=471
time=2026-09-12T09:24:13.509+08:00 level=INFO source=pipeline.go:200 msg="Prompt processing progress" processed=470 total=471
[GIN] 2026/09/12 - 09:24:14 | 200 |  1.473907709s |       127.0.0.1 | POST     "/api/chat"
time=2026-09-12T09:24:14.607+08:00 level=INFO source=server.go:225 msg=ServeHTTP method=POST path=/v1/completions took=1.467713459s status="200 OK"
time=2026-09-12T09:24:14.616+08:00 level=INFO source=pipeline.go:91 msg="peak memory" size="29.39 GiB"
time=2026-09-12T09:24:14.618+08:00 level=INFO source=server.go:225 msg=ServeHTTP method=GET path=/v1/status took=30.75µs status="200 OK"
time=2026-09-12T09:24:14.621+08:00 level=INFO source=prefix_cache.go:124 msg="cache hit" total=1900 matched=166 cached=161 left=1739
time=2026-09-12T09:24:15.601+08:00 level=INFO source=pipeline.go:200 msg="Prompt processing progress" processed=1738 total=1739
[GIN] 2026/09/12 - 09:24:16 | 200 |  1.865313333s |       127.0.0.1 | POST     "/api/chat"
time=2026-09-12T09:24:16.477+08:00 level=INFO source=server.go:225 msg=ServeHTTP method=POST path=/v1/completions took=1.859264875s status="200 OK"
time=2026-09-12T09:24:16.486+08:00 level=INFO source=pipeline.go:91 msg="peak memory" size="30.39 GiB"
time=2026-09-12T09:24:16.486+08:00 level=INFO source=server.go:225 msg=ServeHTTP method=GET path=/v1/status took=239.083µs status="200 OK"
time=2026-09-12T09:24:16.488+08:00 level=INFO source=prefix_cache.go:124 msg="cache hit" total=1316 matched=179 cached=166 left=1150
time=2026-09-12T09:24:17.176+08:00 level=INFO source=pipeline.go:200 msg="Prompt processing progress" processed=1149 total=1150
[GIN] 2026/09/12 - 09:24:18 | 200 |  1.618875667s |       127.0.0.1 | POST     "/api/chat"
time=2026-09-12T09:24:18.099+08:00 level=INFO source=server.go:225 msg=ServeHTTP method=POST path=/v1/completions took=1.612464416s status="200 OK"
time=2026-09-12T09:24:18.106+08:00 level=INFO source=pipeline.go:91 msg="peak memory" size="30.07 GiB"
time=2026-09-12T09:24:18.108+08:00 level=INFO source=server.go:225 msg=ServeHTTP method=GET path=/v1/status took=32.333µs status="200 OK"
time=2026-09-12T09:24:18.108+08:00 level=INFO source=prefix_cache.go:124 msg="cache hit" total=767 matched=331 cached=179 left=588
time=2026-09-12T09:24:18.521+08:00 level=INFO source=pipeline.go:200 msg="Prompt processing progress" processed=587 total=588
[GIN] 2026/09/12 - 09:24:19 | 200 |  1.532322458s |       127.0.0.1 | POST     "/api/chat"
time=2026-09-12T09:24:19.633+08:00 level=INFO source=server.go:225 msg=ServeHTTP method=POST path=/v1/completions took=1.525602708s status="200 OK"
time=2026-09-12T09:24:19.643+08:00 level=INFO source=pipeline.go:91 msg="peak memory" size="29.57 GiB"
time=2026-09-12T09:24:19.643+08:00 level=INFO source=server.go:225 msg=ServeHTTP method=GET path=/v1/status took=1.097167ms status="200 OK"
time=2026-09-12T09:24:19.644+08:00 level=INFO source=prefix_cache.go:124 msg="cache hit" total=819 matched=179 cached=179 left=640
time=2026-09-12T09:24:20.073+08:00 level=INFO source=pipeline.go:200 msg="Prompt processing progress" processed=639 total=640
[GIN] 2026/09/12 - 09:24:21 | 200 |    1.5635425s |       127.0.0.1 | POST     "/api/chat"
time=2026-09-12T09:24:21.199+08:00 level=INFO source=server.go:225 msg=ServeHTTP method=POST path=/v1/completions took=1.555841417s status="200 OK"
time=2026-09-12T09:24:21.208+08:00 level=INFO source=pipeline.go:91 msg="peak memory" size="29.57 GiB"
time=2026-09-12T09:24:21.211+08:00 level=INFO source=server.go:225 msg=ServeHTTP method=GET path=/v1/status took=37.584µs status="200 OK"
time=2026-09-12T09:24:21.214+08:00 level=INFO source=prefix_cache.go:124 msg="cache hit" total=1890 matched=166 cached=166 left=1724
time=2026-09-12T09:24:22.225+08:00 level=INFO source=pipeline.go:200 msg="Prompt processing progress" processed=1723 total=1724
[GIN] 2026/09/12 - 09:24:23 | 200 |  2.096666333s |       127.0.0.1 | POST     "/api/chat"
time=2026-09-12T09:24:23.301+08:00 level=INFO source=server.go:225 msg=ServeHTTP method=POST path=/v1/completions took=2.09015475s status="200 OK"
time=2026-09-12T09:24:23.309+08:00 level=INFO source=pipeline.go:91 msg="peak memory" size="30.26 GiB"
time=2026-09-12T09:24:23.310+08:00 level=INFO source=server.go:225 msg=ServeHTTP method=GET path=/v1/status took=30.5µs status="200 OK"
time=2026-09-12T09:24:23.313+08:00 level=INFO source=prefix_cache.go:124 msg="cache hit" total=1455 matched=179 cached=166 left=1289
time=2026-09-12T09:24:24.080+08:00 level=INFO source=pipeline.go:200 msg="Prompt processing progress" processed=1288 total=1289
[GIN] 2026/09/12 - 09:24:25 | 200 |  1.921522667s |       127.0.0.1 | POST     "/api/chat"
time=2026-09-12T09:24:25.225+08:00 level=INFO source=server.go:225 msg=ServeHTTP method=POST path=/v1/completions took=1.915398125s status="200 OK"
time=2026-09-12T09:24:25.234+08:00 level=INFO source=pipeline.go:91 msg="peak memory" size="30.10 GiB"
time=2026-09-12T09:24:25.234+08:00 level=INFO source=server.go:225 msg=ServeHTTP method=GET path=/v1/status took=29.791µs status="200 OK"
time=2026-09-12T09:24:25.236+08:00 level=INFO source=prefix_cache.go:124 msg="cache hit" total=862 matched=278 cached=179 left=683
time=2026-09-12T09:24:25.694+08:00 level=INFO source=pipeline.go:200 msg="Prompt processing progress" processed=682 total=683
[GIN] 2026/09/12 - 09:24:26 | 200 |  1.561938167s |       127.0.0.1 | POST     "/api/chat"
time=2026-09-12T09:24:26.790+08:00 level=INFO source=server.go:225 msg=ServeHTTP method=POST path=/v1/completions took=1.555484333s status="200 OK"
time=2026-09-12T09:24:26.796+08:00 level=INFO source=pipeline.go:91 msg="peak memory" size="29.63 GiB"
time=2026-09-12T09:24:26.798+08:00 level=INFO source=server.go:225 msg=ServeHTTP method=GET path=/v1/status took=32.792µs status="200 OK"
time=2026-09-12T09:24:26.802+08:00 level=INFO source=prefix_cache.go:124 msg="cache hit" total=926 matched=263 cached=179 left=747
time=2026-09-12T09:24:27.294+08:00 level=INFO source=pipeline.go:200 msg="Prompt processing progress" processed=746 total=747
[GIN] 2026/09/12 - 09:24:28 | 200 |  1.671562958s |       127.0.0.1 | POST     "/api/chat"
time=2026-09-12T09:24:28.464+08:00 level=INFO source=server.go:225 msg=ServeHTTP method=POST path=/v1/completions took=1.665353334s status="200 OK"
time=2026-09-12T09:24:28.471+08:00 level=INFO source=pipeline.go:91 msg="peak memory" size="29.63 GiB"
time=2026-09-12T09:24:28.475+08:00 level=INFO source=server.go:225 msg=ServeHTTP method=GET path=/v1/status took=34.75µs status="200 OK"
time=2026-09-12T09:24:28.478+08:00 level=INFO source=prefix_cache.go:124 msg="cache hit" total=1929 matched=167 cached=166 left=1763
time=2026-09-12T09:24:29.485+08:00 level=INFO source=pipeline.go:200 msg="Prompt processing progress" processed=1762 total=1763
[GIN] 2026/09/12 - 09:24:30 | 200 |  2.086195042s |       127.0.0.1 | POST     "/api/chat"
time=2026-09-12T09:24:30.555+08:00 level=INFO source=server.go:225 msg=ServeHTTP method=POST path=/v1/completions took=2.080120916s status="200 OK"
time=2026-09-12T09:24:30.562+08:00 level=INFO source=pipeline.go:91 msg="peak memory" size="30.40 GiB"
time=2026-09-12T09:24:30.564+08:00 level=INFO source=server.go:225 msg=ServeHTTP method=GET path=/v1/status took=34.75µs status="200 OK"
time=2026-09-12T09:24:30.566+08:00 level=INFO source=prefix_cache.go:124 msg="cache hit" total=1542 matched=179 cached=167 left=1375
time=2026-09-12T09:24:31.389+08:00 level=INFO source=pipeline.go:200 msg="Prompt processing progress" processed=1374 total=1375
[GIN] 2026/09/12 - 09:24:32 | 200 |  1.975061417s |       127.0.0.1 | POST     "/api/chat"
time=2026-09-12T09:24:32.533+08:00 level=INFO source=server.go:225 msg=ServeHTTP method=POST path=/v1/completions took=1.968387333s status="200 OK"
time=2026-09-12T09:24:32.541+08:00 level=INFO source=pipeline.go:91 msg="peak memory" size="30.20 GiB"
time=2026-09-12T09:24:32.542+08:00 level=INFO source=server.go:225 msg=ServeHTTP method=GET path=/v1/status took=27µs status="200 OK"
time=2026-09-12T09:24:32.543+08:00 level=INFO source=prefix_cache.go:124 msg="cache hit" total=1006 matched=422 cached=179 left=827
time=2026-09-12T09:24:33.075+08:00 level=INFO source=pipeline.go:200 msg="Prompt processing progress" processed=826 total=827
[GIN] 2026/09/12 - 09:24:34 | 200 |  1.603084583s |       127.0.0.1 | POST     "/api/chat"
time=2026-09-12T09:24:34.139+08:00 level=INFO source=server.go:225 msg=ServeHTTP method=POST path=/v1/completions took=1.596985541s status="200 OK"
time=2026-09-12T09:24:34.146+08:00 level=INFO source=pipeline.go:91 msg="peak memory" size="29.73 GiB"
time=2026-09-12T09:24:34.147+08:00 level=INFO source=server.go:225 msg=ServeHTTP method=GET path=/v1/status took=38.334µs status="200 OK"
time=2026-09-12T09:24:34.151+08:00 level=INFO source=prefix_cache.go:124 msg="cache hit" total=1082 matched=180 cached=179 left=903
time=2026-09-12T09:24:34.734+08:00 level=INFO source=pipeline.go:200 msg="Prompt processing progress" processed=902 total=903
[GIN] 2026/09/12 - 09:24:35 | 200 |  1.671775625s |       127.0.0.1 | POST     "/api/chat"
time=2026-09-12T09:24:35.813+08:00 level=INFO source=server.go:225 msg=ServeHTTP method=POST path=/v1/completions took=1.665546917s status="200 OK"
time=2026-09-12T09:24:35.820+08:00 level=INFO source=pipeline.go:91 msg="peak memory" size="29.80 GiB"
time=2026-09-12T09:24:35.825+08:00 level=INFO source=server.go:225 msg=ServeHTTP method=GET path=/v1/status took=40.375µs status="200 OK"
time=2026-09-12T09:24:35.829+08:00 level=INFO source=prefix_cache.go:124 msg="cache hit" total=1872 matched=167 cached=167 left=1705
time=2026-09-12T09:24:36.826+08:00 level=INFO source=pipeline.go:200 msg="Prompt processing progress" processed=1704 total=1705
[GIN] 2026/09/12 - 09:24:38 | 200 |   3.03812025s |       127.0.0.1 | POST     "/api/chat"
time=2026-09-12T09:24:38.857+08:00 level=INFO source=server.go:225 msg=ServeHTTP method=POST path=/v1/completions took=3.031669417s status="200 OK"
time=2026-09-12T09:24:38.865+08:00 level=INFO source=pipeline.go:91 msg="peak memory" size="30.27 GiB"
time=2026-09-12T09:24:38.866+08:00 level=INFO source=server.go:225 msg=ServeHTTP method=GET path=/v1/status took=79.875µs status="200 OK"
time=2026-09-12T09:24:38.871+08:00 level=INFO source=prefix_cache.go:124 msg="cache hit" total=1639 matched=179 cached=167 left=1472
time=2026-09-12T09:24:39.764+08:00 level=INFO source=pipeline.go:200 msg="Prompt processing progress" processed=1471 total=1472
[GIN] 2026/09/12 - 09:24:41 | 200 |  2.357019667s |       127.0.0.1 | POST     "/api/chat"
time=2026-09-12T09:24:41.217+08:00 level=INFO source=server.go:225 msg=ServeHTTP method=POST path=/v1/completions took=2.350082625s status="200 OK"
time=2026-09-12T09:24:41.226+08:00 level=INFO source=pipeline.go:91 msg="peak memory" size="30.14 GiB"
time=2026-09-12T09:24:41.226+08:00 level=INFO source=server.go:225 msg=ServeHTTP method=GET path=/v1/status took=34.375µs status="200 OK"
time=2026-09-12T09:24:41.230+08:00 level=INFO source=prefix_cache.go:124 msg="cache hit" total=1156 matched=572 cached=179 left=977
time=2026-09-12T09:24:41.838+08:00 level=INFO source=pipeline.go:200 msg="Prompt processing progress" processed=976 total=977
[GIN] 2026/09/12 - 09:24:43 | 200 |  2.036964125s |       127.0.0.1 | POST     "/api/chat"
time=2026-09-12T09:24:43.257+08:00 level=INFO source=server.go:225 msg=ServeHTTP method=POST path=/v1/completions took=2.030814667s status="200 OK"
time=2026-09-12T09:24:43.265+08:00 level=INFO source=pipeline.go:91 msg="peak memory" size="29.90 GiB"
time=2026-09-12T09:24:43.266+08:00 level=INFO source=server.go:225 msg=ServeHTTP method=GET path=/v1/status took=36.792µs status="200 OK"
time=2026-09-12T09:24:43.270+08:00 level=INFO source=prefix_cache.go:124 msg="cache hit" total=1246 matched=180 cached=179 left=1067
time=2026-09-12T09:24:43.931+08:00 level=INFO source=pipeline.go:200 msg="Prompt processing progress" processed=1066 total=1067
[GIN] 2026/09/12 - 09:24:45 | 200 |  2.514278708s |       127.0.0.1 | POST     "/api/chat"
time=2026-09-12T09:24:45.774+08:00 level=INFO source=server.go:225 msg=ServeHTTP method=POST path=/v1/completions took=2.507863458s status="200 OK"
time=2026-09-12T09:24:45.783+08:00 level=INFO source=pipeline.go:91 msg="peak memory" size="29.98 GiB"
time=2026-09-12T09:24:45.787+08:00 level=INFO source=server.go:225 msg=ServeHTTP method=GET path=/v1/status took=34.459µs status="200 OK"
time=2026-09-12T09:24:45.791+08:00 level=INFO source=prefix_cache.go:124 msg="cache hit" total=1916 matched=167 cached=167 left=1749
time=2026-09-12T09:24:46.815+08:00 level=INFO source=pipeline.go:200 msg="Prompt processing progress" processed=1748 total=1749
[GIN] 2026/09/12 - 09:24:48 | 200 |  2.270049209s |       127.0.0.1 | POST     "/api/chat"
time=2026-09-12T09:24:48.051+08:00 level=INFO source=server.go:225 msg=ServeHTTP method=POST path=/v1/completions took=2.2638665s status="200 OK"
time=2026-09-12T09:24:48.059+08:00 level=INFO source=pipeline.go:91 msg="peak memory" size="30.31 GiB"
time=2026-09-12T09:24:48.060+08:00 level=INFO source=server.go:225 msg=ServeHTTP method=GET path=/v1/status took=34.125µs status="200 OK"
time=2026-09-12T09:24:48.063+08:00 level=INFO source=prefix_cache.go:124 msg="cache hit" total=1848 matched=179 cached=167 left=1681
time=2026-09-12T09:24:49.051+08:00 level=INFO source=pipeline.go:200 msg="Prompt processing progress" processed=1680 total=1681
[GIN] 2026/09/12 - 09:24:50 | 200 |  2.135873584s |       127.0.0.1 | POST     "/api/chat"
time=2026-09-12T09:24:50.190+08:00 level=INFO source=server.go:225 msg=ServeHTTP method=POST path=/v1/completions took=2.129235833s status="200 OK"
time=2026-09-12T09:24:50.197+08:00 level=INFO source=pipeline.go:91 msg="peak memory" size="30.30 GiB"
time=2026-09-12T09:24:50.199+08:00 level=INFO source=server.go:225 msg=ServeHTTP method=GET path=/v1/status took=34.625µs status="200 OK"
time=2026-09-12T09:24:50.204+08:00 level=INFO source=prefix_cache.go:124 msg="cache hit" total=1261 matched=435 cached=179 left=1082
time=2026-09-12T09:24:50.890+08:00 level=INFO source=pipeline.go:200 msg="Prompt processing progress" processed=1081 total=1082
[GIN] 2026/09/12 - 09:24:52 | 200 |  1.820649667s |       127.0.0.1 | POST     "/api/chat"
time=2026-09-12T09:24:52.014+08:00 level=INFO source=server.go:225 msg=ServeHTTP method=POST path=/v1/completions took=1.813948333s status="200 OK"
time=2026-09-12T09:24:52.020+08:00 level=INFO source=pipeline.go:91 msg="peak memory" size="30.00 GiB"
time=2026-09-12T09:24:52.023+08:00 level=INFO source=server.go:225 msg=ServeHTTP method=GET path=/v1/status took=36µs status="200 OK"
time=2026-09-12T09:24:52.026+08:00 level=INFO source=prefix_cache.go:124 msg="cache hit" total=1527 matched=180 cached=179 left=1348
time=2026-09-12T09:24:52.882+08:00 level=INFO source=pipeline.go:200 msg="Prompt processing progress" processed=1347 total=1348
[GIN] 2026/09/12 - 09:24:54 | 200 |  2.027298417s |       127.0.0.1 | POST     "/api/chat"
time=2026-09-12T09:24:54.044+08:00 level=INFO source=server.go:225 msg=ServeHTTP method=POST path=/v1/completions took=2.020879292s status="200 OK"
time=2026-09-12T09:24:54.054+08:00 level=INFO source=pipeline.go:91 msg="peak memory" size="30.19 GiB"
time=2026-09-12T09:24:54.061+08:00 level=INFO source=server.go:225 msg=ServeHTTP method=GET path=/v1/status took=74.333µs status="200 OK"
time=2026-09-12T09:24:54.066+08:00 level=INFO source=prefix_cache.go:124 msg="cache hit" total=1922 matched=167 cached=167 left=1755
time=2026-09-12T09:24:55.130+08:00 level=INFO source=pipeline.go:200 msg="Prompt processing progress" processed=1754 total=1755
[GIN] 2026/09/12 - 09:24:57 | 200 |  3.265973917s |       127.0.0.1 | POST     "/api/chat"
time=2026-09-12T09:24:57.320+08:00 level=INFO source=server.go:225 msg=ServeHTTP method=POST path=/v1/completions took=3.257876083s status="200 OK"
time=2026-09-12T09:24:57.328+08:00 level=INFO source=pipeline.go:91 msg="peak memory" size="30.34 GiB"
time=2026-09-12T09:24:57.330+08:00 level=INFO source=server.go:225 msg=ServeHTTP method=GET path=/v1/status took=48.708µs status="200 OK"
time=2026-09-12T09:24:57.334+08:00 level=INFO source=prefix_cache.go:124 msg="cache hit" total=2090 matched=179 cached=167 left=1923
time=2026-09-12T09:24:58.510+08:00 level=INFO source=pipeline.go:200 msg="Prompt processing progress" processed=1922 total=1923
[GIN] 2026/09/12 - 09:25:00 | 200 |    3.3346985s |       127.0.0.1 | POST     "/api/chat"
time=2026-09-12T09:25:00.658+08:00 level=INFO source=server.go:225 msg=ServeHTTP method=POST path=/v1/completions took=3.328349375s status="200 OK"
time=2026-09-12T09:25:00.668+08:00 level=INFO source=pipeline.go:91 msg="peak memory" size="30.53 GiB"
time=2026-09-12T09:25:00.673+08:00 level=INFO source=server.go:225 msg=ServeHTTP method=GET path=/v1/status took=39.5µs status="200 OK"
time=2026-09-12T09:25:00.675+08:00 level=INFO source=prefix_cache.go:124 msg="cache hit" total=1470 matched=390 cached=179 left=1291
time=2026-09-12T09:25:01.482+08:00 level=INFO source=pipeline.go:200 msg="Prompt processing progress" processed=1290 total=1291
[GIN] 2026/09/12 - 09:25:02 | 200 |  2.080140833s |       127.0.0.1 | POST     "/api/chat"
time=2026-09-12T09:25:02.747+08:00 level=INFO source=server.go:225 msg=ServeHTTP method=POST path=/v1/completions took=2.073773875s status="200 OK"
time=2026-09-12T09:25:02.754+08:00 level=INFO source=pipeline.go:91 msg="peak memory" size="30.10 GiB"
time=2026-09-12T09:25:02.758+08:00 level=INFO source=server.go:225 msg=ServeHTTP method=GET path=/v1/status took=36.166µs status="200 OK"
time=2026-09-12T09:25:02.758+08:00 level=INFO source=prefix_cache.go:124 msg="cache hit" total=1758 matched=179 cached=179 left=1579
time=2026-09-12T09:25:03.716+08:00 level=INFO source=pipeline.go:200 msg="Prompt processing progress" processed=1578 total=1579
[GIN] 2026/09/12 - 09:25:05 | 200 |     3.140703s |       127.0.0.1 | POST     "/api/chat"
time=2026-09-12T09:25:05.892+08:00 level=INFO source=server.go:225 msg=ServeHTTP method=POST path=/v1/completions took=3.133927667s status="200 OK"
time=2026-09-12T09:25:05.901+08:00 level=INFO source=pipeline.go:91 msg="peak memory" size="30.19 GiB"
time=2026-09-12T09:25:05.905+08:00 level=INFO source=server.go:225 msg=ServeHTTP method=GET path=/v1/status took=65.333µs status="200 OK"
time=2026-09-12T09:25:05.909+08:00 level=INFO source=prefix_cache.go:124 msg="cache hit" total=1931 matched=167 cached=167 left=1764
time=2026-09-12T09:25:06.965+08:00 level=INFO source=pipeline.go:200 msg="Prompt processing progress" processed=1763 total=1764
[GIN] 2026/09/12 - 09:25:08 | 200 |  2.338302584s |       127.0.0.1 | POST     "/api/chat"
time=2026-09-12T09:25:08.237+08:00 level=INFO source=server.go:225 msg=ServeHTTP method=POST path=/v1/completions took=2.331861208s status="200 OK"
time=2026-09-12T09:25:08.244+08:00 level=INFO source=pipeline.go:91 msg="peak memory" size="30.34 GiB"
time=2026-09-12T09:25:08.247+08:00 level=INFO source=server.go:225 msg=ServeHTTP method=GET path=/v1/status took=29.375µs status="200 OK"
time=2026-09-12T09:25:08.248+08:00 level=INFO source=prefix_cache.go:124 msg="cache hit" total=2075 matched=179 cached=167 left=1908
time=2026-09-12T09:25:09.393+08:00 level=INFO source=pipeline.go:200 msg="Prompt processing progress" processed=1907 total=1908
[GIN] 2026/09/12 - 09:25:10 | 200 |  2.655903209s |       127.0.0.1 | POST     "/api/chat"
time=2026-09-12T09:25:10.897+08:00 level=INFO source=server.go:225 msg=ServeHTTP method=POST path=/v1/completions took=2.649307s status="200 OK"
time=2026-09-12T09:25:10.904+08:00 level=INFO source=pipeline.go:91 msg="peak memory" size="30.48 GiB"
time=2026-09-12T09:25:10.907+08:00 level=INFO source=server.go:225 msg=ServeHTTP method=GET path=/v1/status took=35.625µs status="200 OK"
time=2026-09-12T09:25:10.910+08:00 level=INFO source=prefix_cache.go:124 msg="cache hit" total=1582 matched=285 cached=179 left=1403
time=2026-09-12T09:25:11.747+08:00 level=INFO source=pipeline.go:200 msg="Prompt processing progress" processed=1402 total=1403
[GIN] 2026/09/12 - 09:25:12 | 200 |   1.96642075s |       127.0.0.1 | POST     "/api/chat"
time=2026-09-12T09:25:12.867+08:00 level=INFO source=server.go:225 msg=ServeHTTP method=POST path=/v1/completions took=1.95952325s status="200 OK"
time=2026-09-12T09:25:12.877+08:00 level=INFO source=pipeline.go:91 msg="peak memory" size="30.07 GiB"
time=2026-09-12T09:25:12.877+08:00 level=INFO source=server.go:225 msg=ServeHTTP method=GET path=/v1/status took=50.583µs status="200 OK"
time=2026-09-12T09:25:12.878+08:00 level=INFO source=prefix_cache.go:124 msg="cache hit" total=1881 matched=265 cached=179 left=1702
time=2026-09-12T09:25:13.900+08:00 level=INFO source=pipeline.go:200 msg="Prompt processing progress" processed=1701 total=1702
time=2026-09-12T09:25:15.056+08:00 level=INFO source=server.go:225 msg=ServeHTTP method=POST path=/v1/completions took=2.178356375s status="200 OK"
[GIN] 2026/09/12 - 09:25:15 | 200 |  2.184741625s |       127.0.0.1 | POST     "/api/chat"
time=2026-09-12T09:25:15.063+08:00 level=INFO source=pipeline.go:91 msg="peak memory" size="30.31 GiB"
time=2026-09-12T09:25:15.070+08:00 level=INFO source=server.go:225 msg=ServeHTTP method=GET path=/v1/status took=42.708µs status="200 OK"
time=2026-09-12T09:25:15.070+08:00 level=INFO source=prefix_cache.go:124 msg="cache hit" total=1925 matched=167 cached=167 left=1758
time=2026-09-12T09:25:16.132+08:00 level=INFO source=pipeline.go:200 msg="Prompt processing progress" processed=1757 total=1758
[GIN] 2026/09/12 - 09:25:17 | 200 |  2.255083875s |       127.0.0.1 | POST     "/api/chat"
time=2026-09-12T09:25:17.319+08:00 level=INFO source=server.go:225 msg=ServeHTTP method=POST path=/v1/completions took=2.248897709s status="200 OK"
time=2026-09-12T09:25:17.327+08:00 level=INFO source=pipeline.go:91 msg="peak memory" size="30.35 GiB"
time=2026-09-12T09:25:17.328+08:00 level=INFO source=server.go:225 msg=ServeHTTP method=GET path=/v1/status took=27.833µs status="200 OK"
time=2026-09-12T09:25:17.329+08:00 level=INFO source=prefix_cache.go:124 msg="cache hit" total=2052 matched=179 cached=167 left=1885
time=2026-09-12T09:25:18.432+08:00 level=INFO source=pipeline.go:200 msg="Prompt processing progress" processed=1884 total=1885
[GIN] 2026/09/12 - 09:25:19 | 200 |     2.233824s |       127.0.0.1 | POST     "/api/chat"
time=2026-09-12T09:25:19.555+08:00 level=INFO source=server.go:225 msg=ServeHTTP method=POST path=/v1/completions took=2.227157291s status="200 OK"
time=2026-09-12T09:25:19.563+08:00 level=INFO source=pipeline.go:91 msg="peak memory" size="30.41 GiB"
time=2026-09-12T09:25:19.566+08:00 level=INFO source=server.go:225 msg=ServeHTTP method=GET path=/v1/status took=38.209µs status="200 OK"
time=2026-09-12T09:25:19.568+08:00 level=INFO source=prefix_cache.go:124 msg="cache hit" total=1677 matched=280 cached=179 left=1498
time=2026-09-12T09:25:20.486+08:00 level=INFO source=pipeline.go:200 msg="Prompt processing progress" processed=1497 total=1498
[GIN] 2026/09/12 - 09:25:21 | 200 |  2.109306625s |       127.0.0.1 | POST     "/api/chat"
time=2026-09-12T09:25:21.669+08:00 level=INFO source=server.go:225 msg=ServeHTTP method=POST path=/v1/completions took=2.102827875s status="200 OK"
time=2026-09-12T09:25:21.678+08:00 level=INFO source=pipeline.go:91 msg="peak memory" size="30.14 GiB"
time=2026-09-12T09:25:21.680+08:00 level=INFO source=server.go:225 msg=ServeHTTP method=GET path=/v1/status took=49.917µs status="200 OK"
time=2026-09-12T09:25:21.685+08:00 level=INFO source=prefix_cache.go:124 msg="cache hit" total=1869 matched=266 cached=179 left=1690
time=2026-09-12T09:25:22.693+08:00 level=INFO source=pipeline.go:200 msg="Prompt processing progress" processed=1689 total=1690
[GIN] 2026/09/12 - 09:25:23 | 200 |  2.185207916s |       127.0.0.1 | POST     "/api/chat"
time=2026-09-12T09:25:23.859+08:00 level=INFO source=server.go:225 msg=ServeHTTP method=POST path=/v1/completions took=2.178801167s status="200 OK"
time=2026-09-12T09:25:23.867+08:00 level=INFO source=pipeline.go:91 msg="peak memory" size="30.35 GiB"
time=2026-09-12T09:25:23.873+08:00 level=INFO source=server.go:225 msg=ServeHTTP method=GET path=/v1/status took=33µs status="200 OK"
time=2026-09-12T09:25:23.876+08:00 level=INFO source=prefix_cache.go:124 msg="cache hit" total=1879 matched=166 cached=166 left=1713
time=2026-09-12T09:25:24.898+08:00 level=INFO source=pipeline.go:200 msg="Prompt processing progress" processed=1712 total=1713
[GIN] 2026/09/12 - 09:25:26 | 200 |   2.23092075s |       127.0.0.1 | POST     "/api/chat"
time=2026-09-12T09:25:26.097+08:00 level=INFO source=server.go:225 msg=ServeHTTP method=POST path=/v1/completions took=2.2243455s status="200 OK"
time=2026-09-12T09:25:26.105+08:00 level=INFO source=pipeline.go:91 msg="peak memory" size="30.31 GiB"
time=2026-09-12T09:25:26.106+08:00 level=INFO source=server.go:225 msg=ServeHTTP method=GET path=/v1/status took=31.292µs status="200 OK"
time=2026-09-12T09:25:26.109+08:00 level=INFO source=prefix_cache.go:124 msg="cache hit" total=2023 matched=179 cached=166 left=1857
time=2026-09-12T09:25:27.210+08:00 level=INFO source=pipeline.go:200 msg="Prompt processing progress" processed=1856 total=1857
time=2026-09-12T09:25:28.476+08:00 level=INFO source=server.go:225 msg=ServeHTTP method=POST path=/v1/completions took=2.369425333s status="200 OK"
[GIN] 2026/09/12 - 09:25:28 | 200 |  2.376000459s |       127.0.0.1 | POST     "/api/chat"
time=2026-09-12T09:25:28.485+08:00 level=INFO source=pipeline.go:91 msg="peak memory" size="30.41 GiB"
time=2026-09-12T09:25:28.487+08:00 level=INFO source=server.go:225 msg=ServeHTTP method=GET path=/v1/status took=34.333µs status="200 OK"
time=2026-09-12T09:25:28.491+08:00 level=INFO source=prefix_cache.go:124 msg="cache hit" total=1937 matched=542 cached=179 left=1758
time=2026-09-12T09:25:29.532+08:00 level=INFO source=pipeline.go:200 msg="Prompt processing progress" processed=1757 total=1758
[GIN] 2026/09/12 - 09:25:30 | 200 |  2.257357375s |       127.0.0.1 | POST     "/api/chat"
time=2026-09-12T09:25:30.738+08:00 level=INFO source=server.go:225 msg=ServeHTTP method=POST path=/v1/completions took=2.251204709s status="200 OK"
time=2026-09-12T09:25:30.746+08:00 level=INFO source=pipeline.go:91 msg="peak memory" size="30.41 GiB"
time=2026-09-12T09:25:30.750+08:00 level=INFO source=server.go:225 msg=ServeHTTP method=GET path=/v1/status took=29.834µs status="200 OK"
time=2026-09-12T09:25:30.755+08:00 level=INFO source=prefix_cache.go:124 msg="cache hit" total=1926 matched=180 cached=179 left=1747
time=2026-09-12T09:25:31.791+08:00 level=INFO source=pipeline.go:200 msg="Prompt processing progress" processed=1746 total=1747
[GIN] 2026/09/12 - 09:25:32 | 200 |  2.232653875s |       127.0.0.1 | POST     "/api/chat"
time=2026-09-12T09:25:32.976+08:00 level=INFO source=server.go:225 msg=ServeHTTP method=POST path=/v1/completions took=2.225970917s status="200 OK"
time=2026-09-12T09:25:32.984+08:00 level=INFO source=pipeline.go:91 msg="peak memory" size="30.37 GiB"
time=2026-09-12T09:25:32.990+08:00 level=INFO source=server.go:225 msg=ServeHTTP method=GET path=/v1/status took=34.667µs status="200 OK"
time=2026-09-12T09:25:32.993+08:00 level=INFO source=prefix_cache.go:124 msg="cache hit" total=1923 matched=167 cached=166 left=1757
time=2026-09-12T09:25:34.052+08:00 level=INFO source=pipeline.go:200 msg="Prompt processing progress" processed=1756 total=1757
[GIN] 2026/09/12 - 09:25:35 | 200 |  2.230070459s |       127.0.0.1 | POST     "/api/chat"
time=2026-09-12T09:25:35.214+08:00 level=INFO source=server.go:225 msg=ServeHTTP method=POST path=/v1/completions took=2.223697s status="200 OK"
time=2026-09-12T09:25:35.222+08:00 level=INFO source=pipeline.go:91 msg="peak memory" size="30.41 GiB"
time=2026-09-12T09:25:35.224+08:00 level=INFO source=server.go:225 msg=ServeHTTP method=GET path=/v1/status took=37.5µs status="200 OK"
time=2026-09-12T09:25:35.225+08:00 level=INFO source=prefix_cache.go:124 msg="cache hit" total=2012 matched=179 cached=167 left=1845
time=2026-09-12T09:25:36.330+08:00 level=INFO source=pipeline.go:200 msg="Prompt processing progress" processed=1844 total=1845
[GIN] 2026/09/12 - 09:25:37 | 200 |  2.276886042s |       127.0.0.1 | POST     "/api/chat"
time=2026-09-12T09:25:37.494+08:00 level=INFO source=server.go:225 msg=ServeHTTP method=POST path=/v1/completions took=2.270063s status="200 OK"
time=2026-09-12T09:25:37.503+08:00 level=INFO source=pipeline.go:91 msg="peak memory" size="30.45 GiB"
time=2026-09-12T09:25:37.505+08:00 level=INFO source=server.go:225 msg=ServeHTTP method=GET path=/v1/status took=30.5µs status="200 OK"
time=2026-09-12T09:25:37.508+08:00 level=INFO source=prefix_cache.go:124 msg="cache hit" total=1874 matched=180 cached=179 left=1695
time=2026-09-12T09:25:38.542+08:00 level=INFO source=pipeline.go:200 msg="Prompt processing progress" processed=1694 total=1695
[GIN] 2026/09/12 - 09:25:39 | 200 |  2.181737875s |       127.0.0.1 | POST     "/api/chat"
time=2026-09-12T09:25:39.681+08:00 level=INFO source=server.go:225 msg=ServeHTTP method=POST path=/v1/completions took=2.175412583s status="200 OK"
time=2026-09-12T09:25:39.690+08:00 level=INFO source=pipeline.go:91 msg="peak memory" size="30.33 GiB"
time=2026-09-12T09:25:39.693+08:00 level=INFO source=server.go:225 msg=ServeHTTP method=GET path=/v1/status took=34.959µs status="200 OK"
time=2026-09-12T09:25:39.695+08:00 level=INFO source=prefix_cache.go:124 msg="cache hit" total=1926 matched=266 cached=180 left=1746
time=2026-09-12T09:25:40.726+08:00 level=INFO source=pipeline.go:200 msg="Prompt processing progress" processed=1745 total=1746
[GIN] 2026/09/12 - 09:25:41 | 200 |  2.177408959s |       127.0.0.1 | POST     "/api/chat"
time=2026-09-12T09:25:41.864+08:00 level=INFO source=server.go:225 msg=ServeHTTP method=POST path=/v1/completions took=2.170600791s status="200 OK"
time=2026-09-12T09:25:41.872+08:00 level=INFO source=pipeline.go:91 msg="peak memory" size="30.39 GiB"
time=2026-09-12T09:25:41.882+08:00 level=INFO source=server.go:225 msg=ServeHTTP method=GET path=/v1/status took=38.459µs status="200 OK"
time=2026-09-12T09:25:41.884+08:00 level=INFO source=prefix_cache.go:124 msg="cache hit" total=1829 matched=166 cached=166 left=1663
time=2026-09-12T09:25:42.877+08:00 level=INFO source=pipeline.go:200 msg="Prompt processing progress" processed=1662 total=1663
[GIN] 2026/09/12 - 09:25:44 | 200 |  2.199639458s |       127.0.0.1 | POST     "/api/chat"
time=2026-09-12T09:25:44.076+08:00 level=INFO source=server.go:225 msg=ServeHTTP method=POST path=/v1/completions took=2.193287458s status="200 OK"
time=2026-09-12T09:25:44.084+08:00 level=INFO source=pipeline.go:91 msg="peak memory" size="30.22 GiB"
time=2026-09-12T09:25:44.085+08:00 level=INFO source=server.go:225 msg=ServeHTTP method=GET path=/v1/status took=31.958µs status="200 OK"
time=2026-09-12T09:25:44.087+08:00 level=INFO source=prefix_cache.go:124 msg="cache hit" total=2017 matched=179 cached=166 left=1851
time=2026-09-12T09:25:45.171+08:00 level=INFO source=pipeline.go:200 msg="Prompt processing progress" processed=1850 total=1851
[GIN] 2026/09/12 - 09:25:47 | 200 |  3.015616792s |       127.0.0.1 | POST     "/api/chat"
time=2026-09-12T09:25:47.094+08:00 level=INFO source=server.go:225 msg=ServeHTTP method=POST path=/v1/completions took=3.0092535s status="200 OK"
time=2026-09-12T09:25:47.103+08:00 level=INFO source=pipeline.go:91 msg="peak memory" size="30.46 GiB"
time=2026-09-12T09:25:47.106+08:00 level=INFO source=server.go:225 msg=ServeHTTP method=GET path=/v1/status took=32.333µs status="200 OK"
time=2026-09-12T09:25:47.109+08:00 level=INFO source=prefix_cache.go:124 msg="cache hit" total=1874 matched=280 cached=179 left=1695
time=2026-09-12T09:25:48.131+08:00 level=INFO source=pipeline.go:200 msg="Prompt processing progress" processed=1694 total=1695
[GIN] 2026/09/12 - 09:25:49 | 200 |    2.2560835s |       127.0.0.1 | POST     "/api/chat"
time=2026-09-12T09:25:49.355+08:00 level=INFO source=server.go:225 msg=ServeHTTP method=POST path=/v1/completions took=2.249501333s status="200 OK"
time=2026-09-12T09:25:49.362+08:00 level=INFO source=pipeline.go:91 msg="peak memory" size="30.33 GiB"
time=2026-09-12T09:25:49.367+08:00 level=INFO source=server.go:225 msg=ServeHTTP method=GET path=/v1/status took=39.542µs status="200 OK"
time=2026-09-12T09:25:49.371+08:00 level=INFO source=prefix_cache.go:124 msg="cache hit" total=1932 matched=264 cached=179 left=1753
time=2026-09-12T09:25:50.408+08:00 level=INFO source=pipeline.go:200 msg="Prompt processing progress" processed=1752 total=1753
[GIN] 2026/09/12 - 09:25:51 | 200 |     2.213072s |       127.0.0.1 | POST     "/api/chat"
time=2026-09-12T09:25:51.574+08:00 level=INFO source=server.go:225 msg=ServeHTTP method=POST path=/v1/completions took=2.206452625s status="200 OK"
time=2026-09-12T09:25:51.583+08:00 level=INFO source=pipeline.go:91 msg="peak memory" size="30.40 GiB"
time=2026-09-12T09:25:51.592+08:00 level=INFO source=server.go:225 msg=ServeHTTP method=GET path=/v1/status took=36.042µs status="200 OK"
time=2026-09-12T09:25:51.599+08:00 level=INFO source=prefix_cache.go:124 msg="cache hit" total=1828 matched=1811 cached=280 left=1548
time=2026-09-12T09:25:52.517+08:00 level=INFO source=pipeline.go:200 msg="Prompt processing progress" processed=1547 total=1548
[GIN] 2026/09/12 - 09:25:52 | 200 |  1.371301167s |       127.0.0.1 | POST     "/api/chat"
time=2026-09-12T09:25:52.958+08:00 level=INFO source=server.go:225 msg=ServeHTTP method=POST path=/v1/completions took=1.365104875s status="200 OK"
time=2026-09-12T09:25:52.966+08:00 level=INFO source=pipeline.go:91 msg="peak memory" size="30.13 GiB"
time=2026-09-12T09:25:52.967+08:00 level=INFO source=server.go:225 msg=ServeHTTP method=GET path=/v1/status took=31.042µs status="200 OK"
time=2026-09-12T09:25:52.969+08:00 level=INFO source=prefix_cache.go:124 msg="cache hit" total=2016 matched=1999 cached=179 left=1837
time=2026-09-12T09:25:54.058+08:00 level=INFO source=pipeline.go:200 msg="Prompt processing progress" processed=1836 total=1837
[GIN] 2026/09/12 - 09:25:55 | 200 |    2.4565755s |       127.0.0.1 | POST     "/api/chat"
time=2026-09-12T09:25:55.417+08:00 level=INFO source=server.go:225 msg=ServeHTTP method=POST path=/v1/completions took=2.449876416s status="200 OK"
time=2026-09-12T09:25:55.426+08:00 level=INFO source=pipeline.go:91 msg="peak memory" size="30.35 GiB"
time=2026-09-12T09:25:55.429+08:00 level=INFO source=server.go:225 msg=ServeHTTP method=GET path=/v1/status took=42.75µs status="200 OK"
time=2026-09-12T09:25:55.432+08:00 level=INFO source=prefix_cache.go:124 msg="cache hit" total=1872 matched=180 cached=179 left=1693
time=2026-09-12T09:25:56.449+08:00 level=INFO source=pipeline.go:200 msg="Prompt processing progress" processed=1692 total=1693
[GIN] 2026/09/12 - 09:25:57 | 200 |  2.251979083s |       127.0.0.1 | POST     "/api/chat"
time=2026-09-12T09:25:57.675+08:00 level=INFO source=server.go:225 msg=ServeHTTP method=POST path=/v1/completions took=2.245570666s status="200 OK"
time=2026-09-12T09:25:57.684+08:00 level=INFO source=pipeline.go:91 msg="peak memory" size="30.37 GiB"
time=2026-09-12T09:25:57.688+08:00 level=INFO source=server.go:225 msg=ServeHTTP method=GET path=/v1/status took=74.916µs status="200 OK"
time=2026-09-12T09:25:57.692+08:00 level=INFO source=prefix_cache.go:124 msg="cache hit" total=1871 matched=265 cached=180 left=1691
time=2026-09-12T09:25:58.689+08:00 level=INFO source=pipeline.go:200 msg="Prompt processing progress" processed=1690 total=1691
time=2026-09-12T09:25:59.926+08:00 level=INFO source=server.go:225 msg=ServeHTTP method=POST path=/v1/completions took=2.2381235s status="200 OK"
[GIN] 2026/09/12 - 09:25:59 | 200 |  2.244522458s |       127.0.0.1 | POST     "/api/chat"
time=2026-09-12T09:25:59.935+08:00 level=INFO source=pipeline.go:91 msg="peak memory" size="30.33 GiB"
time=2026-09-12T09:25:59.944+08:00 level=INFO source=server.go:225 msg=ServeHTTP method=GET path=/v1/status took=37.75µs status="200 OK"
time=2026-09-12T09:25:59.953+08:00 level=INFO source=prefix_cache.go:124 msg="cache hit" total=1834 matched=1809 cached=280 left=1554
time=2026-09-12T09:26:00.893+08:00 level=INFO source=pipeline.go:200 msg="Prompt processing progress" processed=1553 total=1554
[GIN] 2026/09/12 - 09:26:02 | 200 |  2.766836875s |       127.0.0.1 | POST     "/api/chat"
time=2026-09-12T09:26:02.705+08:00 level=INFO source=server.go:225 msg=ServeHTTP method=POST path=/v1/completions took=2.760528625s status="200 OK"
time=2026-09-12T09:26:02.712+08:00 level=INFO source=pipeline.go:91 msg="peak memory" size="30.18 GiB"
time=2026-09-12T09:26:02.714+08:00 level=INFO source=server.go:225 msg=ServeHTTP method=GET path=/v1/status took=39.334µs status="200 OK"
time=2026-09-12T09:26:02.716+08:00 level=INFO source=prefix_cache.go:124 msg="cache hit" total=2022 matched=1997 cached=179 left=1843
time=2026-09-12T09:26:03.823+08:00 level=INFO source=pipeline.go:200 msg="Prompt processing progress" processed=1842 total=1843
[GIN] 2026/09/12 - 09:26:05 | 200 |  2.446272667s |       127.0.0.1 | POST     "/api/chat"
time=2026-09-12T09:26:05.154+08:00 level=INFO source=server.go:225 msg=ServeHTTP method=POST path=/v1/completions took=2.439632834s status="200 OK"
time=2026-09-12T09:26:05.162+08:00 level=INFO source=pipeline.go:91 msg="peak memory" size="30.40 GiB"
time=2026-09-12T09:26:05.164+08:00 level=INFO source=server.go:225 msg=ServeHTTP method=GET path=/v1/status took=36.041µs status="200 OK"
time=2026-09-12T09:26:05.166+08:00 level=INFO source=prefix_cache.go:124 msg="cache hit" total=1162 matched=179 cached=179 left=983
time=2026-09-12T09:26:05.792+08:00 level=INFO source=pipeline.go:200 msg="Prompt processing progress" processed=982 total=983
[GIN] 2026/09/12 - 09:26:06 | 200 |  1.822851916s |       127.0.0.1 | POST     "/api/chat"
time=2026-09-12T09:26:06.981+08:00 level=INFO source=server.go:225 msg=ServeHTTP method=POST path=/v1/completions took=1.816255125s status="200 OK"
time=2026-09-12T09:26:06.987+08:00 level=INFO source=pipeline.go:91 msg="peak memory" size="29.84 GiB"
time=2026-09-12T09:26:06.991+08:00 level=INFO source=server.go:225 msg=ServeHTTP method=GET path=/v1/status took=38µs status="200 OK"
time=2026-09-12T09:26:06.994+08:00 level=INFO source=prefix_cache.go:124 msg="cache hit" total=1587 matched=263 cached=179 left=1408
time=2026-09-12T09:26:07.848+08:00 level=INFO source=pipeline.go:200 msg="Prompt processing progress" processed=1407 total=1408
time=2026-09-12T09:26:09.076+08:00 level=INFO source=server.go:225 msg=ServeHTTP method=POST path=/v1/completions took=2.085067s status="200 OK"
[GIN] 2026/09/12 - 09:26:09 | 200 |   2.09185375s |       127.0.0.1 | POST     "/api/chat"
time=2026-09-12T09:26:09.085+08:00 level=INFO source=pipeline.go:91 msg="peak memory" size="30.08 GiB"
time=2026-09-12T09:26:09.095+08:00 level=INFO source=server.go:225 msg=ServeHTTP method=GET path=/v1/status took=35.833µs status="200 OK"
time=2026-09-12T09:26:09.113+08:00 level=INFO source=prefix_cache.go:124 msg="cache hit" total=1826 matched=1811 cached=1811 left=15
time=2026-09-12T09:26:09.174+08:00 level=INFO source=pipeline.go:200 msg="Prompt processing progress" processed=14 total=15
[GIN] 2026/09/12 - 09:26:09 | 200 |  602.027958ms |       127.0.0.1 | POST     "/api/chat"
time=2026-09-12T09:26:09.691+08:00 level=INFO source=server.go:225 msg=ServeHTTP method=POST path=/v1/completions took=595.958625ms status="200 OK"
time=2026-09-12T09:26:09.699+08:00 level=INFO source=pipeline.go:91 msg="peak memory" size="29.02 GiB"
time=2026-09-12T09:26:09.701+08:00 level=INFO source=server.go:225 msg=ServeHTTP method=GET path=/v1/status took=28µs status="200 OK"
time=2026-09-12T09:26:09.709+08:00 level=INFO source=prefix_cache.go:124 msg="cache hit" total=2014 matched=1999 cached=1999 left=15
time=2026-09-12T09:26:09.771+08:00 level=INFO source=pipeline.go:200 msg="Prompt processing progress" processed=14 total=15
[GIN] 2026/09/12 - 09:26:10 | 200 |  1.179429334s |       127.0.0.1 | POST     "/api/chat"
time=2026-09-12T09:26:10.874+08:00 level=INFO source=server.go:225 msg=ServeHTTP method=POST path=/v1/completions took=1.172804333s status="200 OK"
time=2026-09-12T09:26:10.882+08:00 level=INFO source=pipeline.go:91 msg="peak memory" size="28.75 GiB"
time=2026-09-12T09:26:10.887+08:00 level=INFO source=server.go:225 msg=ServeHTTP method=GET path=/v1/status took=48.75µs status="200 OK"
time=2026-09-12T09:26:10.890+08:00 level=INFO source=prefix_cache.go:124 msg="cache hit" total=1867 matched=180 cached=180 left=1687
time=2026-09-12T09:26:11.890+08:00 level=INFO source=pipeline.go:200 msg="Prompt processing progress" processed=1686 total=1687
[GIN] 2026/09/12 - 09:26:13 | 200 |  2.227973708s |       127.0.0.1 | POST     "/api/chat"
time=2026-09-12T09:26:13.109+08:00 level=INFO source=server.go:225 msg=ServeHTTP method=POST path=/v1/completions took=2.221847041s status="200 OK"
time=2026-09-12T09:26:13.117+08:00 level=INFO source=pipeline.go:91 msg="peak memory" size="30.24 GiB"
time=2026-09-12T09:26:13.121+08:00 level=INFO source=server.go:225 msg=ServeHTTP method=GET path=/v1/status took=36.667µs status="200 OK"
time=2026-09-12T09:26:13.123+08:00 level=INFO source=prefix_cache.go:124 msg="cache hit" total=1928 matched=267 cached=180 left=1748
time=2026-09-12T09:26:14.190+08:00 level=INFO source=pipeline.go:200 msg="Prompt processing progress" processed=1747 total=1748
[GIN] 2026/09/12 - 09:26:15 | 200 |  2.225891083s |       127.0.0.1 | POST     "/api/chat"
time=2026-09-12T09:26:15.341+08:00 level=INFO source=server.go:225 msg=ServeHTTP method=POST path=/v1/completions took=2.219599542s status="200 OK"
time=2026-09-12T09:26:15.349+08:00 level=INFO source=pipeline.go:91 msg="peak memory" size="30.37 GiB"
time=2026-09-12T09:26:15.359+08:00 level=INFO source=server.go:225 msg=ServeHTTP method=GET path=/v1/status took=34.166µs status="200 OK"
time=2026-09-12T09:26:15.363+08:00 level=INFO source=prefix_cache.go:124 msg="cache hit" total=1875 matched=167 cached=166 left=1709
time=2026-09-12T09:26:16.365+08:00 level=INFO source=pipeline.go:200 msg="Prompt processing progress" processed=1708 total=1709
[GIN] 2026/09/12 - 09:26:17 | 200 |    2.2542905s |       127.0.0.1 | POST     "/api/chat"
time=2026-09-12T09:26:17.607+08:00 level=INFO source=server.go:225 msg=ServeHTTP method=POST path=/v1/completions took=2.247762584s status="200 OK"
time=2026-09-12T09:26:17.615+08:00 level=INFO source=pipeline.go:91 msg="peak memory" size="30.37 GiB"
time=2026-09-12T09:26:17.616+08:00 level=INFO source=server.go:225 msg=ServeHTTP method=GET path=/v1/status took=30.292µs status="200 OK"
time=2026-09-12T09:26:17.618+08:00 level=INFO source=prefix_cache.go:124 msg="cache hit" total=2027 matched=179 cached=167 left=1860
time=2026-09-12T09:26:18.740+08:00 level=INFO source=pipeline.go:200 msg="Prompt processing progress" processed=1859 total=1860
[GIN] 2026/09/12 - 09:26:20 | 200 |  2.391340541s |       127.0.0.1 | POST     "/api/chat"
time=2026-09-12T09:26:20.001+08:00 level=INFO source=server.go:225 msg=ServeHTTP method=POST path=/v1/completions took=2.38499425s status="200 OK"
time=2026-09-12T09:26:20.011+08:00 level=INFO source=pipeline.go:91 msg="peak memory" size="30.50 GiB"
time=2026-09-12T09:26:20.014+08:00 level=INFO source=server.go:225 msg=ServeHTTP method=GET path=/v1/status took=34.75µs status="200 OK"
time=2026-09-12T09:26:20.017+08:00 level=INFO source=prefix_cache.go:124 msg="cache hit" total=1916 matched=179 cached=179 left=1737
time=2026-09-12T09:26:21.040+08:00 level=INFO source=pipeline.go:200 msg="Prompt processing progress" processed=1736 total=1737
[GIN] 2026/09/12 - 09:26:22 | 200 |  2.283174459s |       127.0.0.1 | POST     "/api/chat"
time=2026-09-12T09:26:22.290+08:00 level=INFO source=server.go:225 msg=ServeHTTP method=POST path=/v1/completions took=2.276460417s status="200 OK"
time=2026-09-12T09:26:22.298+08:00 level=INFO source=pipeline.go:91 msg="peak memory" size="30.32 GiB"
time=2026-09-12T09:26:22.303+08:00 level=INFO source=server.go:225 msg=ServeHTTP method=GET path=/v1/status took=39.958µs status="200 OK"
time=2026-09-12T09:26:22.305+08:00 level=INFO source=prefix_cache.go:124 msg="cache hit" total=1865 matched=267 cached=179 left=1686
time=2026-09-12T09:26:23.301+08:00 level=INFO source=pipeline.go:200 msg="Prompt processing progress" processed=1685 total=1686
[GIN] 2026/09/12 - 09:26:24 | 200 |   2.25211725s |       127.0.0.1 | POST     "/api/chat"
time=2026-09-12T09:26:24.549+08:00 level=INFO source=server.go:225 msg=ServeHTTP method=POST path=/v1/completions took=2.245654166s status="200 OK"
time=2026-09-12T09:26:24.558+08:00 level=INFO source=pipeline.go:91 msg="peak memory" size="30.34 GiB"
time=2026-09-12T09:26:24.567+08:00 level=INFO source=server.go:225 msg=ServeHTTP method=GET path=/v1/status took=36.583µs status="200 OK"
time=2026-09-12T09:26:24.569+08:00 level=INFO source=prefix_cache.go:124 msg="cache hit" total=1876 matched=1861 cached=267 left=1609
time=2026-09-12T09:26:25.552+08:00 level=INFO source=pipeline.go:200 msg="Prompt processing progress" processed=1608 total=1609
[GIN] 2026/09/12 - 09:26:26 | 200 |  2.405406583s |       127.0.0.1 | POST     "/api/chat"
time=2026-09-12T09:26:26.966+08:00 level=INFO source=server.go:225 msg=ServeHTTP method=POST path=/v1/completions took=2.399352708s status="200 OK"
time=2026-09-12T09:26:26.975+08:00 level=INFO source=pipeline.go:91 msg="peak memory" size="30.22 GiB"
time=2026-09-12T09:26:26.975+08:00 level=INFO source=server.go:225 msg=ServeHTTP method=GET path=/v1/status took=29.333µs status="200 OK"
time=2026-09-12T09:26:26.978+08:00 level=INFO source=prefix_cache.go:124 msg="cache hit" total=2028 matched=2013 cached=179 left=1849
time=2026-09-12T09:26:28.067+08:00 level=INFO source=pipeline.go:200 msg="Prompt processing progress" processed=1848 total=1849
[GIN] 2026/09/12 - 09:26:29 | 200 |  2.305351667s |       127.0.0.1 | POST     "/api/chat"
time=2026-09-12T09:26:29.275+08:00 level=INFO source=server.go:225 msg=ServeHTTP method=POST path=/v1/completions took=2.298847375s status="200 OK"
time=2026-09-12T09:26:29.284+08:00 level=INFO source=pipeline.go:91 msg="peak memory" size="30.38 GiB"
time=2026-09-12T09:26:29.286+08:00 level=INFO source=server.go:225 msg=ServeHTTP method=GET path=/v1/status took=40.375µs status="200 OK"
time=2026-09-12T09:26:29.287+08:00 level=INFO source=prefix_cache.go:124 msg="cache hit" total=1917 matched=179 cached=179 left=1738
time=2026-09-12T09:26:30.324+08:00 level=INFO source=pipeline.go:200 msg="Prompt processing progress" processed=1737 total=1738
[GIN] 2026/09/12 - 09:26:31 | 200 |  2.252393042s |       127.0.0.1 | POST     "/api/chat"
time=2026-09-12T09:26:31.532+08:00 level=INFO source=server.go:225 msg=ServeHTTP method=POST path=/v1/completions took=2.246129542s status="200 OK"
time=2026-09-12T09:26:31.541+08:00 level=INFO source=pipeline.go:91 msg="peak memory" size="30.33 GiB"
time=2026-09-12T09:26:31.545+08:00 level=INFO source=server.go:225 msg=ServeHTTP method=GET path=/v1/status took=31.709µs status="200 OK"
time=2026-09-12T09:26:31.549+08:00 level=INFO source=prefix_cache.go:124 msg="cache hit" total=1866 matched=341 cached=267 left=1599
time=2026-09-12T09:26:32.491+08:00 level=INFO source=pipeline.go:200 msg="Prompt processing progress" processed=1598 total=1599
[GIN] 2026/09/12 - 09:26:33 | 200 |  2.137380375s |       127.0.0.1 | POST     "/api/chat"
time=2026-09-12T09:26:33.676+08:00 level=INFO source=server.go:225 msg=ServeHTTP method=POST path=/v1/completions took=2.130717208s status="200 OK"
time=2026-09-12T09:26:33.684+08:00 level=INFO source=pipeline.go:91 msg="peak memory" size="30.21 GiB"
time=2026-09-12T09:26:33.694+08:00 level=INFO source=server.go:225 msg=ServeHTTP method=GET path=/v1/status took=43.5µs status="200 OK"
time=2026-09-12T09:26:33.697+08:00 level=INFO source=prefix_cache.go:124 msg="cache hit" total=1885 matched=167 cached=167 left=1718
time=2026-09-12T09:26:34.705+08:00 level=INFO source=pipeline.go:200 msg="Prompt processing progress" processed=1717 total=1718
[GIN] 2026/09/12 - 09:26:35 | 200 |  2.199072125s |       127.0.0.1 | POST     "/api/chat"
time=2026-09-12T09:26:35.887+08:00 level=INFO source=server.go:225 msg=ServeHTTP method=POST path=/v1/completions took=2.19294075s status="200 OK"
time=2026-09-12T09:26:35.893+08:00 level=INFO source=pipeline.go:91 msg="peak memory" size="30.26 GiB"
time=2026-09-12T09:26:35.897+08:00 level=INFO source=server.go:225 msg=ServeHTTP method=GET path=/v1/status took=34.625µs status="200 OK"
time=2026-09-12T09:26:35.899+08:00 level=INFO source=prefix_cache.go:124 msg="cache hit" total=2041 matched=179 cached=167 left=1874
time=2026-09-12T09:26:37.010+08:00 level=INFO source=pipeline.go:200 msg="Prompt processing progress" processed=1873 total=1874
[GIN] 2026/09/12 - 09:26:38 | 200 |  2.505951625s |       127.0.0.1 | POST     "/api/chat"
time=2026-09-12T09:26:38.396+08:00 level=INFO source=server.go:225 msg=ServeHTTP method=POST path=/v1/completions took=2.499214209s status="200 OK"
time=2026-09-12T09:26:38.403+08:00 level=INFO source=pipeline.go:91 msg="peak memory" size="30.37 GiB"
time=2026-09-12T09:26:38.407+08:00 level=INFO source=server.go:225 msg=ServeHTTP method=GET path=/v1/status took=35.917µs status="200 OK"
time=2026-09-12T09:26:38.407+08:00 level=INFO source=prefix_cache.go:124 msg="cache hit" total=1232 matched=287 cached=179 left=1053
time=2026-09-12T09:26:39.076+08:00 level=INFO source=pipeline.go:200 msg="Prompt processing progress" processed=1052 total=1053
[GIN] 2026/09/12 - 09:26:40 | 200 |  1.847183958s |       127.0.0.1 | POST     "/api/chat"
time=2026-09-12T09:26:40.247+08:00 level=INFO source=server.go:225 msg=ServeHTTP method=POST path=/v1/completions took=1.840584291s status="200 OK"
time=2026-09-12T09:26:40.256+08:00 level=INFO source=pipeline.go:91 msg="peak memory" size="30.00 GiB"
time=2026-09-12T09:26:40.256+08:00 level=INFO source=server.go:225 msg=ServeHTTP method=GET path=/v1/status took=31.208µs status="200 OK"
time=2026-09-12T09:26:40.257+08:00 level=INFO source=prefix_cache.go:124 msg="cache hit" total=317 matched=265 cached=179 left=138
time=2026-09-12T09:26:40.449+08:00 level=INFO source=pipeline.go:200 msg="Prompt processing progress" processed=137 total=138
[GIN] 2026/09/12 - 09:26:41 | 200 |   1.18775625s |       127.0.0.1 | POST     "/api/chat"
time=2026-09-12T09:26:41.438+08:00 level=INFO source=server.go:225 msg=ServeHTTP method=POST path=/v1/completions took=1.18069075s status="200 OK"
time=2026-09-12T09:26:41.445+08:00 level=INFO source=pipeline.go:91 msg="peak memory" size="28.93 GiB"
time=2026-09-12T09:26:41.457+08:00 level=INFO source=server.go:225 msg=ServeHTTP method=GET path=/v1/status took=35.542µs status="200 OK"
time=2026-09-12T09:26:41.459+08:00 level=INFO source=prefix_cache.go:124 msg="cache hit" total=1944 matched=167 cached=167 left=1777
time=2026-09-12T09:26:42.499+08:00 level=INFO source=pipeline.go:200 msg="Prompt processing progress" processed=1776 total=1777
[GIN] 2026/09/12 - 09:26:44 | 200 |  3.170027417s |       127.0.0.1 | POST     "/api/chat"
time=2026-09-12T09:26:44.621+08:00 level=INFO source=server.go:225 msg=ServeHTTP method=POST path=/v1/completions took=3.163755541s status="200 OK"
time=2026-09-12T09:26:44.626+08:00 level=INFO source=pipeline.go:91 msg="peak memory" size="30.28 GiB"
time=2026-09-12T09:26:44.630+08:00 level=INFO source=server.go:225 msg=ServeHTTP method=GET path=/v1/status took=40.875µs status="200 OK"
time=2026-09-12T09:26:44.634+08:00 level=INFO source=prefix_cache.go:124 msg="cache hit" total=2039 matched=179 cached=167 left=1872
time=2026-09-12T09:26:45.766+08:00 level=INFO source=pipeline.go:200 msg="Prompt processing progress" processed=1871 total=1872
[GIN] 2026/09/12 - 09:26:47 | 200 |  2.414199625s |       127.0.0.1 | POST     "/api/chat"
time=2026-09-12T09:26:47.038+08:00 level=INFO source=server.go:225 msg=ServeHTTP method=POST path=/v1/completions took=2.4075735s status="200 OK"
time=2026-09-12T09:26:47.045+08:00 level=INFO source=pipeline.go:91 msg="peak memory" size="30.43 GiB"
time=2026-09-12T09:26:47.051+08:00 level=INFO source=server.go:225 msg=ServeHTTP method=GET path=/v1/status took=39.667µs status="200 OK"
time=2026-09-12T09:26:47.055+08:00 level=INFO source=prefix_cache.go:124 msg="cache hit" total=1977 matched=337 cached=179 left=1798
time=2026-09-12T09:26:48.117+08:00 level=INFO source=pipeline.go:200 msg="Prompt processing progress" processed=1797 total=1798
[GIN] 2026/09/12 - 09:26:50 | 200 |  3.087564459s |       127.0.0.1 | POST     "/api/chat"
time=2026-09-12T09:26:50.132+08:00 level=INFO source=server.go:225 msg=ServeHTTP method=POST path=/v1/completions took=3.080843084s status="200 OK"
time=2026-09-12T09:26:50.141+08:00 level=INFO source=pipeline.go:91 msg="peak memory" size="30.46 GiB"
time=2026-09-12T09:26:50.145+08:00 level=INFO source=server.go:225 msg=ServeHTTP method=GET path=/v1/status took=35.875µs status="200 OK"
time=2026-09-12T09:26:50.149+08:00 level=INFO source=prefix_cache.go:124 msg="cache hit" total=1935 matched=179 cached=179 left=1756
time=2026-09-12T09:26:51.218+08:00 level=INFO source=pipeline.go:200 msg="Prompt processing progress" processed=1755 total=1756
[GIN] 2026/09/12 - 09:26:52 | 200 |  2.320742166s |       127.0.0.1 | POST     "/api/chat"
time=2026-09-12T09:26:52.460+08:00 level=INFO source=server.go:225 msg=ServeHTTP method=POST path=/v1/completions took=2.314651542s status="200 OK"
time=2026-09-12T09:26:52.468+08:00 level=INFO source=pipeline.go:91 msg="peak memory" size="30.36 GiB"
time=2026-09-12T09:26:52.479+08:00 level=INFO source=server.go:225 msg=ServeHTTP method=GET path=/v1/status took=54.333µs status="200 OK"
time=2026-09-12T09:26:52.482+08:00 level=INFO source=prefix_cache.go:124 msg="cache hit" total=1845 matched=167 cached=167 left=1678
time=2026-09-12T09:26:53.473+08:00 level=INFO source=pipeline.go:200 msg="Prompt processing progress" processed=1677 total=1678
[GIN] 2026/09/12 - 09:26:55 | 200 |  2.975322125s |       127.0.0.1 | POST     "/api/chat"
time=2026-09-12T09:26:55.448+08:00 level=INFO source=server.go:225 msg=ServeHTTP method=POST path=/v1/completions took=2.969241375s status="200 OK"
time=2026-09-12T09:26:55.457+08:00 level=INFO source=pipeline.go:91 msg="peak memory" size="30.29 GiB"
time=2026-09-12T09:26:55.457+08:00 level=INFO source=server.go:225 msg=ServeHTTP method=GET path=/v1/status took=35.667µs status="200 OK"
time=2026-09-12T09:26:55.460+08:00 level=INFO source=prefix_cache.go:124 msg="cache hit" total=2040 matched=179 cached=167 left=1873
time=2026-09-12T09:26:56.552+08:00 level=INFO source=pipeline.go:200 msg="Prompt processing progress" processed=1872 total=1873
[GIN] 2026/09/12 - 09:27:01 | 200 |  5.711486375s |       127.0.0.1 | POST     "/api/chat"
time=2026-09-12T09:27:01.162+08:00 level=INFO source=server.go:225 msg=ServeHTTP method=POST path=/v1/completions took=5.704922417s status="200 OK"
time=2026-09-12T09:27:01.169+08:00 level=INFO source=pipeline.go:91 msg="peak memory" size="30.38 GiB"
time=2026-09-12T09:27:01.175+08:00 level=INFO source=server.go:225 msg=ServeHTTP method=GET path=/v1/status took=38.334µs status="200 OK"
time=2026-09-12T09:27:01.176+08:00 level=INFO source=prefix_cache.go:124 msg="cache hit" total=1929 matched=283 cached=179 left=1750
time=2026-09-12T09:27:02.190+08:00 level=INFO source=pipeline.go:200 msg="Prompt processing progress" processed=1749 total=1750
[GIN] 2026/09/12 - 09:27:04 | 200 |  3.046297333s |       127.0.0.1 | POST     "/api/chat"
time=2026-09-12T09:27:04.215+08:00 level=INFO source=server.go:225 msg=ServeHTTP method=POST path=/v1/completions took=3.040014s status="200 OK"
time=2026-09-12T09:27:04.225+08:00 level=INFO source=pipeline.go:91 msg="peak memory" size="30.43 GiB"
time=2026-09-12T09:27:04.230+08:00 level=INFO source=server.go:225 msg=ServeHTTP method=GET path=/v1/status took=35.75µs status="200 OK"
time=2026-09-12T09:27:04.234+08:00 level=INFO source=prefix_cache.go:124 msg="cache hit" total=1930 matched=262 cached=179 left=1751
time=2026-09-12T09:27:05.275+08:00 level=INFO source=pipeline.go:200 msg="Prompt processing progress" processed=1750 total=1751
[GIN] 2026/09/12 - 09:27:06 | 200 |   2.23644075s |       127.0.0.1 | POST     "/api/chat"
time=2026-09-12T09:27:06.460+08:00 level=INFO source=server.go:225 msg=ServeHTTP method=POST path=/v1/completions took=2.229555666s status="200 OK"
time=2026-09-12T09:27:06.468+08:00 level=INFO source=pipeline.go:91 msg="peak memory" size="30.43 GiB"
time=2026-09-12T09:27:06.478+08:00 level=INFO source=server.go:225 msg=ServeHTTP method=GET path=/v1/status took=40µs status="200 OK"
time=2026-09-12T09:27:06.484+08:00 level=INFO source=prefix_cache.go:124 msg="cache hit" total=1847 matched=1828 cached=283 left=1564
time=2026-09-12T09:27:07.417+08:00 level=INFO source=pipeline.go:200 msg="Prompt processing progress" processed=1563 total=1564
[GIN] 2026/09/12 - 09:27:07 | 200 |  1.485432209s |       127.0.0.1 | POST     "/api/chat"
time=2026-09-12T09:27:07.958+08:00 level=INFO source=server.go:225 msg=ServeHTTP method=POST path=/v1/completions took=1.479286625s status="200 OK"
time=2026-09-12T09:27:07.966+08:00 level=INFO source=pipeline.go:91 msg="peak memory" size="30.19 GiB"
time=2026-09-12T09:27:07.967+08:00 level=INFO source=server.go:225 msg=ServeHTTP method=GET path=/v1/status took=26.917µs status="200 OK"
time=2026-09-12T09:27:07.969+08:00 level=INFO source=prefix_cache.go:124 msg="cache hit" total=2042 matched=2023 cached=179 left=1863
time=2026-09-12T09:27:09.139+08:00 level=INFO source=pipeline.go:200 msg="Prompt processing progress" processed=1862 total=1863
[GIN] 2026/09/12 - 09:27:11 | 200 |  3.095847541s |       127.0.0.1 | POST     "/api/chat"
time=2026-09-12T09:27:11.057+08:00 level=INFO source=server.go:225 msg=ServeHTTP method=POST path=/v1/completions took=3.089651667s status="200 OK"
time=2026-09-12T09:27:11.066+08:00 level=INFO source=pipeline.go:91 msg="peak memory" size="30.40 GiB"
time=2026-09-12T09:27:11.070+08:00 level=INFO source=server.go:225 msg=ServeHTTP method=GET path=/v1/status took=31.167µs status="200 OK"
time=2026-09-12T09:27:11.071+08:00 level=INFO source=prefix_cache.go:124 msg="cache hit" total=1930 matched=180 cached=179 left=1751
time=2026-09-12T09:27:12.116+08:00 level=INFO source=pipeline.go:200 msg="Prompt processing progress" processed=1750 total=1751
[GIN] 2026/09/12 - 09:27:13 | 200 |   2.20140625s |       127.0.0.1 | POST     "/api/chat"
time=2026-09-12T09:27:13.265+08:00 level=INFO source=server.go:225 msg=ServeHTTP method=POST path=/v1/completions took=2.1947245s status="200 OK"
time=2026-09-12T09:27:13.273+08:00 level=INFO source=pipeline.go:91 msg="peak memory" size="30.42 GiB"
time=2026-09-12T09:27:13.278+08:00 level=INFO source=server.go:225 msg=ServeHTTP method=GET path=/v1/status took=37.208µs status="200 OK"
time=2026-09-12T09:27:13.279+08:00 level=INFO source=prefix_cache.go:124 msg="cache hit" total=1877 matched=180 cached=180 left=1697
time=2026-09-12T09:27:14.288+08:00 level=INFO source=pipeline.go:200 msg="Prompt processing progress" processed=1696 total=1697
[GIN] 2026/09/12 - 09:27:15 | 200 |  2.152293084s |       127.0.0.1 | POST     "/api/chat"
time=2026-09-12T09:27:15.424+08:00 level=INFO source=server.go:225 msg=ServeHTTP method=POST path=/v1/completions took=2.146091916s status="200 OK"
time=2026-09-12T09:27:15.433+08:00 level=INFO source=pipeline.go:91 msg="peak memory" size="30.31 GiB"
time=2026-09-12T09:27:15.455+08:00 level=INFO source=server.go:225 msg=ServeHTTP method=GET path=/v1/status took=38.333µs status="200 OK"
time=2026-09-12T09:27:15.459+08:00 level=INFO source=prefix_cache.go:124 msg="cache hit" total=4760 matched=3 cached=3 left=4757
time=2026-09-12T09:27:16.691+08:00 level=INFO source=pipeline.go:200 msg="Prompt processing progress" processed=2048 total=4757
time=2026-09-12T09:27:18.073+08:00 level=INFO source=pipeline.go:200 msg="Prompt processing progress" processed=4096 total=4757
time=2026-09-12T09:27:18.624+08:00 level=INFO source=pipeline.go:200 msg="Prompt processing progress" processed=4756 total=4757
[GIN] 2026/09/12 - 09:27:41 | 200 | 26.277109875s |       127.0.0.1 | POST     "/api/chat"
time=2026-09-12T09:27:41.726+08:00 level=INFO source=server.go:225 msg=ServeHTTP method=POST path=/v1/completions took=26.270356625s status="200 OK"
time=2026-09-12T09:27:41.733+08:00 level=INFO source=pipeline.go:91 msg="peak memory" size="30.50 GiB"
time=2026-09-12T09:27:41.751+08:00 level=INFO source=server.go:225 msg=ServeHTTP method=GET path=/v1/status took=35.875µs status="200 OK"
time=2026-09-12T09:27:41.756+08:00 level=INFO source=prefix_cache.go:124 msg="cache hit" total=6025 matched=127 cached=3 left=6022
time=2026-09-12T09:27:42.934+08:00 level=INFO source=pipeline.go:200 msg="Prompt processing progress" processed=2048 total=6022
time=2026-09-12T09:27:44.182+08:00 level=INFO source=pipeline.go:200 msg="Prompt processing progress" processed=4096 total=6022
time=2026-09-12T09:27:45.422+08:00 level=INFO source=pipeline.go:200 msg="Prompt processing progress" processed=6021 total=6022
time=2026-09-12T09:28:20.867+08:00 level=INFO source=server.go:225 msg=ServeHTTP method=POST path=/v1/completions took=39.115145583s status="200 OK"
[GIN] 2026/09/12 - 09:28:20 | 200 | 39.121803541s |       127.0.0.1 | POST     "/api/chat"
time=2026-09-12T09:28:20.875+08:00 level=INFO source=pipeline.go:91 msg="peak memory" size="30.71 GiB"
time=2026-09-12T09:28:20.894+08:00 level=INFO source=server.go:225 msg=ServeHTTP method=GET path=/v1/status took=41.209µs status="200 OK"
time=2026-09-12T09:28:20.897+08:00 level=INFO source=prefix_cache.go:124 msg="cache hit" total=6583 matched=170 cached=127 left=6456
time=2026-09-12T09:28:22.089+08:00 level=INFO source=pipeline.go:200 msg="Prompt processing progress" processed=2048 total=6456
time=2026-09-12T09:28:23.323+08:00 level=INFO source=pipeline.go:200 msg="Prompt processing progress" processed=4096 total=6456
time=2026-09-12T09:28:24.614+08:00 level=INFO source=pipeline.go:200 msg="Prompt processing progress" processed=6144 total=6456
time=2026-09-12T09:28:24.951+08:00 level=INFO source=pipeline.go:200 msg="Prompt processing progress" processed=6455 total=6456
[GIN] 2026/09/12 - 09:29:03 | 200 | 42.210923166s |       127.0.0.1 | POST     "/api/chat"
time=2026-09-12T09:29:03.099+08:00 level=INFO source=server.go:225 msg=ServeHTTP method=POST path=/v1/completions took=42.204366583s status="200 OK"
time=2026-09-12T09:29:03.107+08:00 level=INFO source=pipeline.go:91 msg="peak memory" size="30.86 GiB"
time=2026-09-12T09:29:03.126+08:00 level=INFO source=server.go:225 msg=ServeHTTP method=GET path=/v1/status took=47.625µs status="200 OK"
time=2026-09-12T09:29:03.130+08:00 level=INFO source=prefix_cache.go:124 msg="cache hit" total=6570 matched=205 cached=170 left=6400
time=2026-09-12T09:29:04.308+08:00 level=INFO source=pipeline.go:200 msg="Prompt processing progress" processed=2048 total=6400
time=2026-09-12T09:29:05.534+08:00 level=INFO source=pipeline.go:200 msg="Prompt processing progress" processed=4096 total=6400
time=2026-09-12T09:29:06.828+08:00 level=INFO source=pipeline.go:200 msg="Prompt processing progress" processed=6144 total=6400
time=2026-09-12T09:29:07.116+08:00 level=INFO source=pipeline.go:200 msg="Prompt processing progress" processed=6399 total=6400
time=2026-09-12T09:29:44.555+08:00 level=INFO source=server.go:225 msg=ServeHTTP method=POST path=/v1/completions took=41.4286875s status="200 OK"
[GIN] 2026/09/12 - 09:29:44 | 200 | 41.435002458s |       127.0.0.1 | POST     "/api/chat"
time=2026-09-12T09:29:44.562+08:00 level=INFO source=pipeline.go:91 msg="peak memory" size="30.78 GiB"
time=2026-09-12T09:29:44.581+08:00 level=INFO source=server.go:225 msg=ServeHTTP method=GET path=/v1/status took=36.958µs status="200 OK"
time=2026-09-12T09:29:44.585+08:00 level=INFO source=prefix_cache.go:124 msg="cache hit" total=6593 matched=155 cached=127 left=6466
time=2026-09-12T09:29:45.764+08:00 level=INFO source=pipeline.go:200 msg="Prompt processing progress" processed=2048 total=6466
time=2026-09-12T09:29:47.026+08:00 level=INFO source=pipeline.go:200 msg="Prompt processing progress" processed=4096 total=6466
time=2026-09-12T09:29:48.332+08:00 level=INFO source=pipeline.go:200 msg="Prompt processing progress" processed=6144 total=6466
time=2026-09-12T09:29:48.678+08:00 level=INFO source=pipeline.go:200 msg="Prompt processing progress" processed=6465 total=6466
time=2026-09-12T09:30:26.581+08:00 level=INFO source=server.go:225 msg=ServeHTTP method=POST path=/v1/completions took=42.000452375s status="200 OK"
[GIN] 2026/09/12 - 09:30:26 | 200 | 42.006707416s |       127.0.0.1 | POST     "/api/chat"
time=2026-09-12T09:30:26.589+08:00 level=INFO source=pipeline.go:91 msg="peak memory" size="30.84 GiB"
time=2026-09-12T09:30:26.612+08:00 level=INFO source=server.go:225 msg=ServeHTTP method=GET path=/v1/status took=41.083µs status="200 OK"
time=2026-09-12T09:30:26.615+08:00 level=INFO source=prefix_cache.go:124 msg="cache hit" total=6644 matched=300 cached=155 left=6489
time=2026-09-12T09:30:27.906+08:00 level=INFO source=pipeline.go:200 msg="Prompt processing progress" processed=2048 total=6489
time=2026-09-12T09:30:29.264+08:00 level=INFO source=pipeline.go:200 msg="Prompt processing progress" processed=4096 total=6489
time=2026-09-12T09:30:30.709+08:00 level=INFO source=pipeline.go:200 msg="Prompt processing progress" processed=6144 total=6489
time=2026-09-12T09:30:31.106+08:00 level=INFO source=pipeline.go:200 msg="Prompt processing progress" processed=6488 total=6489
time=2026-09-12T09:31:10.121+08:00 level=INFO source=server.go:225 msg=ServeHTTP method=POST path=/v1/completions took=43.508363042s status="200 OK"
[GIN] 2026/09/12 - 09:31:10 | 200 | 43.515359541s |       127.0.0.1 | POST     "/api/chat"
time=2026-09-12T09:31:10.126+08:00 level=INFO source=pipeline.go:91 msg="peak memory" size="30.85 GiB"
time=2026-09-12T09:31:10.148+08:00 level=INFO source=server.go:225 msg=ServeHTTP method=GET path=/v1/status took=37.833µs status="200 OK"
time=2026-09-12T09:31:10.153+08:00 level=INFO source=prefix_cache.go:124 msg="cache hit" total=6654 matched=375 cached=300 left=6354
time=2026-09-12T09:31:11.391+08:00 level=INFO source=pipeline.go:200 msg="Prompt processing progress" processed=2048 total=6354
time=2026-09-12T09:31:12.625+08:00 level=INFO source=pipeline.go:200 msg="Prompt processing progress" processed=4096 total=6354
time=2026-09-12T09:31:13.919+08:00 level=INFO source=pipeline.go:200 msg="Prompt processing progress" processed=6144 total=6354
time=2026-09-12T09:31:14.183+08:00 level=INFO source=pipeline.go:200 msg="Prompt processing progress" processed=6353 total=6354
[GIN] 2026/09/12 - 09:35:17 | 200 | 54.355382833s |       127.0.0.1 | POST     "/api/chat"
time=2026-09-12T09:35:17.343+08:00 level=INFO source=server.go:225 msg=ServeHTTP method=POST path=/v1/completions took=54.348722666s status="200 OK"
time=2026-09-12T09:35:17.369+08:00 level=INFO source=pipeline.go:91 msg="peak memory" size="30.86 GiB"
time=2026-09-12T09:35:17.369+08:00 level=INFO source=server.go:225 msg=ServeHTTP method=GET path=/v1/status took=938.459µs status="200 OK"
time=2026-09-12T09:35:17.375+08:00 level=INFO source=prefix_cache.go:124 msg="cache hit" total=4378 matched=1635 cached=375 left=4003
time=2026-09-12T09:35:27.182+08:00 level=INFO source=pipeline.go:200 msg="Prompt processing progress" processed=2048 total=4003
time=2026-09-12T09:35:36.343+08:00 level=INFO source=pipeline.go:200 msg="Prompt processing progress" processed=4002 total=4003
time=2026-09-12T09:41:17.126+08:00 level=INFO source=server.go:225 msg=ServeHTTP method=POST path=/v1/completions took=2m23.780725917s status="200 OK"
[GIN] 2026/09/12 - 09:41:17 | 200 |         2m23s |       127.0.0.1 | POST     "/api/chat"
time=2026-09-12T09:41:17.131+08:00 level=INFO source=pipeline.go:91 msg="peak memory" size="30.69 GiB"
time=2026-09-12T09:41:17.227+08:00 level=INFO source=server.go:225 msg=ServeHTTP method=GET path=/v1/status took=35.541µs status="200 OK"
time=2026-09-12T09:41:17.229+08:00 level=INFO source=prefix_cache.go:124 msg="cache hit" total=1918 matched=159 cached=3 left=1915
time=2026-09-12T09:41:18.022+08:00 level=INFO source=pipeline.go:200 msg="Prompt processing progress" processed=1914 total=1915
[GIN] 2026/09/12 - 09:41:18 | 200 |  1.577488166s |       127.0.0.1 | POST     "/api/chat"
time=2026-09-12T09:41:18.799+08:00 level=INFO source=server.go:225 msg=ServeHTTP method=POST path=/v1/completions took=1.571521917s status="200 OK"
time=2026-09-12T09:41:18.806+08:00 level=INFO source=pipeline.go:91 msg="peak memory" size="30.55 GiB"
time=2026-09-12T09:41:18.808+08:00 level=INFO source=server.go:225 msg=ServeHTTP method=GET path=/v1/status took=36.917µs status="200 OK"
time=2026-09-12T09:41:18.812+08:00 level=INFO source=prefix_cache.go:124 msg="cache hit" total=2021 matched=181 cached=159 left=1862
time=2026-09-12T09:41:21.920+08:00 level=INFO source=pipeline.go:200 msg="Prompt processing progress" processed=1861 total=1862
[GIN] 2026/09/12 - 09:41:30 | 200 |   11.2080655s |       127.0.0.1 | POST     "/api/chat"
time=2026-09-12T09:41:30.010+08:00 level=INFO source=server.go:225 msg=ServeHTTP method=POST path=/v1/completions took=11.201261042s status="200 OK"
time=2026-09-12T09:41:30.031+08:00 level=INFO source=pipeline.go:91 msg="peak memory" size="30.53 GiB"
time=2026-09-12T09:41:30.140+08:00 level=INFO source=server.go:225 msg=ServeHTTP method=GET path=/v1/status took=44.167µs status="200 OK"
time=2026-09-12T09:41:30.143+08:00 level=INFO source=prefix_cache.go:124 msg="cache hit" total=1943 matched=184 cached=181 left=1762
time=2026-09-12T09:41:38.384+08:00 level=INFO source=pipeline.go:200 msg="Prompt processing progress" processed=1761 total=1762
[GIN] 2026/09/12 - 09:41:42 | 200 | 11.969728208s |       127.0.0.1 | POST     "/api/chat"
time=2026-09-12T09:41:42.102+08:00 level=INFO source=server.go:225 msg=ServeHTTP method=POST path=/v1/completions took=11.961081791s status="200 OK"
time=2026-09-12T09:41:42.129+08:00 level=INFO source=pipeline.go:91 msg="peak memory" size="30.43 GiB"
time=2026-09-12T09:41:42.340+08:00 level=INFO source=server.go:225 msg=ServeHTTP method=GET path=/v1/status took=46.041µs status="200 OK"
time=2026-09-12T09:41:42.344+08:00 level=INFO source=prefix_cache.go:124 msg="cache hit" total=1905 matched=227 cached=184 left=1721
time=2026-09-12T09:41:50.501+08:00 level=INFO source=pipeline.go:200 msg="Prompt processing progress" processed=1720 total=1721
[GIN] 2026/09/12 - 09:41:53 | 200 | 11.537750167s |       127.0.0.1 | POST     "/api/chat"
time=2026-09-12T09:41:53.870+08:00 level=INFO source=server.go:225 msg=ServeHTTP method=POST path=/v1/completions took=11.529073917s status="200 OK"
time=2026-09-12T09:41:53.897+08:00 level=INFO source=pipeline.go:91 msg="peak memory" size="30.39 GiB"
time=2026-09-12T09:41:54.014+08:00 level=INFO source=server.go:225 msg=ServeHTTP method=GET path=/v1/status took=47.125µs status="200 OK"
time=2026-09-12T09:41:54.016+08:00 level=INFO source=prefix_cache.go:124 msg="cache hit" total=1919 matched=1901 cached=184 left=1735
time=2026-09-12T09:42:00.972+08:00 level=INFO source=pipeline.go:200 msg="Prompt processing progress" processed=1734 total=1735
[GIN] 2026/09/12 - 09:42:01 | 200 |  7.474104792s |       127.0.0.1 | POST     "/api/chat"
time=2026-09-12T09:42:01.479+08:00 level=INFO source=server.go:225 msg=ServeHTTP method=POST path=/v1/completions took=7.464649916s status="200 OK"
time=2026-09-12T09:42:01.486+08:00 level=INFO source=pipeline.go:91 msg="peak memory" size="30.40 GiB"
time=2026-09-12T09:42:01.491+08:00 level=INFO source=server.go:225 msg=ServeHTTP method=GET path=/v1/status took=47.958µs status="200 OK"
time=2026-09-12T09:42:01.494+08:00 level=INFO source=prefix_cache.go:124 msg="cache hit" total=2022 matched=2004 cached=181 left=1841
time=2026-09-12T09:43:11.258+08:00 level=INFO source=pipeline.go:200 msg="Prompt processing progress" processed=1840 total=1841
[GIN] 2026/09/12 - 09:43:11 | 200 |  2.207516292s |       127.0.0.1 | POST     "/api/chat"
time=2026-09-12T09:43:11.876+08:00 level=INFO source=server.go:225 msg=ServeHTTP method=POST path=/v1/completions took=2.198935291s status="200 OK"
time=2026-09-12T09:43:11.882+08:00 level=INFO source=pipeline.go:91 msg="peak memory" size="30.41 GiB"
time=2026-09-12T09:43:11.964+08:00 level=INFO source=server.go:225 msg=ServeHTTP method=GET path=/v1/status took=29.625µs status="200 OK"
time=2026-09-12T09:43:11.969+08:00 level=INFO source=prefix_cache.go:124 msg="cache hit" total=1910 matched=184 cached=184 left=1726
time=2026-09-12T09:43:12.688+08:00 level=INFO source=pipeline.go:200 msg="Prompt processing progress" processed=1725 total=1726
[GIN] 2026/09/12 - 09:43:13 | 200 |  1.328452792s |       127.0.0.1 | POST     "/api/chat"
time=2026-09-12T09:43:13.287+08:00 level=INFO source=server.go:225 msg=ServeHTTP method=POST path=/v1/completions took=1.3226245s status="200 OK"
time=2026-09-12T09:43:13.293+08:00 level=INFO source=pipeline.go:91 msg="peak memory" size="30.34 GiB"
time=2026-09-12T09:43:13.444+08:00 level=INFO source=server.go:225 msg=ServeHTTP method=GET path=/v1/status took=33.417µs status="200 OK"
time=2026-09-12T09:43:13.448+08:00 level=INFO source=prefix_cache.go:124 msg="cache hit" total=1845 matched=226 cached=184 left=1661
time=2026-09-12T09:43:14.204+08:00 level=INFO source=pipeline.go:200 msg="Prompt processing progress" processed=1660 total=1661
[GIN] 2026/09/12 - 09:43:15 | 200 |  1.610575542s |       127.0.0.1 | POST     "/api/chat"
time=2026-09-12T09:43:15.049+08:00 level=INFO source=server.go:225 msg=ServeHTTP method=POST path=/v1/completions took=1.604874458s status="200 OK"
time=2026-09-12T09:43:15.059+08:00 level=INFO source=pipeline.go:91 msg="peak memory" size="30.33 GiB"
time=2026-09-12T09:43:15.165+08:00 level=INFO source=server.go:225 msg=ServeHTTP method=GET path=/v1/status took=32µs status="200 OK"
time=2026-09-12T09:43:15.171+08:00 level=INFO source=prefix_cache.go:124 msg="cache hit" total=1916 matched=1903 cached=1901 left=15
time=2026-09-12T09:43:15.306+08:00 level=INFO source=pipeline.go:200 msg="Prompt processing progress" processed=14 total=15
[GIN] 2026/09/12 - 09:43:16 | 200 |  1.348670875s |       127.0.0.1 | POST     "/api/chat"
time=2026-09-12T09:43:16.506+08:00 level=INFO source=server.go:225 msg=ServeHTTP method=POST path=/v1/completions took=1.34099425s status="200 OK"
time=2026-09-12T09:43:16.533+08:00 level=INFO source=pipeline.go:91 msg="peak memory" size="28.83 GiB"
time=2026-09-12T09:43:16.533+08:00 level=INFO source=server.go:225 msg=ServeHTTP method=GET path=/v1/status took=13.491125ms status="200 OK"
time=2026-09-12T09:43:16.542+08:00 level=INFO source=prefix_cache.go:124 msg="cache hit" total=2019 matched=2006 cached=2004 left=15
time=2026-09-12T09:43:17.147+08:00 level=INFO source=pipeline.go:200 msg="Prompt processing progress" processed=14 total=15
[GIN] 2026/09/12 - 09:43:24 | 200 |  7.502674542s |       127.0.0.1 | POST     "/api/chat"
time=2026-09-12T09:43:24.013+08:00 level=INFO source=server.go:225 msg=ServeHTTP method=POST path=/v1/completions took=7.479778542s status="200 OK"
time=2026-09-12T09:43:24.040+08:00 level=INFO source=pipeline.go:91 msg="peak memory" size="28.80 GiB"
time=2026-09-12T09:43:24.117+08:00 level=INFO source=server.go:225 msg=ServeHTTP method=GET path=/v1/status took=37.125µs status="200 OK"
time=2026-09-12T09:43:24.122+08:00 level=INFO source=prefix_cache.go:124 msg="cache hit" total=1946 matched=184 cached=184 left=1762
time=2026-09-12T09:43:32.212+08:00 level=INFO source=pipeline.go:200 msg="Prompt processing progress" processed=1761 total=1762
[GIN] 2026/09/12 - 09:43:37 | 200 | 13.395620042s |       127.0.0.1 | POST     "/api/chat"
time=2026-09-12T09:43:37.504+08:00 level=INFO source=server.go:225 msg=ServeHTTP method=POST path=/v1/completions took=13.386800625s status="200 OK"
time=2026-09-12T09:43:37.532+08:00 level=INFO source=pipeline.go:91 msg="peak memory" size="30.36 GiB"
time=2026-09-12T09:43:37.710+08:00 level=INFO source=server.go:225 msg=ServeHTTP method=GET path=/v1/status took=52.833µs status="200 OK"
time=2026-09-12T09:43:37.714+08:00 level=INFO source=prefix_cache.go:124 msg="cache hit" total=1878 matched=226 cached=184 left=1694
time=2026-09-12T09:43:45.179+08:00 level=INFO source=pipeline.go:200 msg="Prompt processing progress" processed=1693 total=1694
[GIN] 2026/09/12 - 09:43:50 | 200 |     12.40356s |       127.0.0.1 | POST     "/api/chat"
time=2026-09-12T09:43:50.105+08:00 level=INFO source=server.go:225 msg=ServeHTTP method=POST path=/v1/completions took=12.394016792s status="200 OK"
time=2026-09-12T09:43:50.132+08:00 level=INFO source=pipeline.go:91 msg="peak memory" size="30.36 GiB"
time=2026-09-12T09:43:50.261+08:00 level=INFO source=server.go:225 msg=ServeHTTP method=GET path=/v1/status took=49.25µs status="200 OK"
time=2026-09-12T09:43:50.271+08:00 level=INFO source=prefix_cache.go:124 msg="cache hit" total=1922 matched=1904 cached=1903 left=19
time=2026-09-12T09:43:51.004+08:00 level=INFO source=pipeline.go:200 msg="Prompt processing progress" processed=18 total=19
[GIN] 2026/09/12 - 09:43:59 | 200 |  7.536813292s |       127.0.0.1 | POST     "/api/chat"
time=2026-09-12T09:43:59.958+08:00 level=INFO source=server.go:225 msg=ServeHTTP method=POST path=/v1/completions took=7.527440458s status="200 OK"
time=2026-09-12T09:43:59.964+08:00 level=INFO source=pipeline.go:91 msg="peak memory" size="28.71 GiB"
time=2026-09-12T09:44:00.056+08:00 level=INFO source=server.go:225 msg=ServeHTTP method=GET path=/v1/status took=60.708µs status="200 OK"
time=2026-09-12T09:44:00.061+08:00 level=INFO source=prefix_cache.go:124 msg="cache hit" total=2025 matched=2007 cached=2006 left=19
time=2026-09-12T09:44:00.140+08:00 level=INFO source=pipeline.go:200 msg="Prompt processing progress" processed=18 total=19
[GIN] 2026/09/12 - 09:44:00 | 200 |   496.32625ms |       127.0.0.1 | POST     "/api/chat"
time=2026-09-12T09:44:00.542+08:00 level=INFO source=server.go:225 msg=ServeHTTP method=POST path=/v1/completions took=485.880209ms status="200 OK"
time=2026-09-12T09:44:00.550+08:00 level=INFO source=pipeline.go:91 msg="peak memory" size="28.75 GiB"
time=2026-09-12T09:44:00.695+08:00 level=INFO source=server.go:225 msg=ServeHTTP method=GET path=/v1/status took=54.125µs status="200 OK"
time=2026-09-12T09:44:00.697+08:00 level=INFO source=prefix_cache.go:124 msg="cache hit" total=1870 matched=185 cached=184 left=1686
time=2026-09-12T09:44:01.917+08:00 level=INFO source=pipeline.go:200 msg="Prompt processing progress" processed=1685 total=1686
[GIN] 2026/09/12 - 09:44:04 | 200 |     3.545441s |       127.0.0.1 | POST     "/api/chat"
time=2026-09-12T09:44:04.232+08:00 level=INFO source=server.go:225 msg=ServeHTTP method=POST path=/v1/completions took=3.536015375s status="200 OK"
time=2026-09-12T09:44:04.239+08:00 level=INFO source=pipeline.go:91 msg="peak memory" size="30.34 GiB"
time=2026-09-12T09:44:04.481+08:00 level=INFO source=server.go:225 msg=ServeHTTP method=GET path=/v1/status took=41.709µs status="200 OK"
time=2026-09-12T09:44:04.483+08:00 level=INFO source=prefix_cache.go:124 msg="cache hit" total=1898 matched=226 cached=185 left=1713
time=2026-09-12T09:44:10.815+08:00 level=INFO source=pipeline.go:200 msg="Prompt processing progress" processed=1712 total=1713
[GIN] 2026/09/12 - 09:44:28 | 200 |  23.57759075s |       127.0.0.1 | POST     "/api/chat"
time=2026-09-12T09:44:28.050+08:00 level=INFO source=server.go:225 msg=ServeHTTP method=POST path=/v1/completions took=23.5686445s status="200 OK"
time=2026-09-12T09:44:28.078+08:00 level=INFO source=pipeline.go:91 msg="peak memory" size="30.39 GiB"
time=2026-09-12T09:44:28.224+08:00 level=INFO source=server.go:225 msg=ServeHTTP method=GET path=/v1/status took=56.416µs status="200 OK"
time=2026-09-12T09:44:28.235+08:00 level=INFO source=prefix_cache.go:124 msg="cache hit" total=1920 matched=1902 cached=1901 left=19
time=2026-09-12T09:44:28.790+08:00 level=INFO source=pipeline.go:200 msg="Prompt processing progress" processed=18 total=19
[GIN] 2026/09/12 - 09:44:34 | 200 |  6.177980541s |       127.0.0.1 | POST     "/api/chat"
time=2026-09-12T09:44:34.392+08:00 level=INFO source=server.go:225 msg=ServeHTTP method=POST path=/v1/completions took=6.166935583s status="200 OK"
time=2026-09-12T09:44:34.421+08:00 level=INFO source=pipeline.go:91 msg="peak memory" size="28.76 GiB"
time=2026-09-12T09:44:34.421+08:00 level=INFO source=server.go:225 msg=ServeHTTP method=GET path=/v1/status took=10.770333ms status="200 OK"
time=2026-09-12T09:44:34.426+08:00 level=INFO source=prefix_cache.go:124 msg="cache hit" total=2023 matched=2005 cached=2004 left=19
time=2026-09-12T09:44:35.148+08:00 level=INFO source=pipeline.go:200 msg="Prompt processing progress" processed=18 total=19
[GIN] 2026/09/12 - 09:44:45 | 200 | 10.784571875s |       127.0.0.1 | POST     "/api/chat"
time=2026-09-12T09:44:45.182+08:00 level=INFO source=server.go:225 msg=ServeHTTP method=POST path=/v1/completions took=10.760756584s status="200 OK"
time=2026-09-12T09:44:45.209+08:00 level=INFO source=pipeline.go:91 msg="peak memory" size="28.79 GiB"
time=2026-09-12T09:44:45.831+08:00 level=INFO source=server.go:225 msg=ServeHTTP method=GET path=/v1/status took=193.084µs status="200 OK"
time=2026-09-12T09:44:45.846+08:00 level=INFO source=prefix_cache.go:124 msg="cache hit" total=1914 matched=184 cached=184 left=1730
time=2026-09-12T09:46:02.253+08:00 level=INFO source=pipeline.go:200 msg="Prompt processing progress" processed=1729 total=1730
[GIN] 2026/09/12 - 09:46:02 | 200 |  2.526790833s |       127.0.0.1 | POST     "/api/chat"
time=2026-09-12T09:46:02.977+08:00 level=INFO source=server.go:225 msg=ServeHTTP method=POST path=/v1/completions took=2.494135625s status="200 OK"
time=2026-09-12T09:46:02.983+08:00 level=INFO source=pipeline.go:91 msg="peak memory" size="30.31 GiB"
time=2026-09-12T09:46:03.244+08:00 level=INFO source=server.go:225 msg=ServeHTTP method=GET path=/v1/status took=46.833µs status="200 OK"
time=2026-09-12T09:46:03.246+08:00 level=INFO source=prefix_cache.go:124 msg="cache hit" total=1900 matched=226 cached=184 left=1716
time=2026-09-12T09:46:04.120+08:00 level=INFO source=pipeline.go:200 msg="Prompt processing progress" processed=1715 total=1716
[GIN] 2026/09/12 - 09:46:04 | 200 |  1.749196958s |       127.0.0.1 | POST     "/api/chat"
time=2026-09-12T09:46:04.984+08:00 level=INFO source=server.go:225 msg=ServeHTTP method=POST path=/v1/completions took=1.740003458s status="200 OK"
time=2026-09-12T09:46:04.991+08:00 level=INFO source=pipeline.go:91 msg="peak memory" size="30.35 GiB"
time=2026-09-12T09:46:05.078+08:00 level=INFO source=server.go:225 msg=ServeHTTP method=GET path=/v1/status took=30.416µs status="200 OK"
time=2026-09-12T09:46:05.082+08:00 level=INFO source=prefix_cache.go:124 msg="cache hit" total=1920 matched=1902 cached=1902 left=18
time=2026-09-12T09:46:05.144+08:00 level=INFO source=pipeline.go:200 msg="Prompt processing progress" processed=17 total=18
[GIN] 2026/09/12 - 09:46:05 | 200 |  409.074917ms |       127.0.0.1 | POST     "/api/chat"
time=2026-09-12T09:46:05.482+08:00 level=INFO source=server.go:225 msg=ServeHTTP method=POST path=/v1/completions took=403.354166ms status="200 OK"
time=2026-09-12T09:46:05.487+08:00 level=INFO source=pipeline.go:91 msg="peak memory" size="28.68 GiB"
time=2026-09-12T09:46:05.491+08:00 level=INFO source=server.go:225 msg=ServeHTTP method=GET path=/v1/status took=27.875µs status="200 OK"
time=2026-09-12T09:46:05.495+08:00 level=INFO source=prefix_cache.go:124 msg="cache hit" total=2023 matched=2005 cached=2005 left=18
time=2026-09-12T09:46:05.557+08:00 level=INFO source=pipeline.go:200 msg="Prompt processing progress" processed=17 total=18
[GIN] 2026/09/12 - 09:46:05 | 200 |   420.58775ms |       127.0.0.1 | POST     "/api/chat"
time=2026-09-12T09:46:05.905+08:00 level=INFO source=server.go:225 msg=ServeHTTP method=POST path=/v1/completions took=413.519708ms status="200 OK"
time=2026-09-12T09:46:05.911+08:00 level=INFO source=pipeline.go:91 msg="peak memory" size="28.76 GiB"
time=2026-09-12T09:46:06.023+08:00 level=INFO source=server.go:225 msg=ServeHTTP method=GET path=/v1/status took=33.416µs status="200 OK"
time=2026-09-12T09:46:06.026+08:00 level=INFO source=prefix_cache.go:124 msg="cache hit" total=1906 matched=185 cached=184 left=1722
time=2026-09-12T09:46:11.032+08:00 level=INFO source=pipeline.go:200 msg="Prompt processing progress" processed=1721 total=1722
[GIN] 2026/09/12 - 09:46:14 | 200 |     8.259235s |       127.0.0.1 | POST     "/api/chat"
time=2026-09-12T09:46:14.275+08:00 level=INFO source=server.go:225 msg=ServeHTTP method=POST path=/v1/completions took=8.251525334s status="200 OK"
time=2026-09-12T09:46:14.301+08:00 level=INFO source=pipeline.go:91 msg="peak memory" size="30.35 GiB"
time=2026-09-12T09:46:14.508+08:00 level=INFO source=server.go:225 msg=ServeHTTP method=GET path=/v1/status took=47.042µs status="200 OK"
time=2026-09-12T09:46:14.512+08:00 level=INFO source=prefix_cache.go:124 msg="cache hit" total=1863 matched=225 cached=185 left=1678
time=2026-09-12T09:46:22.398+08:00 level=INFO source=pipeline.go:200 msg="Prompt processing progress" processed=1677 total=1678
[GIN] 2026/09/12 - 09:46:34 | 200 | 19.525026042s |       127.0.0.1 | POST     "/api/chat"
time=2026-09-12T09:46:34.024+08:00 level=INFO source=server.go:225 msg=ServeHTTP method=POST path=/v1/completions took=19.516040792s status="200 OK"
time=2026-09-12T09:46:34.044+08:00 level=INFO source=pipeline.go:91 msg="peak memory" size="30.40 GiB"
time=2026-09-12T09:46:34.179+08:00 level=INFO source=server.go:225 msg=ServeHTTP method=GET path=/v1/status took=48.875µs status="200 OK"
time=2026-09-12T09:46:34.185+08:00 level=INFO source=prefix_cache.go:124 msg="cache hit" total=1918 matched=1904 cached=1902 left=16
time=2026-09-12T09:46:34.907+08:00 level=INFO source=pipeline.go:200 msg="Prompt processing progress" processed=15 total=16
[GIN] 2026/09/12 - 09:46:37 | 200 |     3.587809s |       127.0.0.1 | POST     "/api/chat"
time=2026-09-12T09:46:37.757+08:00 level=INFO source=server.go:225 msg=ServeHTTP method=POST path=/v1/completions took=3.578171792s status="200 OK"
time=2026-09-12T09:46:37.787+08:00 level=INFO source=pipeline.go:91 msg="peak memory" size="28.80 GiB"
time=2026-09-12T09:46:37.787+08:00 level=INFO source=server.go:225 msg=ServeHTTP method=GET path=/v1/status took=14.8005ms status="200 OK"
time=2026-09-12T09:46:37.795+08:00 level=INFO source=prefix_cache.go:124 msg="cache hit" total=2021 matched=2007 cached=2005 left=16
time=2026-09-12T09:46:38.450+08:00 level=INFO source=pipeline.go:200 msg="Prompt processing progress" processed=15 total=16
[GIN] 2026/09/12 - 09:46:41 | 200 |  3.380055125s |       127.0.0.1 | POST     "/api/chat"
time=2026-09-12T09:46:41.142+08:00 level=INFO source=server.go:225 msg=ServeHTTP method=POST path=/v1/completions took=3.354975167s status="200 OK"
time=2026-09-12T09:46:41.178+08:00 level=INFO source=pipeline.go:91 msg="peak memory" size="28.88 GiB"
time=2026-09-12T09:46:41.298+08:00 level=INFO source=server.go:225 msg=ServeHTTP method=GET path=/v1/status took=62.666µs status="200 OK"
time=2026-09-12T09:46:41.305+08:00 level=INFO source=prefix_cache.go:124 msg="cache hit" total=1948 matched=249 cached=227 left=1721
time=2026-09-12T09:46:47.536+08:00 level=INFO source=pipeline.go:200 msg="Prompt processing progress" processed=1720 total=1721
[GIN] 2026/09/12 - 09:46:55 | 200 |  7.542789375s |       127.0.0.1 | POST     "/api/chat"
time=2026-09-12T09:46:55.812+08:00 level=INFO source=server.go:225 msg=ServeHTTP method=POST path=/v1/completions took=7.531955917s status="200 OK"
time=2026-09-12T09:46:55.820+08:00 level=INFO source=pipeline.go:91 msg="peak memory" size="30.38 GiB"
time=2026-09-12T09:46:56.249+08:00 level=INFO source=server.go:225 msg=ServeHTTP method=GET path=/v1/status took=44.166µs status="200 OK"
time=2026-09-12T09:46:56.251+08:00 level=INFO source=prefix_cache.go:124 msg="cache hit" total=1898 matched=360 cached=227 left=1671
time=2026-09-12T09:46:57.342+08:00 level=INFO source=pipeline.go:200 msg="Prompt processing progress" processed=1670 total=1671
[GIN] 2026/09/12 - 09:46:58 | 200 |  1.919809417s |       127.0.0.1 | POST     "/api/chat"
time=2026-09-12T09:46:58.161+08:00 level=INFO source=server.go:225 msg=ServeHTTP method=POST path=/v1/completions took=1.911171541s status="200 OK"
time=2026-09-12T09:46:58.168+08:00 level=INFO source=pipeline.go:91 msg="peak memory" size="30.38 GiB"
time=2026-09-12T09:46:58.252+08:00 level=INFO source=server.go:225 msg=ServeHTTP method=GET path=/v1/status took=32.666µs status="200 OK"
time=2026-09-12T09:46:58.257+08:00 level=INFO source=prefix_cache.go:124 msg="cache hit" total=1921 matched=1902 cached=1902 left=19
time=2026-09-12T09:46:58.318+08:00 level=INFO source=pipeline.go:200 msg="Prompt processing progress" processed=18 total=19
[GIN] 2026/09/12 - 09:46:58 | 200 |   405.22425ms |       127.0.0.1 | POST     "/api/chat"
time=2026-09-12T09:46:58.651+08:00 level=INFO source=server.go:225 msg=ServeHTTP method=POST path=/v1/completions took=399.199083ms status="200 OK"
time=2026-09-12T09:46:58.657+08:00 level=INFO source=pipeline.go:91 msg="peak memory" size="28.70 GiB"
time=2026-09-12T09:46:58.660+08:00 level=INFO source=server.go:225 msg=ServeHTTP method=GET path=/v1/status took=36.917µs status="200 OK"
time=2026-09-12T09:46:58.662+08:00 level=INFO source=prefix_cache.go:124 msg="cache hit" total=2024 matched=2005 cached=2005 left=19
time=2026-09-12T09:46:58.724+08:00 level=INFO source=pipeline.go:200 msg="Prompt processing progress" processed=18 total=19
[GIN] 2026/09/12 - 09:46:59 | 200 |  991.960208ms |       127.0.0.1 | POST     "/api/chat"
time=2026-09-12T09:46:59.646+08:00 level=INFO source=server.go:225 msg=ServeHTTP method=POST path=/v1/completions took=986.15975ms status="200 OK"
time=2026-09-12T09:46:59.651+08:00 level=INFO source=pipeline.go:91 msg="peak memory" size="28.94 GiB"
time=2026-09-12T09:46:59.764+08:00 level=INFO source=server.go:225 msg=ServeHTTP method=GET path=/v1/status took=29.542µs status="200 OK"
time=2026-09-12T09:46:59.770+08:00 level=INFO source=prefix_cache.go:124 msg="cache hit" total=1938 matched=185 cached=184 left=1754
time=2026-09-12T09:47:04.749+08:00 level=INFO source=pipeline.go:200 msg="Prompt processing progress" processed=1753 total=1754
[GIN] 2026/09/12 - 09:47:09 | 200 |  9.290846125s |       127.0.0.1 | POST     "/api/chat"
time=2026-09-12T09:47:09.047+08:00 level=INFO source=server.go:225 msg=ServeHTTP method=POST path=/v1/completions took=9.283359042s status="200 OK"
time=2026-09-12T09:47:09.075+08:00 level=INFO source=pipeline.go:91 msg="peak memory" size="30.43 GiB"
time=2026-09-12T09:47:09.297+08:00 level=INFO source=server.go:225 msg=ServeHTTP method=GET path=/v1/status took=46.417µs status="200 OK"
time=2026-09-12T09:47:09.299+08:00 level=INFO source=prefix_cache.go:124 msg="cache hit" total=1846 matched=227 cached=185 left=1661
time=2026-09-12T09:47:17.138+08:00 level=INFO source=pipeline.go:200 msg="Prompt processing progress" processed=1660 total=1661
[GIN] 2026/09/12 - 09:47:22 | 200 |  12.80131625s |       127.0.0.1 | POST     "/api/chat"
time=2026-09-12T09:47:22.090+08:00 level=INFO source=server.go:225 msg=ServeHTTP method=POST path=/v1/completions took=12.792752708s status="200 OK"
time=2026-09-12T09:47:22.119+08:00 level=INFO source=pipeline.go:91 msg="peak memory" size="30.38 GiB"
time=2026-09-12T09:47:22.138+08:00 level=INFO source=server.go:225 msg=ServeHTTP method=GET path=/v1/status took=41µs status="200 OK"
time=2026-09-12T09:47:22.144+08:00 level=INFO source=prefix_cache.go:124 msg="cache hit" total=4819 matched=127 cached=127 left=4692
time=2026-09-12T09:47:31.388+08:00 level=INFO source=pipeline.go:200 msg="Prompt processing progress" processed=2048 total=4692
time=2026-09-12T09:47:40.679+08:00 level=INFO source=pipeline.go:200 msg="Prompt processing progress" processed=4096 total=4692
time=2026-09-12T09:47:41.868+08:00 level=INFO source=pipeline.go:200 msg="Prompt processing progress" processed=4691 total=4692
[GIN] 2026/09/12 - 09:49:32 | 200 |         1m49s |       127.0.0.1 | POST     "/api/chat"
time=2026-09-12T09:49:32.214+08:00 level=INFO source=server.go:225 msg=ServeHTTP method=POST path=/v1/completions took=1m49.211525209s status="200 OK"
time=2026-09-12T09:49:32.221+08:00 level=INFO source=pipeline.go:91 msg="peak memory" size="30.52 GiB"
time=2026-09-12T09:49:32.358+08:00 level=INFO source=server.go:225 msg=ServeHTTP method=GET path=/v1/status took=163.125µs status="200 OK"
time=2026-09-12T09:49:32.372+08:00 level=INFO source=prefix_cache.go:124 msg="cache hit" total=6399 matched=128 cached=127 left=6272
time=2026-09-12T09:49:40.993+08:00 level=INFO source=pipeline.go:200 msg="Prompt processing progress" processed=2048 total=6272
time=2026-09-12T09:49:51.411+08:00 level=INFO source=pipeline.go:200 msg="Prompt processing progress" processed=4096 total=6272
time=2026-09-12T09:50:02.301+08:00 level=INFO source=pipeline.go:200 msg="Prompt processing progress" processed=6144 total=6272
time=2026-09-12T09:50:04.350+08:00 level=INFO source=pipeline.go:200 msg="Prompt processing progress" processed=6271 total=6272
time=2026-09-12T09:52:19.389+08:00 level=INFO source=server.go:225 msg=ServeHTTP method=POST path=/v1/completions took=2m35.58704025s status="200 OK"
[GIN] 2026/09/12 - 09:52:19 | 200 |         2m35s |       127.0.0.1 | POST     "/api/chat"
time=2026-09-12T09:52:19.411+08:00 level=INFO source=pipeline.go:91 msg="peak memory" size="30.71 GiB"
time=2026-09-12T09:52:19.431+08:00 level=INFO source=server.go:225 msg=ServeHTTP method=GET path=/v1/status took=44.667µs status="200 OK"
time=2026-09-12T09:52:19.444+08:00 level=INFO source=prefix_cache.go:124 msg="cache hit" total=6545 matched=163 cached=128 left=6417
time=2026-09-12T09:52:28.578+08:00 level=INFO source=pipeline.go:200 msg="Prompt processing progress" processed=2048 total=6417
time=2026-09-12T09:52:37.647+08:00 level=INFO source=pipeline.go:200 msg="Prompt processing progress" processed=4096 total=6417
time=2026-09-12T09:52:48.077+08:00 level=INFO source=pipeline.go:200 msg="Prompt processing progress" processed=6144 total=6417
time=2026-09-12T09:52:48.670+08:00 level=INFO source=pipeline.go:200 msg="Prompt processing progress" processed=6416 total=6417
[GIN] 2026/09/12 - 09:54:58 | 200 |         2m31s |       127.0.0.1 | POST     "/api/chat"
time=2026-09-12T09:54:58.569+08:00 level=INFO source=server.go:225 msg=ServeHTTP method=POST path=/v1/completions took=2m31.416173s status="200 OK"
time=2026-09-12T09:54:58.579+08:00 level=INFO source=pipeline.go:91 msg="peak memory" size="30.65 GiB"
time=2026-09-12T09:54:58.630+08:00 level=INFO source=server.go:225 msg=ServeHTTP method=GET path=/v1/status took=71.208µs status="200 OK"
time=2026-09-12T09:54:58.636+08:00 level=INFO source=prefix_cache.go:124 msg="cache hit" total=6633 matched=207 cached=163 left=6470
time=2026-09-12T09:54:59.852+08:00 level=INFO source=pipeline.go:200 msg="Prompt processing progress" processed=2048 total=6470
time=2026-09-12T09:55:06.975+08:00 level=INFO source=pipeline.go:200 msg="Prompt processing progress" processed=4096 total=6470
time=2026-09-12T09:55:16.551+08:00 level=INFO source=pipeline.go:200 msg="Prompt processing progress" processed=6144 total=6470
time=2026-09-12T09:55:19.601+08:00 level=INFO source=pipeline.go:200 msg="Prompt processing progress" processed=6469 total=6470
[GIN] 2026/09/12 - 09:58:13 | 200 |         2m48s |       127.0.0.1 | POST     "/api/chat"
time=2026-09-12T09:58:13.891+08:00 level=INFO source=server.go:225 msg=ServeHTTP method=POST path=/v1/completions took=2m48.014332958s status="200 OK"
time=2026-09-12T09:58:13.924+08:00 level=INFO source=pipeline.go:91 msg="peak memory" size="30.71 GiB"
time=2026-09-12T09:58:14.082+08:00 level=INFO source=server.go:225 msg=ServeHTTP method=GET path=/v1/status took=174.416µs status="200 OK"
time=2026-09-12T09:58:14.099+08:00 level=INFO source=prefix_cache.go:124 msg="cache hit" total=6729 matched=162 cached=128 left=6601
time=2026-09-12T09:58:24.429+08:00 level=INFO source=pipeline.go:200 msg="Prompt processing progress" processed=2048 total=6601
time=2026-09-12T09:59:00.444+08:00 level=INFO source=pipeline.go:200 msg="Prompt processing progress" processed=4096 total=6601
time=2026-09-12T09:59:01.586+08:00 level=INFO source=pipeline.go:200 msg="Prompt processing progress" processed=6144 total=6601
time=2026-09-12T09:59:01.900+08:00 level=INFO source=pipeline.go:200 msg="Prompt processing progress" processed=6600 total=6601
time=2026-09-12T10:07:51.649+08:00 level=INFO source=server.go:225 msg=ServeHTTP method=POST path=/v1/completions took=2m23.330401333s status="200 OK"
[GIN] 2026/09/12 - 10:07:51 | 200 |         2m23s |       127.0.0.1 | POST     "/api/chat"
time=2026-09-12T10:07:51.676+08:00 level=INFO source=pipeline.go:91 msg="peak memory" size="30.71 GiB"
time=2026-09-12T10:07:51.705+08:00 level=INFO source=server.go:225 msg=ServeHTTP method=GET path=/v1/status took=77.75µs status="200 OK"
time=2026-09-12T10:07:51.711+08:00 level=INFO source=prefix_cache.go:124 msg="cache hit" total=6591 matched=149 cached=128 left=6463
time=2026-09-12T10:08:00.590+08:00 level=INFO source=pipeline.go:200 msg="Prompt processing progress" processed=2048 total=6463
time=2026-09-12T10:08:04.576+08:00 level=INFO source=pipeline.go:200 msg="Prompt processing progress" processed=4096 total=6463
time=2026-09-12T10:08:05.497+08:00 level=INFO source=pipeline.go:200 msg="Prompt processing progress" processed=6144 total=6463
time=2026-09-12T10:08:39.699+08:00 level=INFO source=pipeline.go:200 msg="Prompt processing progress" processed=6462 total=6463
time=2026-09-12T10:10:21.188+08:00 level=INFO source=server.go:225 msg=ServeHTTP method=POST path=/v1/completions took=1m44.951061875s status="200 OK"
[GIN] 2026/09/12 - 10:10:21 | 200 |         1m44s |       127.0.0.1 | POST     "/api/chat"
time=2026-09-12T10:10:21.223+08:00 level=INFO source=pipeline.go:91 msg="peak memory" size="30.74 GiB"
time=2026-09-12T10:10:21.223+08:00 level=INFO source=server.go:225 msg=ServeHTTP method=GET path=/v1/status took=18.941667ms status="200 OK"
time=2026-09-12T10:10:21.229+08:00 level=INFO source=prefix_cache.go:124 msg="cache hit" total=2225 matched=270 cached=149 left=2076
time=2026-09-12T10:10:24.972+08:00 level=INFO source=pipeline.go:200 msg="Prompt processing progress" processed=2048 total=2076
time=2026-09-12T10:10:26.354+08:00 level=INFO source=pipeline.go:200 msg="Prompt processing progress" processed=2075 total=2076
time=2026-09-12T10:11:49.083+08:00 level=INFO source=server.go:225 msg=ServeHTTP method=POST path=/v1/completions took=1m25.878244625s status="200 OK"
[GIN] 2026/09/12 - 10:11:49 | 200 |         1m25s |       127.0.0.1 | POST     "/api/chat"
time=2026-09-12T10:11:49.090+08:00 level=INFO source=pipeline.go:91 msg="peak memory" size="30.56 GiB"
time=2026-09-12T10:11:49.184+08:00 level=INFO source=server.go:225 msg=ServeHTTP method=GET path=/v1/status took=37.25µs status="200 OK"
time=2026-09-12T10:11:49.189+08:00 level=INFO source=prefix_cache.go:124 msg="cache hit" total=1943 matched=162 cached=159 left=1784
time=2026-09-12T10:11:50.269+08:00 level=INFO source=pipeline.go:200 msg="Prompt processing progress" processed=1783 total=1784
[GIN] 2026/09/12 - 10:11:50 | 200 |  1.737627417s |       127.0.0.1 | POST     "/api/chat"
time=2026-09-12T10:11:50.916+08:00 level=INFO source=server.go:225 msg=ServeHTTP method=POST path=/v1/completions took=1.731117s status="200 OK"
time=2026-09-12T10:11:50.925+08:00 level=INFO source=pipeline.go:91 msg="peak memory" size="30.50 GiB"
time=2026-09-12T10:11:50.925+08:00 level=INFO source=server.go:225 msg=ServeHTTP method=GET path=/v1/status took=37.584µs status="200 OK"
time=2026-09-12T10:11:50.926+08:00 level=INFO source=prefix_cache.go:124 msg="cache hit" total=1984 matched=181 cached=162 left=1822
time=2026-09-12T10:11:52.025+08:00 level=INFO source=pipeline.go:200 msg="Prompt processing progress" processed=1821 total=1822
[GIN] 2026/09/12 - 10:11:53 | 200 |  2.207051125s |       127.0.0.1 | POST     "/api/chat"
time=2026-09-12T10:11:53.126+08:00 level=INFO source=server.go:225 msg=ServeHTTP method=POST path=/v1/completions took=2.200785209s status="200 OK"
time=2026-09-12T10:11:53.136+08:00 level=INFO source=pipeline.go:91 msg="peak memory" size="30.53 GiB"
time=2026-09-12T10:11:53.232+08:00 level=INFO source=server.go:225 msg=ServeHTTP method=GET path=/v1/status took=40.542µs status="200 OK"
time=2026-09-12T10:11:53.235+08:00 level=INFO source=prefix_cache.go:124 msg="cache hit" total=1921 matched=184 cached=181 left=1740
time=2026-09-12T10:11:54.312+08:00 level=INFO source=pipeline.go:200 msg="Prompt processing progress" processed=1739 total=1740
[GIN] 2026/09/12 - 10:11:55 | 200 |  2.009578667s |       127.0.0.1 | POST     "/api/chat"
time=2026-09-12T10:11:55.235+08:00 level=INFO source=server.go:225 msg=ServeHTTP method=POST path=/v1/completions took=2.002637833s status="200 OK"
time=2026-09-12T10:11:55.244+08:00 level=INFO source=pipeline.go:91 msg="peak memory" size="30.46 GiB"
time=2026-09-12T10:11:55.401+08:00 level=INFO source=server.go:225 msg=ServeHTTP method=GET path=/v1/status took=31.333µs status="200 OK"
time=2026-09-12T10:11:55.405+08:00 level=INFO source=prefix_cache.go:124 msg="cache hit" total=1899 matched=225 cached=184 left=1715
time=2026-09-12T10:11:56.458+08:00 level=INFO source=pipeline.go:200 msg="Prompt processing progress" processed=1714 total=1715
[GIN] 2026/09/12 - 10:11:57 | 200 |     2.296975s |       127.0.0.1 | POST     "/api/chat"
time=2026-09-12T10:11:57.692+08:00 level=INFO source=server.go:225 msg=ServeHTTP method=POST path=/v1/completions took=2.290473084s status="200 OK"
time=2026-09-12T10:11:57.701+08:00 level=INFO source=pipeline.go:91 msg="peak memory" size="30.41 GiB"
time=2026-09-12T10:11:57.780+08:00 level=INFO source=server.go:225 msg=ServeHTTP method=GET path=/v1/status took=75.125µs status="200 OK"
time=2026-09-12T10:11:57.784+08:00 level=INFO source=prefix_cache.go:124 msg="cache hit" total=1943 matched=1923 cached=184 left=1759
time=2026-09-12T10:11:58.865+08:00 level=INFO source=pipeline.go:200 msg="Prompt processing progress" processed=1758 total=1759
[GIN] 2026/09/12 - 10:11:59 | 200 |   1.61668475s |       127.0.0.1 | POST     "/api/chat"
time=2026-09-12T10:11:59.391+08:00 level=INFO source=server.go:225 msg=ServeHTTP method=POST path=/v1/completions took=1.610484958s status="200 OK"
time=2026-09-12T10:11:59.398+08:00 level=INFO source=pipeline.go:91 msg="peak memory" size="30.45 GiB"
time=2026-09-12T10:11:59.401+08:00 level=INFO source=server.go:225 msg=ServeHTTP method=GET path=/v1/status took=43.5µs status="200 OK"
time=2026-09-12T10:11:59.404+08:00 level=INFO source=prefix_cache.go:124 msg="cache hit" total=1984 matched=1964 cached=181 left=1803
time=2026-09-12T10:12:00.512+08:00 level=INFO source=pipeline.go:200 msg="Prompt processing progress" processed=1802 total=1803
[GIN] 2026/09/12 - 10:12:02 | 200 |   2.84108825s |       127.0.0.1 | POST     "/api/chat"
time=2026-09-12T10:12:02.235+08:00 level=INFO source=server.go:225 msg=ServeHTTP method=POST path=/v1/completions took=2.834108375s status="200 OK"
time=2026-09-12T10:12:02.245+08:00 level=INFO source=pipeline.go:91 msg="peak memory" size="30.52 GiB"
time=2026-09-12T10:12:02.316+08:00 level=INFO source=server.go:225 msg=ServeHTTP method=GET path=/v1/status took=39.375µs status="200 OK"
time=2026-09-12T10:12:02.322+08:00 level=INFO source=prefix_cache.go:124 msg="cache hit" total=1904 matched=185 cached=184 left=1720
time=2026-09-12T10:12:03.376+08:00 level=INFO source=pipeline.go:200 msg="Prompt processing progress" processed=1719 total=1720
[GIN] 2026/09/12 - 10:12:04 | 200 |  1.891549417s |       127.0.0.1 | POST     "/api/chat"
time=2026-09-12T10:12:04.202+08:00 level=INFO source=server.go:225 msg=ServeHTTP method=POST path=/v1/completions took=1.885371958s status="200 OK"
time=2026-09-12T10:12:04.211+08:00 level=INFO source=pipeline.go:91 msg="peak memory" size="30.38 GiB"
time=2026-09-12T10:12:04.368+08:00 level=INFO source=server.go:225 msg=ServeHTTP method=GET path=/v1/status took=49.708µs status="200 OK"
time=2026-09-12T10:12:04.373+08:00 level=INFO source=prefix_cache.go:124 msg="cache hit" total=1908 matched=225 cached=185 left=1723
time=2026-09-12T10:12:05.367+08:00 level=INFO source=pipeline.go:200 msg="Prompt processing progress" processed=1722 total=1723
[GIN] 2026/09/12 - 10:12:06 | 200 |  1.791293958s |       127.0.0.1 | POST     "/api/chat"
time=2026-09-12T10:12:06.153+08:00 level=INFO source=server.go:225 msg=ServeHTTP method=POST path=/v1/completions took=1.7845765s status="200 OK"
time=2026-09-12T10:12:06.160+08:00 level=INFO source=pipeline.go:91 msg="peak memory" size="30.44 GiB"
time=2026-09-12T10:12:06.243+08:00 level=INFO source=server.go:225 msg=ServeHTTP method=GET path=/v1/status took=36.5µs status="200 OK"
time=2026-09-12T10:12:06.250+08:00 level=INFO source=prefix_cache.go:124 msg="cache hit" total=1944 matched=1923 cached=1923 left=21
time=2026-09-12T10:12:06.311+08:00 level=INFO source=pipeline.go:200 msg="Prompt processing progress" processed=20 total=21
[GIN] 2026/09/12 - 10:12:07 | 200 |  1.112627959s |       127.0.0.1 | POST     "/api/chat"
time=2026-09-12T10:12:07.350+08:00 level=INFO source=server.go:225 msg=ServeHTTP method=POST path=/v1/completions took=1.106328083s status="200 OK"
time=2026-09-12T10:12:07.357+08:00 level=INFO source=pipeline.go:91 msg="peak memory" size="28.71 GiB"
time=2026-09-12T10:12:07.360+08:00 level=INFO source=server.go:225 msg=ServeHTTP method=GET path=/v1/status took=34.5µs status="200 OK"
time=2026-09-12T10:12:07.363+08:00 level=INFO source=prefix_cache.go:124 msg="cache hit" total=1985 matched=1964 cached=1964 left=21
time=2026-09-12T10:12:07.423+08:00 level=INFO source=pipeline.go:200 msg="Prompt processing progress" processed=20 total=21
[GIN] 2026/09/12 - 10:12:08 | 200 |  1.300874375s |       127.0.0.1 | POST     "/api/chat"
time=2026-09-12T10:12:08.654+08:00 level=INFO source=server.go:225 msg=ServeHTTP method=POST path=/v1/completions took=1.294241375s status="200 OK"
time=2026-09-12T10:12:08.660+08:00 level=INFO source=pipeline.go:91 msg="peak memory" size="28.71 GiB"
time=2026-09-12T10:12:08.733+08:00 level=INFO source=server.go:225 msg=ServeHTTP method=GET path=/v1/status took=33.291µs status="200 OK"
time=2026-09-12T10:12:08.736+08:00 level=INFO source=prefix_cache.go:124 msg="cache hit" total=1885 matched=185 cached=185 left=1700
time=2026-09-12T10:12:09.485+08:00 level=INFO source=pipeline.go:200 msg="Prompt processing progress" processed=1699 total=1700
time=2026-09-12T10:12:10.628+08:00 level=INFO source=server.go:225 msg=ServeHTTP method=POST path=/v1/completions took=1.894494959s status="200 OK"
[GIN] 2026/09/12 - 10:12:10 | 200 |  1.900597625s |       127.0.0.1 | POST     "/api/chat"
time=2026-09-12T10:12:10.634+08:00 level=INFO source=pipeline.go:91 msg="peak memory" size="30.30 GiB"
time=2026-09-12T10:12:10.769+08:00 level=INFO source=server.go:225 msg=ServeHTTP method=GET path=/v1/status took=36µs status="200 OK"
time=2026-09-12T10:12:10.771+08:00 level=INFO source=prefix_cache.go:124 msg="cache hit" total=1876 matched=225 cached=185 left=1691
time=2026-09-12T10:12:11.521+08:00 level=INFO source=pipeline.go:200 msg="Prompt processing progress" processed=1690 total=1691
[GIN] 2026/09/12 - 10:12:12 | 200 |  1.696181667s |       127.0.0.1 | POST     "/api/chat"
time=2026-09-12T10:12:12.459+08:00 level=INFO source=server.go:225 msg=ServeHTTP method=POST path=/v1/completions took=1.689833291s status="200 OK"
time=2026-09-12T10:12:12.466+08:00 level=INFO source=pipeline.go:91 msg="peak memory" size="30.38 GiB"
time=2026-09-12T10:12:12.546+08:00 level=INFO source=server.go:225 msg=ServeHTTP method=GET path=/v1/status took=35.875µs status="200 OK"
time=2026-09-12T10:12:12.553+08:00 level=INFO source=prefix_cache.go:124 msg="cache hit" total=1938 matched=1923 cached=1923 left=15
time=2026-09-12T10:12:12.600+08:00 level=INFO source=pipeline.go:200 msg="Prompt processing progress" processed=14 total=15
[GIN] 2026/09/12 - 10:12:12 | 200 |  427.414959ms |       127.0.0.1 | POST     "/api/chat"
time=2026-09-12T10:12:12.968+08:00 level=INFO source=server.go:225 msg=ServeHTTP method=POST path=/v1/completions took=421.383791ms status="200 OK"
time=2026-09-12T10:12:12.974+08:00 level=INFO source=pipeline.go:91 msg="peak memory" size="28.69 GiB"
time=2026-09-12T10:12:12.977+08:00 level=INFO source=server.go:225 msg=ServeHTTP method=GET path=/v1/status took=32µs status="200 OK"
time=2026-09-12T10:12:12.980+08:00 level=INFO source=prefix_cache.go:124 msg="cache hit" total=1979 matched=1964 cached=1964 left=15
time=2026-09-12T10:12:13.027+08:00 level=INFO source=pipeline.go:200 msg="Prompt processing progress" processed=14 total=15
[GIN] 2026/09/12 - 10:12:13 | 200 |  765.522208ms |       127.0.0.1 | POST     "/api/chat"
time=2026-09-12T10:12:13.737+08:00 level=INFO source=server.go:225 msg=ServeHTTP method=POST path=/v1/completions took=759.373291ms status="200 OK"
time=2026-09-12T10:12:13.742+08:00 level=INFO source=pipeline.go:91 msg="peak memory" size="28.65 GiB"
time=2026-09-12T10:12:13.812+08:00 level=INFO source=server.go:225 msg=ServeHTTP method=GET path=/v1/status took=40.625µs status="200 OK"
time=2026-09-12T10:12:13.816+08:00 level=INFO source=prefix_cache.go:124 msg="cache hit" total=1909 matched=184 cached=184 left=1725
time=2026-09-12T10:12:14.569+08:00 level=INFO source=pipeline.go:200 msg="Prompt processing progress" processed=1724 total=1725
[GIN] 2026/09/12 - 10:12:15 | 200 |  1.547171667s |       127.0.0.1 | POST     "/api/chat"
time=2026-09-12T10:12:15.354+08:00 level=INFO source=server.go:225 msg=ServeHTTP method=POST path=/v1/completions took=1.541097292s status="200 OK"
time=2026-09-12T10:12:15.360+08:00 level=INFO source=pipeline.go:91 msg="peak memory" size="30.32 GiB"
time=2026-09-12T10:12:15.486+08:00 level=INFO source=server.go:225 msg=ServeHTTP method=GET path=/v1/status took=40.959µs status="200 OK"
time=2026-09-12T10:12:15.488+08:00 level=INFO source=prefix_cache.go:124 msg="cache hit" total=1911 matched=225 cached=184 left=1727
time=2026-09-12T10:12:16.251+08:00 level=INFO source=pipeline.go:200 msg="Prompt processing progress" processed=1726 total=1727
[GIN] 2026/09/12 - 10:12:16 | 200 |  1.312402666s |       127.0.0.1 | POST     "/api/chat"
time=2026-09-12T10:12:16.793+08:00 level=INFO source=server.go:225 msg=ServeHTTP method=POST path=/v1/completions took=1.306230583s status="200 OK"
time=2026-09-12T10:12:16.801+08:00 level=INFO source=pipeline.go:91 msg="peak memory" size="30.42 GiB"
time=2026-09-12T10:12:16.881+08:00 level=INFO source=server.go:225 msg=ServeHTTP method=GET path=/v1/status took=53.042µs status="200 OK"
time=2026-09-12T10:12:16.887+08:00 level=INFO source=prefix_cache.go:124 msg="cache hit" total=1942 matched=1924 cached=1923 left=19
time=2026-09-12T10:12:16.945+08:00 level=INFO source=pipeline.go:200 msg="Prompt processing progress" processed=18 total=19
time=2026-09-12T10:12:17.365+08:00 level=INFO source=server.go:225 msg=ServeHTTP method=POST path=/v1/completions took=483.533292ms status="200 OK"
[GIN] 2026/09/12 - 10:12:17 | 200 |  489.750833ms |       127.0.0.1 | POST     "/api/chat"
time=2026-09-12T10:12:17.371+08:00 level=INFO source=pipeline.go:91 msg="peak memory" size="28.77 GiB"
time=2026-09-12T10:12:17.374+08:00 level=INFO source=server.go:225 msg=ServeHTTP method=GET path=/v1/status took=31.25µs status="200 OK"
time=2026-09-12T10:12:17.379+08:00 level=INFO source=prefix_cache.go:124 msg="cache hit" total=1983 matched=1965 cached=1964 left=19
time=2026-09-12T10:12:17.441+08:00 level=INFO source=pipeline.go:200 msg="Prompt processing progress" processed=18 total=19
[GIN] 2026/09/12 - 10:12:18 | 200 |   1.29432975s |       127.0.0.1 | POST     "/api/chat"
time=2026-09-12T10:12:18.662+08:00 level=INFO source=server.go:225 msg=ServeHTTP method=POST path=/v1/completions took=1.287716875s status="200 OK"
time=2026-09-12T10:12:18.669+08:00 level=INFO source=pipeline.go:91 msg="peak memory" size="28.85 GiB"
time=2026-09-12T10:12:18.732+08:00 level=INFO source=server.go:225 msg=ServeHTTP method=GET path=/v1/status took=34.542µs status="200 OK"
time=2026-09-12T10:12:18.734+08:00 level=INFO source=prefix_cache.go:124 msg="cache hit" total=1940 matched=185 cached=184 left=1756
time=2026-09-12T10:12:19.507+08:00 level=INFO source=pipeline.go:200 msg="Prompt processing progress" processed=1755 total=1756
[GIN] 2026/09/12 - 10:12:20 | 200 |  1.374244792s |       127.0.0.1 | POST     "/api/chat"
time=2026-09-12T10:12:20.100+08:00 level=INFO source=server.go:225 msg=ServeHTTP method=POST path=/v1/completions took=1.36812075s status="200 OK"
time=2026-09-12T10:12:20.107+08:00 level=INFO source=pipeline.go:91 msg="peak memory" size="30.41 GiB"
time=2026-09-12T10:12:20.221+08:00 level=INFO source=server.go:225 msg=ServeHTTP method=GET path=/v1/status took=37.833µs status="200 OK"
time=2026-09-12T10:12:20.223+08:00 level=INFO source=prefix_cache.go:124 msg="cache hit" total=1877 matched=224 cached=185 left=1692
time=2026-09-12T10:12:20.972+08:00 level=INFO source=pipeline.go:200 msg="Prompt processing progress" processed=1691 total=1692
[GIN] 2026/09/12 - 10:12:21 | 200 |  1.347548208s |       127.0.0.1 | POST     "/api/chat"
time=2026-09-12T10:12:21.563+08:00 level=INFO source=server.go:225 msg=ServeHTTP method=POST path=/v1/completions took=1.341647458s status="200 OK"
time=2026-09-12T10:12:21.570+08:00 level=INFO source=pipeline.go:91 msg="peak memory" size="30.38 GiB"
time=2026-09-12T10:12:21.649+08:00 level=INFO source=server.go:225 msg=ServeHTTP method=GET path=/v1/status took=38.791µs status="200 OK"
time=2026-09-12T10:12:21.656+08:00 level=INFO source=prefix_cache.go:124 msg="cache hit" total=1954 matched=1923 cached=1923 left=31
time=2026-09-12T10:12:21.742+08:00 level=INFO source=pipeline.go:200 msg="Prompt processing progress" processed=30 total=31
[GIN] 2026/09/12 - 10:12:22 | 200 |  464.525709ms |       127.0.0.1 | POST     "/api/chat"
time=2026-09-12T10:12:22.108+08:00 level=INFO source=server.go:225 msg=ServeHTTP method=POST path=/v1/completions took=458.284875ms status="200 OK"
time=2026-09-12T10:12:22.114+08:00 level=INFO source=pipeline.go:91 msg="peak memory" size="28.85 GiB"
time=2026-09-12T10:12:22.117+08:00 level=INFO source=server.go:225 msg=ServeHTTP method=GET path=/v1/status took=28.209µs status="200 OK"
time=2026-09-12T10:12:22.120+08:00 level=INFO source=prefix_cache.go:124 msg="cache hit" total=1995 matched=1964 cached=1964 left=31
time=2026-09-12T10:12:22.200+08:00 level=INFO source=pipeline.go:200 msg="Prompt processing progress" processed=30 total=31
[GIN] 2026/09/12 - 10:12:22 | 200 |   451.32875ms |       127.0.0.1 | POST     "/api/chat"
time=2026-09-12T10:12:22.562+08:00 level=INFO source=server.go:225 msg=ServeHTTP method=POST path=/v1/completions took=445.148958ms status="200 OK"
time=2026-09-12T10:12:22.567+08:00 level=INFO source=pipeline.go:91 msg="peak memory" size="28.67 GiB"
time=2026-09-12T10:12:22.643+08:00 level=INFO source=server.go:225 msg=ServeHTTP method=GET path=/v1/status took=35.375µs status="200 OK"
time=2026-09-12T10:12:22.646+08:00 level=INFO source=prefix_cache.go:124 msg="cache hit" total=1891 matched=186 cached=184 left=1707
time=2026-09-12T10:12:23.401+08:00 level=INFO source=pipeline.go:200 msg="Prompt processing progress" processed=1706 total=1707
[GIN] 2026/09/12 - 10:12:25 | 200 |  2.520717541s |       127.0.0.1 | POST     "/api/chat"
time=2026-09-12T10:12:25.158+08:00 level=INFO source=server.go:225 msg=ServeHTTP method=POST path=/v1/completions took=2.51477675s status="200 OK"
time=2026-09-12T10:12:25.165+08:00 level=INFO source=pipeline.go:91 msg="peak memory" size="30.37 GiB"
time=2026-09-12T10:12:25.303+08:00 level=INFO source=server.go:225 msg=ServeHTTP method=GET path=/v1/status took=49µs status="200 OK"
time=2026-09-12T10:12:25.306+08:00 level=INFO source=prefix_cache.go:124 msg="cache hit" total=1885 matched=225 cached=186 left=1699
time=2026-09-12T10:12:26.059+08:00 level=INFO source=pipeline.go:200 msg="Prompt processing progress" processed=1698 total=1699
time=2026-09-12T10:12:27.245+08:00 level=INFO source=server.go:225 msg=ServeHTTP method=POST path=/v1/completions took=1.94097775s status="200 OK"
[GIN] 2026/09/12 - 10:12:27 | 200 |     1.946909s |       127.0.0.1 | POST     "/api/chat"
time=2026-09-12T10:12:27.251+08:00 level=INFO source=pipeline.go:91 msg="peak memory" size="30.39 GiB"
time=2026-09-12T10:12:27.331+08:00 level=INFO source=server.go:225 msg=ServeHTTP method=GET path=/v1/status took=39.25µs status="200 OK"
time=2026-09-12T10:12:27.345+08:00 level=INFO source=prefix_cache.go:124 msg="cache hit" total=1947 matched=1926 cached=1923 left=24
time=2026-09-12T10:12:27.412+08:00 level=INFO source=pipeline.go:200 msg="Prompt processing progress" processed=23 total=24
time=2026-09-12T10:12:28.195+08:00 level=INFO source=server.go:225 msg=ServeHTTP method=POST path=/v1/completions took=863.224625ms status="200 OK"
[GIN] 2026/09/12 - 10:12:28 | 200 |  869.297584ms |       127.0.0.1 | POST     "/api/chat"
time=2026-09-12T10:12:28.202+08:00 level=INFO source=pipeline.go:91 msg="peak memory" size="28.92 GiB"
time=2026-09-12T10:12:28.204+08:00 level=INFO source=server.go:225 msg=ServeHTTP method=GET path=/v1/status took=29.25µs status="200 OK"
time=2026-09-12T10:12:28.209+08:00 level=INFO source=prefix_cache.go:124 msg="cache hit" total=1988 matched=1967 cached=1964 left=24
time=2026-09-12T10:12:28.276+08:00 level=INFO source=pipeline.go:200 msg="Prompt processing progress" processed=23 total=24
[GIN] 2026/09/12 - 10:12:29 | 200 |  1.296523959s |       127.0.0.1 | POST     "/api/chat"
time=2026-09-12T10:12:29.495+08:00 level=INFO source=server.go:225 msg=ServeHTTP method=POST path=/v1/completions took=1.2904965s status="200 OK"
time=2026-09-12T10:12:29.502+08:00 level=INFO source=pipeline.go:91 msg="peak memory" size="28.75 GiB"
time=2026-09-12T10:12:29.580+08:00 level=INFO source=server.go:225 msg=ServeHTTP method=GET path=/v1/status took=46.75µs status="200 OK"
time=2026-09-12T10:12:29.581+08:00 level=INFO source=prefix_cache.go:124 msg="cache hit" total=1896 matched=186 cached=186 left=1710
time=2026-09-12T10:12:30.334+08:00 level=INFO source=pipeline.go:200 msg="Prompt processing progress" processed=1709 total=1710
[GIN] 2026/09/12 - 10:12:32 | 200 |  2.647085083s |       127.0.0.1 | POST     "/api/chat"
time=2026-09-12T10:12:32.222+08:00 level=INFO source=server.go:225 msg=ServeHTTP method=POST path=/v1/completions took=2.641242125s status="200 OK"
time=2026-09-12T10:12:32.228+08:00 level=INFO source=pipeline.go:91 msg="peak memory" size="30.31 GiB"
time=2026-09-12T10:12:32.376+08:00 level=INFO source=server.go:225 msg=ServeHTTP method=GET path=/v1/status took=35.375µs status="200 OK"
time=2026-09-12T10:12:32.379+08:00 level=INFO source=prefix_cache.go:124 msg="cache hit" total=1893 matched=225 cached=186 left=1707
time=2026-09-12T10:12:33.134+08:00 level=INFO source=pipeline.go:200 msg="Prompt processing progress" processed=1706 total=1707
[GIN] 2026/09/12 - 10:12:34 | 200 |  2.333503334s |       127.0.0.1 | POST     "/api/chat"
time=2026-09-12T10:12:34.703+08:00 level=INFO source=server.go:225 msg=ServeHTTP method=POST path=/v1/completions took=2.327250125s status="200 OK"
time=2026-09-12T10:12:34.710+08:00 level=INFO source=pipeline.go:91 msg="peak memory" size="30.40 GiB"
time=2026-09-12T10:12:34.789+08:00 level=INFO source=server.go:225 msg=ServeHTTP method=GET path=/v1/status took=37µs status="200 OK"
time=2026-09-12T10:12:34.796+08:00 level=INFO source=prefix_cache.go:124 msg="cache hit" total=1944 matched=1924 cached=1923 left=21
time=2026-09-12T10:12:34.857+08:00 level=INFO source=pipeline.go:200 msg="Prompt processing progress" processed=20 total=21
[GIN] 2026/09/12 - 10:12:35 | 200 |  1.179306042s |       127.0.0.1 | POST     "/api/chat"
time=2026-09-12T10:12:35.963+08:00 level=INFO source=server.go:225 msg=ServeHTTP method=POST path=/v1/completions took=1.173392125s status="200 OK"
time=2026-09-12T10:12:35.969+08:00 level=INFO source=pipeline.go:91 msg="peak memory" size="28.71 GiB"
time=2026-09-12T10:12:35.972+08:00 level=INFO source=server.go:225 msg=ServeHTTP method=GET path=/v1/status took=40.792µs status="200 OK"
time=2026-09-12T10:12:35.976+08:00 level=INFO source=prefix_cache.go:124 msg="cache hit" total=1985 matched=1965 cached=1964 left=21
time=2026-09-12T10:12:36.037+08:00 level=INFO source=pipeline.go:200 msg="Prompt processing progress" processed=20 total=21
[GIN] 2026/09/12 - 10:12:37 | 200 |  1.504519542s |       127.0.0.1 | POST     "/api/chat"
time=2026-09-12T10:12:37.471+08:00 level=INFO source=server.go:225 msg=ServeHTTP method=POST path=/v1/completions took=1.498026s status="200 OK"
time=2026-09-12T10:12:37.477+08:00 level=INFO source=pipeline.go:91 msg="peak memory" size="28.78 GiB"
time=2026-09-12T10:12:37.552+08:00 level=INFO source=server.go:225 msg=ServeHTTP method=GET path=/v1/status took=35.958µs status="200 OK"
time=2026-09-12T10:12:37.553+08:00 level=INFO source=prefix_cache.go:124 msg="cache hit" total=1918 matched=185 cached=184 left=1734
time=2026-09-12T10:12:38.320+08:00 level=INFO source=pipeline.go:200 msg="Prompt processing progress" processed=1733 total=1734
[GIN] 2026/09/12 - 10:12:39 | 200 |  2.085475792s |       127.0.0.1 | POST     "/api/chat"
time=2026-09-12T10:12:39.631+08:00 level=INFO source=server.go:225 msg=ServeHTTP method=POST path=/v1/completions took=2.079456833s status="200 OK"
time=2026-09-12T10:12:39.638+08:00 level=INFO source=pipeline.go:91 msg="peak memory" size="30.42 GiB"
time=2026-09-12T10:12:39.777+08:00 level=INFO source=server.go:225 msg=ServeHTTP method=GET path=/v1/status took=32.917µs status="200 OK"
time=2026-09-12T10:12:39.782+08:00 level=INFO source=prefix_cache.go:124 msg="cache hit" total=1916 matched=225 cached=185 left=1731
time=2026-09-12T10:12:40.549+08:00 level=INFO source=pipeline.go:200 msg="Prompt processing progress" processed=1730 total=1731
[GIN] 2026/09/12 - 10:12:42 | 200 |  2.319971333s |       127.0.0.1 | POST     "/api/chat"
time=2026-09-12T10:12:42.091+08:00 level=INFO source=server.go:225 msg=ServeHTTP method=POST path=/v1/completions took=2.313803292s status="200 OK"
time=2026-09-12T10:12:42.099+08:00 level=INFO source=pipeline.go:91 msg="peak memory" size="30.37 GiB"
time=2026-09-12T10:12:42.136+08:00 level=INFO source=server.go:225 msg=ServeHTTP method=GET path=/v1/status took=31.125µs status="200 OK"
time=2026-09-12T10:12:42.138+08:00 level=INFO source=prefix_cache.go:124 msg="cache hit" total=5070 matched=118 cached=3 left=5067
time=2026-09-12T10:12:43.041+08:00 level=INFO source=pipeline.go:200 msg="Prompt processing progress" processed=2048 total=5067
time=2026-09-12T10:12:43.980+08:00 level=INFO source=pipeline.go:200 msg="Prompt processing progress" processed=4096 total=5067
time=2026-09-12T10:12:44.497+08:00 level=INFO source=pipeline.go:200 msg="Prompt processing progress" processed=5066 total=5067
time=2026-09-12T10:13:12.841+08:00 level=INFO source=server.go:225 msg=ServeHTTP method=POST path=/v1/completions took=30.7052365s status="200 OK"
[GIN] 2026/09/12 - 10:13:12 | 200 | 30.711227292s |       127.0.0.1 | POST     "/api/chat"
time=2026-09-12T10:13:12.847+08:00 level=INFO source=pipeline.go:91 msg="peak memory" size="30.56 GiB"
time=2026-09-12T10:13:12.884+08:00 level=INFO source=server.go:225 msg=ServeHTTP method=GET path=/v1/status took=34.792µs status="200 OK"
time=2026-09-12T10:13:12.889+08:00 level=INFO source=prefix_cache.go:124 msg="cache hit" total=7101 matched=202 cached=118 left=6983
time=2026-09-12T10:13:13.793+08:00 level=INFO source=pipeline.go:200 msg="Prompt processing progress" processed=2048 total=6983
time=2026-09-12T10:13:14.730+08:00 level=INFO source=pipeline.go:200 msg="Prompt processing progress" processed=4096 total=6983
time=2026-09-12T10:13:15.719+08:00 level=INFO source=pipeline.go:200 msg="Prompt processing progress" processed=6144 total=6983
time=2026-09-12T10:13:16.207+08:00 level=INFO source=pipeline.go:200 msg="Prompt processing progress" processed=6982 total=6983
time=2026-09-12T10:13:45.635+08:00 level=INFO source=server.go:225 msg=ServeHTTP method=POST path=/v1/completions took=32.750521084s status="200 OK"
[GIN] 2026/09/12 - 10:13:45 | 200 | 32.756755834s |       127.0.0.1 | POST     "/api/chat"
time=2026-09-12T10:13:45.643+08:00 level=INFO source=pipeline.go:91 msg="peak memory" size="30.71 GiB"
time=2026-09-12T10:13:45.681+08:00 level=INFO source=server.go:225 msg=ServeHTTP method=GET path=/v1/status took=66.083µs status="200 OK"
time=2026-09-12T10:13:45.684+08:00 level=INFO source=prefix_cache.go:124 msg="cache hit" total=7138 matched=228 cached=202 left=6936
time=2026-09-12T10:13:46.928+08:00 level=INFO source=pipeline.go:200 msg="Prompt processing progress" processed=2048 total=6936
time=2026-09-12T10:13:48.231+08:00 level=INFO source=pipeline.go:200 msg="Prompt processing progress" processed=4096 total=6936
time=2026-09-12T10:13:49.583+08:00 level=INFO source=pipeline.go:200 msg="Prompt processing progress" processed=6144 total=6936
time=2026-09-12T10:13:50.217+08:00 level=INFO source=pipeline.go:200 msg="Prompt processing progress" processed=6935 total=6936
time=2026-09-12T10:14:20.446+08:00 level=INFO source=server.go:225 msg=ServeHTTP method=POST path=/v1/completions took=34.765047375s status="200 OK"
[GIN] 2026/09/12 - 10:14:20 | 200 |  34.77161125s |       127.0.0.1 | POST     "/api/chat"
time=2026-09-12T10:14:20.452+08:00 level=INFO source=pipeline.go:91 msg="peak memory" size="30.75 GiB"
time=2026-09-12T10:14:20.489+08:00 level=INFO source=server.go:225 msg=ServeHTTP method=GET path=/v1/status took=53.959µs status="200 OK"
time=2026-09-12T10:14:20.493+08:00 level=INFO source=prefix_cache.go:124 msg="cache hit" total=7140 matched=224 cached=202 left=6938
time=2026-09-12T10:14:21.401+08:00 level=INFO source=pipeline.go:200 msg="Prompt processing progress" processed=2048 total=6938
time=2026-09-12T10:14:22.358+08:00 level=INFO source=pipeline.go:200 msg="Prompt processing progress" processed=4096 total=6938
time=2026-09-12T10:14:23.372+08:00 level=INFO source=pipeline.go:200 msg="Prompt processing progress" processed=6144 total=6938
time=2026-09-12T10:14:23.841+08:00 level=INFO source=pipeline.go:200 msg="Prompt processing progress" processed=6937 total=6938
time=2026-09-12T10:14:54.713+08:00 level=INFO source=server.go:225 msg=ServeHTTP method=POST path=/v1/completions took=34.223714083s status="200 OK"
[GIN] 2026/09/12 - 10:14:54 | 200 |  34.23019975s |       127.0.0.1 | POST     "/api/chat"
time=2026-09-12T10:14:54.719+08:00 level=INFO source=pipeline.go:91 msg="peak memory" size="30.70 GiB"
time=2026-09-12T10:14:54.734+08:00 level=INFO source=server.go:225 msg=ServeHTTP method=GET path=/v1/status took=35.958µs status="200 OK"
time=2026-09-12T10:14:54.737+08:00 level=INFO source=prefix_cache.go:124 msg="cache hit" total=5240 matched=287 cached=224 left=5016
time=2026-09-12T10:14:55.690+08:00 level=INFO source=pipeline.go:200 msg="Prompt processing progress" processed=2048 total=5016
time=2026-09-12T10:14:56.681+08:00 level=INFO source=pipeline.go:200 msg="Prompt processing progress" processed=4096 total=5016
time=2026-09-12T10:14:57.206+08:00 level=INFO source=pipeline.go:200 msg="Prompt processing progress" processed=5015 total=5016
time=2026-09-12T10:15:27.273+08:00 level=INFO source=server.go:225 msg=ServeHTTP method=POST path=/v1/completions took=32.538981541s status="200 OK"
[GIN] 2026/09/12 - 10:15:27 | 200 | 32.545022833s |       127.0.0.1 | POST     "/api/chat"
time=2026-09-12T10:15:27.279+08:00 level=INFO source=pipeline.go:91 msg="peak memory" size="30.58 GiB"
time=2026-09-12T10:15:27.389+08:00 level=INFO source=server.go:225 msg=ServeHTTP method=GET path=/v1/status took=37.333µs status="200 OK"
time=2026-09-12T10:15:27.392+08:00 level=INFO source=prefix_cache.go:124 msg="cache hit" total=2122 matched=152 cached=3 left=2119
time=2026-09-12T10:15:28.345+08:00 level=INFO source=pipeline.go:200 msg="Prompt processing progress" processed=2048 total=2119
time=2026-09-12T10:15:28.509+08:00 level=INFO source=pipeline.go:200 msg="Prompt processing progress" processed=2118 total=2119
[GIN] 2026/09/12 - 10:15:28 | 200 |  1.519439292s |       127.0.0.1 | POST     "/api/chat"
time=2026-09-12T10:15:28.903+08:00 level=INFO source=server.go:225 msg=ServeHTTP method=POST path=/v1/completions took=1.513344875s status="200 OK"
time=2026-09-12T10:15:28.910+08:00 level=INFO source=pipeline.go:91 msg="peak memory" size="30.51 GiB"
time=2026-09-12T10:15:28.913+08:00 level=INFO source=server.go:225 msg=ServeHTTP method=GET path=/v1/status took=37.708µs status="200 OK"
time=2026-09-12T10:15:28.917+08:00 level=INFO source=prefix_cache.go:124 msg="cache hit" total=2196 matched=255 cached=152 left=2044
time=2026-09-12T10:15:29.848+08:00 level=INFO source=pipeline.go:200 msg="Prompt processing progress" processed=2043 total=2044
[GIN] 2026/09/12 - 10:15:30 | 200 |  1.339271958s |       127.0.0.1 | POST     "/api/chat"
time=2026-09-12T10:15:30.246+08:00 level=INFO source=server.go:225 msg=ServeHTTP method=POST path=/v1/completions took=1.332459834s status="200 OK"
time=2026-09-12T10:15:30.253+08:00 level=INFO source=pipeline.go:91 msg="peak memory" size="30.66 GiB"
time=2026-09-12T10:15:30.340+08:00 level=INFO source=server.go:225 msg=ServeHTTP method=GET path=/v1/status took=29.833µs status="200 OK"
time=2026-09-12T10:15:30.343+08:00 level=INFO source=prefix_cache.go:124 msg="cache hit" total=2105 matched=258 cached=255 left=1850
time=2026-09-12T10:15:31.191+08:00 level=INFO source=pipeline.go:200 msg="Prompt processing progress" processed=1849 total=1850
[GIN] 2026/09/12 - 10:15:31 | 200 |  1.648080541s |       127.0.0.1 | POST     "/api/chat"
time=2026-09-12T10:15:31.983+08:00 level=INFO source=server.go:225 msg=ServeHTTP method=POST path=/v1/completions took=1.641919167s status="200 OK"
time=2026-09-12T10:15:31.990+08:00 level=INFO source=pipeline.go:91 msg="peak memory" size="30.53 GiB"
time=2026-09-12T10:15:32.079+08:00 level=INFO source=server.go:225 msg=ServeHTTP method=GET path=/v1/status took=27.917µs status="200 OK"
time=2026-09-12T10:15:32.083+08:00 level=INFO source=prefix_cache.go:124 msg="cache hit" total=2032 matched=289 cached=258 left=1774
time=2026-09-12T10:15:32.903+08:00 level=INFO source=pipeline.go:200 msg="Prompt processing progress" processed=1773 total=1774
[GIN] 2026/09/12 - 10:15:33 | 200 |  1.367470875s |       127.0.0.1 | POST     "/api/chat"
time=2026-09-12T10:15:33.441+08:00 level=INFO source=server.go:225 msg=ServeHTTP method=POST path=/v1/completions took=1.361150416s status="200 OK"
time=2026-09-12T10:15:33.449+08:00 level=INFO source=pipeline.go:91 msg="peak memory" size="30.49 GiB"
time=2026-09-12T10:15:33.547+08:00 level=INFO source=server.go:225 msg=ServeHTTP method=GET path=/v1/status took=35.541µs status="200 OK"
time=2026-09-12T10:15:33.549+08:00 level=INFO source=prefix_cache.go:124 msg="cache hit" total=2121 matched=2095 cached=258 left=1863
time=2026-09-12T10:15:34.412+08:00 level=INFO source=pipeline.go:200 msg="Prompt processing progress" processed=1862 total=1863
[GIN] 2026/09/12 - 10:15:34 | 200 |  1.392909042s |       127.0.0.1 | POST     "/api/chat"
time=2026-09-12T10:15:34.934+08:00 level=INFO source=server.go:225 msg=ServeHTTP method=POST path=/v1/completions took=1.386754583s status="200 OK"
time=2026-09-12T10:15:34.941+08:00 level=INFO source=pipeline.go:91 msg="peak memory" size="30.41 GiB"
time=2026-09-12T10:15:34.943+08:00 level=INFO source=server.go:225 msg=ServeHTTP method=GET path=/v1/status took=47.833µs status="200 OK"
time=2026-09-12T10:15:34.947+08:00 level=INFO source=prefix_cache.go:124 msg="cache hit" total=2195 matched=2169 cached=255 left=1940
time=2026-09-12T10:15:35.842+08:00 level=INFO source=pipeline.go:200 msg="Prompt processing progress" processed=1939 total=1940
[GIN] 2026/09/12 - 10:15:36 | 200 |  1.301622166s |       127.0.0.1 | POST     "/api/chat"
time=2026-09-12T10:15:36.238+08:00 level=INFO source=server.go:225 msg=ServeHTTP method=POST path=/v1/completions took=1.295236834s status="200 OK"
time=2026-09-12T10:15:36.246+08:00 level=INFO source=pipeline.go:91 msg="peak memory" size="30.56 GiB"
time=2026-09-12T10:15:36.341+08:00 level=INFO source=server.go:225 msg=ServeHTTP method=GET path=/v1/status took=35.375µs status="200 OK"
time=2026-09-12T10:15:36.345+08:00 level=INFO source=prefix_cache.go:124 msg="cache hit" total=2098 matched=259 cached=258 left=1840
time=2026-09-12T10:15:37.192+08:00 level=INFO source=pipeline.go:200 msg="Prompt processing progress" processed=1839 total=1840
[GIN] 2026/09/12 - 10:15:37 | 200 |  1.563721458s |       127.0.0.1 | POST     "/api/chat"
time=2026-09-12T10:15:37.899+08:00 level=INFO source=server.go:225 msg=ServeHTTP method=POST path=/v1/completions took=1.557587959s status="200 OK"
time=2026-09-12T10:15:37.906+08:00 level=INFO source=pipeline.go:91 msg="peak memory" size="30.52 GiB"
time=2026-09-12T10:15:38.005+08:00 level=INFO source=server.go:225 msg=ServeHTTP method=GET path=/v1/status took=36.792µs status="200 OK"
time=2026-09-12T10:15:38.008+08:00 level=INFO source=prefix_cache.go:124 msg="cache hit" total=2027 matched=289 cached=259 left=1768
time=2026-09-12T10:15:38.826+08:00 level=INFO source=pipeline.go:200 msg="Prompt processing progress" processed=1767 total=1768
[GIN] 2026/09/12 - 10:15:39 | 200 |  1.463326459s |       127.0.0.1 | POST     "/api/chat"
time=2026-09-12T10:15:39.462+08:00 level=INFO source=server.go:225 msg=ServeHTTP method=POST path=/v1/completions took=1.457011875s status="200 OK"
time=2026-09-12T10:15:39.469+08:00 level=INFO source=pipeline.go:91 msg="peak memory" size="30.48 GiB"
time=2026-09-12T10:15:39.568+08:00 level=INFO source=server.go:225 msg=ServeHTTP method=GET path=/v1/status took=32.875µs status="200 OK"
time=2026-09-12T10:15:39.572+08:00 level=INFO source=prefix_cache.go:124 msg="cache hit" total=2124 matched=2094 cached=259 left=1865
time=2026-09-12T10:15:40.431+08:00 level=INFO source=pipeline.go:200 msg="Prompt processing progress" processed=1864 total=1865
[GIN] 2026/09/12 - 10:15:40 | 200 |    1.3923495s |       127.0.0.1 | POST     "/api/chat"
time=2026-09-12T10:15:40.955+08:00 level=INFO source=server.go:225 msg=ServeHTTP method=POST path=/v1/completions took=1.386423833s status="200 OK"
time=2026-09-12T10:15:40.963+08:00 level=INFO source=pipeline.go:91 msg="peak memory" size="30.48 GiB"
time=2026-09-12T10:15:40.965+08:00 level=INFO source=server.go:225 msg=ServeHTTP method=GET path=/v1/status took=34.458µs status="200 OK"
time=2026-09-12T10:15:40.967+08:00 level=INFO source=prefix_cache.go:124 msg="cache hit" total=2198 matched=2168 cached=255 left=1943
time=2026-09-12T10:15:41.883+08:00 level=INFO source=pipeline.go:200 msg="Prompt processing progress" processed=1942 total=1943
[GIN] 2026/09/12 - 10:15:45 | 200 |  4.680732958s |       127.0.0.1 | POST     "/api/chat"
time=2026-09-12T10:15:45.639+08:00 level=INFO source=server.go:225 msg=ServeHTTP method=POST path=/v1/completions took=4.673974125s status="200 OK"
time=2026-09-12T10:15:45.646+08:00 level=INFO source=pipeline.go:91 msg="peak memory" size="30.52 GiB"
time=2026-09-12T10:15:45.747+08:00 level=INFO source=server.go:225 msg=ServeHTTP method=GET path=/v1/status took=38.708µs status="200 OK"
time=2026-09-12T10:15:45.752+08:00 level=INFO source=prefix_cache.go:124 msg="cache hit" total=2136 matched=258 cached=258 left=1878
time=2026-09-12T10:15:46.633+08:00 level=INFO source=pipeline.go:200 msg="Prompt processing progress" processed=1877 total=1878
[GIN] 2026/09/12 - 10:15:50 | 200 |  4.345679958s |       127.0.0.1 | POST     "/api/chat"
time=2026-09-12T10:15:50.086+08:00 level=INFO source=server.go:225 msg=ServeHTTP method=POST path=/v1/completions took=4.339190042s status="200 OK"
time=2026-09-12T10:15:50.093+08:00 level=INFO source=pipeline.go:91 msg="peak memory" size="30.39 GiB"
time=2026-09-12T10:15:50.192+08:00 level=INFO source=server.go:225 msg=ServeHTTP method=GET path=/v1/status took=37.292µs status="200 OK"
time=2026-09-12T10:15:50.196+08:00 level=INFO source=prefix_cache.go:124 msg="cache hit" total=2090 matched=289 cached=258 left=1832
time=2026-09-12T10:15:51.053+08:00 level=INFO source=pipeline.go:200 msg="Prompt processing progress" processed=1831 total=1832
[GIN] 2026/09/12 - 10:15:51 | 200 |  1.272611625s |       127.0.0.1 | POST     "/api/chat"
time=2026-09-12T10:15:51.459+08:00 level=INFO source=server.go:225 msg=ServeHTTP method=POST path=/v1/completions took=1.266306208s status="200 OK"
time=2026-09-12T10:15:51.467+08:00 level=INFO source=pipeline.go:91 msg="peak memory" size="30.52 GiB"
time=2026-09-12T10:15:51.569+08:00 level=INFO source=server.go:225 msg=ServeHTTP method=GET path=/v1/status took=45.917µs status="200 OK"
time=2026-09-12T10:15:51.579+08:00 level=INFO source=prefix_cache.go:124 msg="cache hit" total=2133 matched=2095 cached=2094 left=39
time=2026-09-12T10:15:51.684+08:00 level=INFO source=pipeline.go:200 msg="Prompt processing progress" processed=38 total=39
[GIN] 2026/09/12 - 10:15:52 | 200 |  521.026667ms |       127.0.0.1 | POST     "/api/chat"
time=2026-09-12T10:15:52.084+08:00 level=INFO source=server.go:225 msg=ServeHTTP method=POST path=/v1/completions took=514.916459ms status="200 OK"
time=2026-09-12T10:15:52.091+08:00 level=INFO source=pipeline.go:91 msg="peak memory" size="28.86 GiB"
time=2026-09-12T10:15:52.093+08:00 level=INFO source=server.go:225 msg=ServeHTTP method=GET path=/v1/status took=38.959µs status="200 OK"
time=2026-09-12T10:15:52.098+08:00 level=INFO source=prefix_cache.go:124 msg="cache hit" total=2207 matched=2169 cached=2168 left=39
time=2026-09-12T10:15:52.202+08:00 level=INFO source=pipeline.go:200 msg="Prompt processing progress" processed=38 total=39
[GIN] 2026/09/12 - 10:15:52 | 200 |   789.16225ms |       127.0.0.1 | POST     "/api/chat"
time=2026-09-12T10:15:52.876+08:00 level=INFO source=server.go:225 msg=ServeHTTP method=POST path=/v1/completions took=782.693792ms status="200 OK"
time=2026-09-12T10:15:52.883+08:00 level=INFO source=pipeline.go:91 msg="peak memory" size="28.79 GiB"
time=2026-09-12T10:15:52.977+08:00 level=INFO source=server.go:225 msg=ServeHTTP method=GET path=/v1/status took=37.959µs status="200 OK"
time=2026-09-12T10:15:52.979+08:00 level=INFO source=prefix_cache.go:124 msg="cache hit" total=2130 matched=259 cached=258 left=1872
time=2026-09-12T10:15:53.855+08:00 level=INFO source=pipeline.go:200 msg="Prompt processing progress" processed=1871 total=1872
[GIN] 2026/09/12 - 10:15:54 | 200 |  1.506873959s |       127.0.0.1 | POST     "/api/chat"
time=2026-09-12T10:15:54.478+08:00 level=INFO source=server.go:225 msg=ServeHTTP method=POST path=/v1/completions took=1.500800084s status="200 OK"
time=2026-09-12T10:15:54.485+08:00 level=INFO source=pipeline.go:91 msg="peak memory" size="30.43 GiB"
time=2026-09-12T10:15:54.581+08:00 level=INFO source=server.go:225 msg=ServeHTTP method=GET path=/v1/status took=37.333µs status="200 OK"
time=2026-09-12T10:15:54.583+08:00 level=INFO source=prefix_cache.go:124 msg="cache hit" total=2036 matched=289 cached=259 left=1777
time=2026-09-12T10:15:55.420+08:00 level=INFO source=pipeline.go:200 msg="Prompt processing progress" processed=1776 total=1777
[GIN] 2026/09/12 - 10:15:56 | 200 |   1.49156575s |       127.0.0.1 | POST     "/api/chat"
time=2026-09-12T10:15:56.066+08:00 level=INFO source=server.go:225 msg=ServeHTTP method=POST path=/v1/completions took=1.485239583s status="200 OK"
time=2026-09-12T10:15:56.074+08:00 level=INFO source=pipeline.go:91 msg="peak memory" size="30.44 GiB"
time=2026-09-12T10:15:56.172+08:00 level=INFO source=server.go:225 msg=ServeHTTP method=GET path=/v1/status took=41.584µs status="200 OK"
time=2026-09-12T10:15:56.183+08:00 level=INFO source=prefix_cache.go:124 msg="cache hit" total=2120 matched=2094 cached=2094 left=26
time=2026-09-12T10:15:56.257+08:00 level=INFO source=pipeline.go:200 msg="Prompt processing progress" processed=25 total=26
[GIN] 2026/09/12 - 10:15:56 | 200 |  485.736417ms |       127.0.0.1 | POST     "/api/chat"
time=2026-09-12T10:15:56.652+08:00 level=INFO source=server.go:225 msg=ServeHTTP method=POST path=/v1/completions took=479.515583ms status="200 OK"
time=2026-09-12T10:15:56.658+08:00 level=INFO source=pipeline.go:91 msg="peak memory" size="28.84 GiB"
time=2026-09-12T10:15:56.661+08:00 level=INFO source=server.go:225 msg=ServeHTTP method=GET path=/v1/status took=29.625µs status="200 OK"
time=2026-09-12T10:15:56.664+08:00 level=INFO source=prefix_cache.go:124 msg="cache hit" total=2194 matched=2168 cached=2168 left=26
time=2026-09-12T10:15:56.740+08:00 level=INFO source=pipeline.go:200 msg="Prompt processing progress" processed=25 total=26
[GIN] 2026/09/12 - 10:15:57 | 200 |  659.842416ms |       127.0.0.1 | POST     "/api/chat"
time=2026-09-12T10:15:57.315+08:00 level=INFO source=server.go:225 msg=ServeHTTP method=POST path=/v1/completions took=653.718ms status="200 OK"
time=2026-09-12T10:15:57.322+08:00 level=INFO source=pipeline.go:91 msg="peak memory" size="28.70 GiB"
time=2026-09-12T10:15:57.416+08:00 level=INFO source=server.go:225 msg=ServeHTTP method=GET path=/v1/status took=28.792µs status="200 OK"
time=2026-09-12T10:15:57.418+08:00 level=INFO source=prefix_cache.go:124 msg="cache hit" total=2101 matched=258 cached=258 left=1843
time=2026-09-12T10:15:58.273+08:00 level=INFO source=pipeline.go:200 msg="Prompt processing progress" processed=1842 total=1843
[GIN] 2026/09/12 - 10:15:59 | 200 |  1.734685042s |       127.0.0.1 | POST     "/api/chat"
time=2026-09-12T10:15:59.144+08:00 level=INFO source=server.go:225 msg=ServeHTTP method=POST path=/v1/completions took=1.728517459s status="200 OK"
time=2026-09-12T10:15:59.150+08:00 level=INFO source=pipeline.go:91 msg="peak memory" size="30.29 GiB"
time=2026-09-12T10:15:59.250+08:00 level=INFO source=server.go:225 msg=ServeHTTP method=GET path=/v1/status took=34.625µs status="200 OK"
time=2026-09-12T10:15:59.254+08:00 level=INFO source=prefix_cache.go:124 msg="cache hit" total=2079 matched=288 cached=258 left=1821
time=2026-09-12T10:16:00.109+08:00 level=INFO source=pipeline.go:200 msg="Prompt processing progress" processed=1820 total=1821
[GIN] 2026/09/12 - 10:16:02 | 200 |  2.810165917s |       127.0.0.1 | POST     "/api/chat"
time=2026-09-12T10:16:02.054+08:00 level=INFO source=server.go:225 msg=ServeHTTP method=POST path=/v1/completions took=2.803964625s status="200 OK"
time=2026-09-12T10:16:02.061+08:00 level=INFO source=pipeline.go:91 msg="peak memory" size="30.52 GiB"
time=2026-09-12T10:16:02.160+08:00 level=INFO source=server.go:225 msg=ServeHTTP method=GET path=/v1/status took=52.083µs status="200 OK"
time=2026-09-12T10:16:02.173+08:00 level=INFO source=prefix_cache.go:124 msg="cache hit" total=2128 matched=2094 cached=2094 left=34
time=2026-09-12T10:16:02.267+08:00 level=INFO source=pipeline.go:200 msg="Prompt processing progress" processed=33 total=34
[GIN] 2026/09/12 - 10:16:02 | 200 |  462.884834ms |       127.0.0.1 | POST     "/api/chat"
time=2026-09-12T10:16:02.618+08:00 level=INFO source=server.go:225 msg=ServeHTTP method=POST path=/v1/completions took=456.858125ms status="200 OK"
time=2026-09-12T10:16:02.624+08:00 level=INFO source=pipeline.go:91 msg="peak memory" size="28.88 GiB"
time=2026-09-12T10:16:02.627+08:00 level=INFO source=server.go:225 msg=ServeHTTP method=GET path=/v1/status took=41.208µs status="200 OK"
time=2026-09-12T10:16:02.631+08:00 level=INFO source=prefix_cache.go:124 msg="cache hit" total=2202 matched=2168 cached=2168 left=34
time=2026-09-12T10:16:02.725+08:00 level=INFO source=pipeline.go:200 msg="Prompt processing progress" processed=33 total=34
[GIN] 2026/09/12 - 10:16:03 | 200 |  500.115541ms |       127.0.0.1 | POST     "/api/chat"
time=2026-09-12T10:16:03.121+08:00 level=INFO source=server.go:225 msg=ServeHTTP method=POST path=/v1/completions took=493.8725ms status="200 OK"
time=2026-09-12T10:16:03.127+08:00 level=INFO source=pipeline.go:91 msg="peak memory" size="28.73 GiB"
time=2026-09-12T10:16:03.223+08:00 level=INFO source=server.go:225 msg=ServeHTTP method=GET path=/v1/status took=30.291µs status="200 OK"
time=2026-09-12T10:16:03.226+08:00 level=INFO source=prefix_cache.go:124 msg="cache hit" total=2090 matched=259 cached=258 left=1832
time=2026-09-12T10:16:04.088+08:00 level=INFO source=pipeline.go:200 msg="Prompt processing progress" processed=1831 total=1832
[GIN] 2026/09/12 - 10:16:04 | 200 |     1.549444s |       127.0.0.1 | POST     "/api/chat"
time=2026-09-12T10:16:04.766+08:00 level=INFO source=server.go:225 msg=ServeHTTP method=POST path=/v1/completions took=1.543246916s status="200 OK"
time=2026-09-12T10:16:04.773+08:00 level=INFO source=pipeline.go:91 msg="peak memory" size="30.47 GiB"
time=2026-09-12T10:16:04.871+08:00 level=INFO source=server.go:225 msg=ServeHTTP method=GET path=/v1/status took=40.958µs status="200 OK"
time=2026-09-12T10:16:04.875+08:00 level=INFO source=prefix_cache.go:124 msg="cache hit" total=2057 matched=289 cached=259 left=1798
time=2026-09-12T10:16:05.721+08:00 level=INFO source=pipeline.go:200 msg="Prompt processing progress" processed=1797 total=1798
[GIN] 2026/09/12 - 10:16:08 | 200 |  3.193904417s |       127.0.0.1 | POST     "/api/chat"
time=2026-09-12T10:16:08.059+08:00 level=INFO source=server.go:225 msg=ServeHTTP method=POST path=/v1/completions took=3.18769025s status="200 OK"
time=2026-09-12T10:16:08.073+08:00 level=INFO source=pipeline.go:91 msg="peak memory" size="30.50 GiB"
time=2026-09-12T10:16:08.166+08:00 level=INFO source=server.go:225 msg=ServeHTTP method=GET path=/v1/status took=35.792µs status="200 OK"
time=2026-09-12T10:16:08.178+08:00 level=INFO source=prefix_cache.go:124 msg="cache hit" total=2114 matched=2097 cached=2095 left=19
time=2026-09-12T10:16:08.240+08:00 level=INFO source=pipeline.go:200 msg="Prompt processing progress" processed=18 total=19
[GIN] 2026/09/12 - 10:16:08 | 200 |  563.839458ms |       127.0.0.1 | POST     "/api/chat"
time=2026-09-12T10:16:08.724+08:00 level=INFO source=server.go:225 msg=ServeHTTP method=POST path=/v1/completions took=557.55425ms status="200 OK"
time=2026-09-12T10:16:08.731+08:00 level=INFO source=pipeline.go:91 msg="peak memory" size="28.85 GiB"
time=2026-09-12T10:16:08.733+08:00 level=INFO source=server.go:225 msg=ServeHTTP method=GET path=/v1/status took=40.958µs status="200 OK"
time=2026-09-12T10:16:08.736+08:00 level=INFO source=prefix_cache.go:124 msg="cache hit" total=2188 matched=2171 cached=2169 left=19
time=2026-09-12T10:16:08.798+08:00 level=INFO source=pipeline.go:200 msg="Prompt processing progress" processed=18 total=19
[GIN] 2026/09/12 - 10:16:09 | 200 |  524.894125ms |       127.0.0.1 | POST     "/api/chat"
time=2026-09-12T10:16:09.251+08:00 level=INFO source=server.go:225 msg=ServeHTTP method=POST path=/v1/completions took=518.5505ms status="200 OK"
time=2026-09-12T10:16:09.259+08:00 level=INFO source=pipeline.go:91 msg="peak memory" size="28.77 GiB"
time=2026-09-12T10:16:09.352+08:00 level=INFO source=server.go:225 msg=ServeHTTP method=GET path=/v1/status took=58.292µs status="200 OK"
time=2026-09-12T10:16:09.354+08:00 level=INFO source=prefix_cache.go:124 msg="cache hit" total=2117 matched=259 cached=259 left=1858
time=2026-09-12T10:16:10.223+08:00 level=INFO source=pipeline.go:200 msg="Prompt processing progress" processed=1857 total=1858
[GIN] 2026/09/12 - 10:16:10 | 200 |  1.381156625s |       127.0.0.1 | POST     "/api/chat"
time=2026-09-12T10:16:10.727+08:00 level=INFO source=server.go:225 msg=ServeHTTP method=POST path=/v1/completions took=1.374867625s status="200 OK"
time=2026-09-12T10:16:10.732+08:00 level=INFO source=pipeline.go:91 msg="peak memory" size="30.31 GiB"
time=2026-09-12T10:16:10.832+08:00 level=INFO source=server.go:225 msg=ServeHTTP method=GET path=/v1/status took=52µs status="200 OK"
time=2026-09-12T10:16:10.834+08:00 level=INFO source=prefix_cache.go:124 msg="cache hit" total=2068 matched=289 cached=259 left=1809
time=2026-09-12T10:16:11.689+08:00 level=INFO source=pipeline.go:200 msg="Prompt processing progress" processed=1808 total=1809
[GIN] 2026/09/12 - 10:16:12 | 200 |  1.364430917s |       127.0.0.1 | POST     "/api/chat"
time=2026-09-12T10:16:12.190+08:00 level=INFO source=server.go:225 msg=ServeHTTP method=POST path=/v1/completions took=1.358219333s status="200 OK"
time=2026-09-12T10:16:12.199+08:00 level=INFO source=pipeline.go:91 msg="peak memory" size="30.51 GiB"
time=2026-09-12T10:16:12.296+08:00 level=INFO source=server.go:225 msg=ServeHTTP method=GET path=/v1/status took=38.125µs status="200 OK"
time=2026-09-12T10:16:12.302+08:00 level=INFO source=prefix_cache.go:124 msg="cache hit" total=2114 matched=2094 cached=2094 left=20
time=2026-09-12T10:16:12.365+08:00 level=INFO source=pipeline.go:200 msg="Prompt processing progress" processed=19 total=20
[GIN] 2026/09/12 - 10:16:12 | 200 |  468.752209ms |       127.0.0.1 | POST     "/api/chat"
time=2026-09-12T10:16:12.759+08:00 level=INFO source=server.go:225 msg=ServeHTTP method=POST path=/v1/completions took=462.23225ms status="200 OK"
time=2026-09-12T10:16:12.766+08:00 level=INFO source=pipeline.go:91 msg="peak memory" size="28.70 GiB"
time=2026-09-12T10:16:12.768+08:00 level=INFO source=server.go:225 msg=ServeHTTP method=GET path=/v1/status took=31.375µs status="200 OK"
time=2026-09-12T10:16:12.773+08:00 level=INFO source=prefix_cache.go:124 msg="cache hit" total=2188 matched=2168 cached=2168 left=20
time=2026-09-12T10:16:12.842+08:00 level=INFO source=pipeline.go:200 msg="Prompt processing progress" processed=19 total=20
[GIN] 2026/09/12 - 10:16:13 | 200 |  472.419416ms |       127.0.0.1 | POST     "/api/chat"
time=2026-09-12T10:16:13.235+08:00 level=INFO source=server.go:225 msg=ServeHTTP method=POST path=/v1/completions took=466.125167ms status="200 OK"
time=2026-09-12T10:16:13.241+08:00 level=INFO source=pipeline.go:91 msg="peak memory" size="28.82 GiB"
time=2026-09-12T10:16:13.335+08:00 level=INFO source=server.go:225 msg=ServeHTTP method=GET path=/v1/status took=40.959µs status="200 OK"
time=2026-09-12T10:16:13.337+08:00 level=INFO source=prefix_cache.go:124 msg="cache hit" total=2099 matched=258 cached=258 left=1841
time=2026-09-12T10:16:14.187+08:00 level=INFO source=pipeline.go:200 msg="Prompt processing progress" processed=1840 total=1841
time=2026-09-12T10:16:14.778+08:00 level=INFO source=server.go:225 msg=ServeHTTP method=POST path=/v1/completions took=1.442197833s status="200 OK"
[GIN] 2026/09/12 - 10:16:14 | 200 |  1.448363458s |       127.0.0.1 | POST     "/api/chat"
time=2026-09-12T10:16:14.784+08:00 level=INFO source=pipeline.go:91 msg="peak memory" size="30.36 GiB"
time=2026-09-12T10:16:14.882+08:00 level=INFO source=server.go:225 msg=ServeHTTP method=GET path=/v1/status took=32.042µs status="200 OK"
time=2026-09-12T10:16:14.885+08:00 level=INFO source=prefix_cache.go:124 msg="cache hit" total=2019 matched=289 cached=258 left=1761
time=2026-09-12T10:16:15.712+08:00 level=INFO source=pipeline.go:200 msg="Prompt processing progress" processed=1760 total=1761
[GIN] 2026/09/12 - 10:16:16 | 200 |  1.374234667s |       127.0.0.1 | POST     "/api/chat"
time=2026-09-12T10:16:16.250+08:00 level=INFO source=server.go:225 msg=ServeHTTP method=POST path=/v1/completions took=1.367936292s status="200 OK"
time=2026-09-12T10:16:16.259+08:00 level=INFO source=pipeline.go:91 msg="peak memory" size="30.47 GiB"
time=2026-09-12T10:16:16.363+08:00 level=INFO source=server.go:225 msg=ServeHTTP method=GET path=/v1/status took=39.833µs status="200 OK"
time=2026-09-12T10:16:16.374+08:00 level=INFO source=prefix_cache.go:124 msg="cache hit" total=2110 matched=2096 cached=2094 left=16
time=2026-09-12T10:16:16.433+08:00 level=INFO source=pipeline.go:200 msg="Prompt processing progress" processed=15 total=16
[GIN] 2026/09/12 - 10:16:16 | 200 |  481.936291ms |       127.0.0.1 | POST     "/api/chat"
time=2026-09-12T10:16:16.838+08:00 level=INFO source=server.go:225 msg=ServeHTTP method=POST path=/v1/completions took=475.268291ms status="200 OK"
time=2026-09-12T10:16:16.846+08:00 level=INFO source=pipeline.go:91 msg="peak memory" size="29.02 GiB"
time=2026-09-12T10:16:16.848+08:00 level=INFO source=server.go:225 msg=ServeHTTP method=GET path=/v1/status took=35.75µs status="200 OK"
time=2026-09-12T10:16:16.850+08:00 level=INFO source=prefix_cache.go:124 msg="cache hit" total=2184 matched=2170 cached=2168 left=16
time=2026-09-12T10:16:16.912+08:00 level=INFO source=pipeline.go:200 msg="Prompt processing progress" processed=15 total=16
[GIN] 2026/09/12 - 10:16:17 | 200 |  469.145125ms |       127.0.0.1 | POST     "/api/chat"
time=2026-09-12T10:16:17.311+08:00 level=INFO source=server.go:225 msg=ServeHTTP method=POST path=/v1/completions took=462.661833ms status="200 OK"
time=2026-09-12T10:16:17.317+08:00 level=INFO source=pipeline.go:91 msg="peak memory" size="28.79 GiB"
time=2026-09-12T10:16:17.389+08:00 level=INFO source=server.go:225 msg=ServeHTTP method=GET path=/v1/status took=36.208µs status="200 OK"
time=2026-09-12T10:16:17.393+08:00 level=INFO source=prefix_cache.go:124 msg="cache hit" total=2108 matched=259 cached=259 left=1849
time=2026-09-12T10:16:18.251+08:00 level=INFO source=pipeline.go:200 msg="Prompt processing progress" processed=1848 total=1849
[GIN] 2026/09/12 - 10:16:18 | 200 |  1.385121583s |       127.0.0.1 | POST     "/api/chat"
time=2026-09-12T10:16:18.768+08:00 level=INFO source=server.go:225 msg=ServeHTTP method=POST path=/v1/completions took=1.378536792s status="200 OK"
time=2026-09-12T10:16:18.774+08:00 level=INFO source=pipeline.go:91 msg="peak memory" size="30.36 GiB"
time=2026-09-12T10:16:18.848+08:00 level=INFO source=server.go:225 msg=ServeHTTP method=GET path=/v1/status took=36.958µs status="200 OK"
time=2026-09-12T10:16:18.855+08:00 level=INFO source=prefix_cache.go:124 msg="cache hit" total=2040 matched=289 cached=259 left=1781
time=2026-09-12T10:16:19.690+08:00 level=INFO source=pipeline.go:200 msg="Prompt processing progress" processed=1780 total=1781
[GIN] 2026/09/12 - 10:16:20 | 200 |  1.372450167s |       127.0.0.1 | POST     "/api/chat"
time=2026-09-12T10:16:20.215+08:00 level=INFO source=server.go:225 msg=ServeHTTP method=POST path=/v1/completions took=1.366306583s status="200 OK"
time=2026-09-12T10:16:20.222+08:00 level=INFO source=pipeline.go:91 msg="peak memory" size="30.46 GiB"
time=2026-09-12T10:16:20.322+08:00 level=INFO source=server.go:225 msg=ServeHTTP method=GET path=/v1/status took=35µs status="200 OK"
time=2026-09-12T10:16:20.327+08:00 level=INFO source=prefix_cache.go:124 msg="cache hit" total=2110 matched=2095 cached=2094 left=16
time=2026-09-12T10:16:20.386+08:00 level=INFO source=pipeline.go:200 msg="Prompt processing progress" processed=15 total=16
[GIN] 2026/09/12 - 10:16:20 | 200 |  471.329709ms |       127.0.0.1 | POST     "/api/chat"
time=2026-09-12T10:16:20.787+08:00 level=INFO source=server.go:225 msg=ServeHTTP method=POST path=/v1/completions took=465.305709ms status="200 OK"
time=2026-09-12T10:16:20.795+08:00 level=INFO source=pipeline.go:91 msg="peak memory" size="28.89 GiB"
time=2026-09-12T10:16:20.797+08:00 level=INFO source=server.go:225 msg=ServeHTTP method=GET path=/v1/status took=32.458µs status="200 OK"
time=2026-09-12T10:16:20.799+08:00 level=INFO source=prefix_cache.go:124 msg="cache hit" total=2184 matched=2169 cached=2168 left=16
time=2026-09-12T10:16:20.860+08:00 level=INFO source=pipeline.go:200 msg="Prompt processing progress" processed=15 total=16
[GIN] 2026/09/12 - 10:16:21 | 200 |  463.394542ms |       127.0.0.1 | POST     "/api/chat"
time=2026-09-12T10:16:21.254+08:00 level=INFO source=server.go:225 msg=ServeHTTP method=POST path=/v1/completions took=456.705583ms status="200 OK"
time=2026-09-12T10:16:21.260+08:00 level=INFO source=pipeline.go:91 msg="peak memory" size="28.63 GiB"
time=2026-09-12T10:16:21.304+08:00 level=INFO source=server.go:225 msg=ServeHTTP method=GET path=/v1/status took=42.042µs status="200 OK"
time=2026-09-12T10:16:21.310+08:00 level=INFO source=prefix_cache.go:124 msg="cache hit" total=2109 matched=259 cached=258 left=1851
time=2026-09-12T10:16:22.170+08:00 level=INFO source=pipeline.go:200 msg="Prompt processing progress" processed=1850 total=1851
[GIN] 2026/09/12 - 10:16:22 | 200 |  1.413195458s |       127.0.0.1 | POST     "/api/chat"
time=2026-09-12T10:16:22.711+08:00 level=INFO source=server.go:225 msg=ServeHTTP method=POST path=/v1/completions took=1.407170792s status="200 OK"
time=2026-09-12T10:16:22.719+08:00 level=INFO source=pipeline.go:91 msg="peak memory" size="30.50 GiB"
time=2026-09-12T10:16:22.762+08:00 level=INFO source=server.go:225 msg=ServeHTTP method=GET path=/v1/status took=47.792µs status="200 OK"
time=2026-09-12T10:16:22.764+08:00 level=INFO source=prefix_cache.go:124 msg="cache hit" total=2019 matched=289 cached=259 left=1760
time=2026-09-12T10:16:23.595+08:00 level=INFO source=pipeline.go:200 msg="Prompt processing progress" processed=1759 total=1760
[GIN] 2026/09/12 - 10:16:24 | 200 |  1.376310125s |       127.0.0.1 | POST     "/api/chat"
time=2026-09-12T10:16:24.133+08:00 level=INFO source=server.go:225 msg=ServeHTTP method=POST path=/v1/completions took=1.370055625s status="200 OK"
time=2026-09-12T10:16:24.139+08:00 level=INFO source=pipeline.go:91 msg="peak memory" size="30.33 GiB"
time=2026-09-12T10:16:24.240+08:00 level=INFO source=server.go:225 msg=ServeHTTP method=GET path=/v1/status took=38.667µs status="200 OK"
time=2026-09-12T10:16:24.258+08:00 level=INFO source=prefix_cache.go:124 msg="cache hit" total=2111 matched=2097 cached=2095 left=16
time=2026-09-12T10:16:24.321+08:00 level=INFO source=pipeline.go:200 msg="Prompt processing progress" processed=15 total=16
[GIN] 2026/09/12 - 10:16:24 | 200 |     483.041ms |       127.0.0.1 | POST     "/api/chat"
time=2026-09-12T10:16:24.717+08:00 level=INFO source=server.go:225 msg=ServeHTTP method=POST path=/v1/completions took=476.7905ms status="200 OK"
time=2026-09-12T10:16:24.724+08:00 level=INFO source=pipeline.go:91 msg="peak memory" size="29.39 GiB"
time=2026-09-12T10:16:24.727+08:00 level=INFO source=server.go:225 msg=ServeHTTP method=GET path=/v1/status took=37.209µs status="200 OK"
time=2026-09-12T10:16:24.730+08:00 level=INFO source=prefix_cache.go:124 msg="cache hit" total=2185 matched=2171 cached=2169 left=16
time=2026-09-12T10:16:24.789+08:00 level=INFO source=pipeline.go:200 msg="Prompt processing progress" processed=15 total=16
[GIN] 2026/09/12 - 10:16:25 | 200 |  526.440584ms |       127.0.0.1 | POST     "/api/chat"
time=2026-09-12T10:16:25.247+08:00 level=INFO source=server.go:225 msg=ServeHTTP method=POST path=/v1/completions took=519.83825ms status="200 OK"
time=2026-09-12T10:16:25.253+08:00 level=INFO source=pipeline.go:91 msg="peak memory" size="28.72 GiB"
time=2026-09-12T10:16:25.300+08:00 level=INFO source=server.go:225 msg=ServeHTTP method=GET path=/v1/status took=34.667µs status="200 OK"
time=2026-09-12T10:16:25.306+08:00 level=INFO source=prefix_cache.go:124 msg="cache hit" total=2113 matched=259 cached=259 left=1854
time=2026-09-12T10:16:26.169+08:00 level=INFO source=pipeline.go:200 msg="Prompt processing progress" processed=1853 total=1854
[GIN] 2026/09/12 - 10:16:26 | 200 |  1.370300459s |       127.0.0.1 | POST     "/api/chat"
time=2026-09-12T10:16:26.664+08:00 level=INFO source=server.go:225 msg=ServeHTTP method=POST path=/v1/completions took=1.364103292s status="200 OK"
time=2026-09-12T10:16:26.672+08:00 level=INFO source=pipeline.go:91 msg="peak memory" size="30.37 GiB"
time=2026-09-12T10:16:26.719+08:00 level=INFO source=server.go:225 msg=ServeHTTP method=GET path=/v1/status took=36.708µs status="200 OK"
time=2026-09-12T10:16:26.720+08:00 level=INFO source=prefix_cache.go:124 msg="cache hit" total=2015 matched=289 cached=259 left=1756
time=2026-09-12T10:16:27.548+08:00 level=INFO source=pipeline.go:200 msg="Prompt processing progress" processed=1755 total=1756
[GIN] 2026/09/12 - 10:16:28 | 200 |  1.325114541s |       127.0.0.1 | POST     "/api/chat"
time=2026-09-12T10:16:28.038+08:00 level=INFO source=server.go:225 msg=ServeHTTP method=POST path=/v1/completions took=1.318654875s status="200 OK"
time=2026-09-12T10:16:28.044+08:00 level=INFO source=pipeline.go:91 msg="peak memory" size="30.37 GiB"
time=2026-09-12T10:16:28.144+08:00 level=INFO source=server.go:225 msg=ServeHTTP method=GET path=/v1/status took=53.583µs status="200 OK"
time=2026-09-12T10:16:28.149+08:00 level=INFO source=prefix_cache.go:124 msg="cache hit" total=2111 matched=2095 cached=2095 left=16
time=2026-09-12T10:16:28.213+08:00 level=INFO source=pipeline.go:200 msg="Prompt processing progress" processed=15 total=16
[GIN] 2026/09/12 - 10:16:28 | 200 |    469.6575ms |       127.0.0.1 | POST     "/api/chat"
time=2026-09-12T10:16:28.608+08:00 level=INFO source=server.go:225 msg=ServeHTTP method=POST path=/v1/completions took=463.573875ms status="200 OK"
time=2026-09-12T10:16:28.614+08:00 level=INFO source=pipeline.go:91 msg="peak memory" size="29.03 GiB"
time=2026-09-12T10:16:28.617+08:00 level=INFO source=server.go:225 msg=ServeHTTP method=GET path=/v1/status took=34.833µs status="200 OK"
time=2026-09-12T10:16:28.622+08:00 level=INFO source=prefix_cache.go:124 msg="cache hit" total=2185 matched=2169 cached=2169 left=16
time=2026-09-12T10:16:28.680+08:00 level=INFO source=pipeline.go:200 msg="Prompt processing progress" processed=15 total=16
[GIN] 2026/09/12 - 10:16:29 | 200 |  467.775833ms |       127.0.0.1 | POST     "/api/chat"
time=2026-09-12T10:16:29.079+08:00 level=INFO source=server.go:225 msg=ServeHTTP method=POST path=/v1/completions took=461.534458ms status="200 OK"
time=2026-09-12T10:16:29.085+08:00 level=INFO source=pipeline.go:91 msg="peak memory" size="28.82 GiB"
time=2026-09-12T10:16:29.157+08:00 level=INFO source=server.go:225 msg=ServeHTTP method=GET path=/v1/status took=42.625µs status="200 OK"
time=2026-09-12T10:16:29.158+08:00 level=INFO source=prefix_cache.go:124 msg="cache hit" total=2085 matched=260 cached=259 left=1826
time=2026-09-12T10:16:30.016+08:00 level=INFO source=pipeline.go:200 msg="Prompt processing progress" processed=1825 total=1826
[GIN] 2026/09/12 - 10:16:30 | 200 |  1.372322584s |       127.0.0.1 | POST     "/api/chat"
time=2026-09-12T10:16:30.523+08:00 level=INFO source=server.go:225 msg=ServeHTTP method=POST path=/v1/completions took=1.365904125s status="200 OK"
time=2026-09-12T10:16:30.530+08:00 level=INFO source=pipeline.go:91 msg="peak memory" size="30.50 GiB"
time=2026-09-12T10:16:30.603+08:00 level=INFO source=server.go:225 msg=ServeHTTP method=GET path=/v1/status took=38.917µs status="200 OK"
time=2026-09-12T10:16:30.605+08:00 level=INFO source=prefix_cache.go:124 msg="cache hit" total=2045 matched=289 cached=260 left=1785
time=2026-09-12T10:16:31.438+08:00 level=INFO source=pipeline.go:200 msg="Prompt processing progress" processed=1784 total=1785
time=2026-09-12T10:16:31.945+08:00 level=INFO source=server.go:225 msg=ServeHTTP method=POST path=/v1/completions took=1.3415125s status="200 OK"
[GIN] 2026/09/12 - 10:16:31 | 200 |  1.347608209s |       127.0.0.1 | POST     "/api/chat"
time=2026-09-12T10:16:31.952+08:00 level=INFO source=pipeline.go:91 msg="peak memory" size="30.46 GiB"
time=2026-09-12T10:16:32.000+08:00 level=INFO source=server.go:225 msg=ServeHTTP method=GET path=/v1/status took=36.959µs status="200 OK"
time=2026-09-12T10:16:32.003+08:00 level=INFO source=prefix_cache.go:124 msg="cache hit" total=5083 matched=3 cached=3 left=5080
time=2026-09-12T10:16:32.972+08:00 level=INFO source=pipeline.go:200 msg="Prompt processing progress" processed=2048 total=5080
time=2026-09-12T10:16:33.994+08:00 level=INFO source=pipeline.go:200 msg="Prompt processing progress" processed=4096 total=5080
time=2026-09-12T10:16:34.553+08:00 level=INFO source=pipeline.go:200 msg="Prompt processing progress" processed=5079 total=5080
time=2026-09-12T10:17:04.419+08:00 level=INFO source=server.go:225 msg=ServeHTTP method=POST path=/v1/completions took=32.419141792s status="200 OK"
[GIN] 2026/09/12 - 10:17:04 | 200 | 32.425689042s |       127.0.0.1 | POST     "/api/chat"
time=2026-09-12T10:17:04.424+08:00 level=INFO source=pipeline.go:91 msg="peak memory" size="30.57 GiB"
time=2026-09-12T10:17:04.461+08:00 level=INFO source=server.go:225 msg=ServeHTTP method=GET path=/v1/status took=28.166µs status="200 OK"
time=2026-09-12T10:17:04.465+08:00 level=INFO source=prefix_cache.go:124 msg="cache hit" total=7103 matched=202 cached=3 left=7100
time=2026-09-12T10:18:47.051+08:00 level=INFO source=pipeline.go:200 msg="Prompt processing progress" processed=2048 total=7100
time=2026-09-12T10:18:47.939+08:00 level=INFO source=pipeline.go:200 msg="Prompt processing progress" processed=4096 total=7100
time=2026-09-12T10:18:48.863+08:00 level=INFO source=pipeline.go:200 msg="Prompt processing progress" processed=6144 total=7100
time=2026-09-12T10:18:49.361+08:00 level=INFO source=pipeline.go:200 msg="Prompt processing progress" processed=7099 total=7100
[GIN] 2026/09/12 - 10:19:19 | 200 | 34.004704375s |       127.0.0.1 | POST     "/api/chat"
time=2026-09-12T10:19:19.956+08:00 level=INFO source=server.go:225 msg=ServeHTTP method=POST path=/v1/completions took=33.998547041s status="200 OK"
time=2026-09-12T10:19:19.961+08:00 level=INFO source=pipeline.go:91 msg="peak memory" size="30.83 GiB"
time=2026-09-12T10:19:19.998+08:00 level=INFO source=server.go:225 msg=ServeHTTP method=GET path=/v1/status took=126.541µs status="200 OK"
time=2026-09-12T10:19:20.004+08:00 level=INFO source=prefix_cache.go:124 msg="cache hit" total=7091 matched=220 cached=202 left=6889
time=2026-09-12T10:19:20.851+08:00 level=INFO source=pipeline.go:200 msg="Prompt processing progress" processed=2048 total=6889
time=2026-09-12T10:19:21.734+08:00 level=INFO source=pipeline.go:200 msg="Prompt processing progress" processed=4096 total=6889
time=2026-09-12T10:19:22.659+08:00 level=INFO source=pipeline.go:200 msg="Prompt processing progress" processed=6144 total=6889
time=2026-09-12T10:19:23.071+08:00 level=INFO source=pipeline.go:200 msg="Prompt processing progress" processed=6888 total=6889
[GIN] 2026/09/12 - 10:19:54 | 200 | 34.864897375s |       127.0.0.1 | POST     "/api/chat"
time=2026-09-12T10:19:54.856+08:00 level=INFO source=server.go:225 msg=ServeHTTP method=POST path=/v1/completions took=34.858326084s status="200 OK"
time=2026-09-12T10:19:54.863+08:00 level=INFO source=pipeline.go:91 msg="peak memory" size="30.87 GiB"
time=2026-09-12T10:19:54.908+08:00 level=INFO source=server.go:225 msg=ServeHTTP method=GET path=/v1/status took=40.708µs status="200 OK"
time=2026-09-12T10:19:54.913+08:00 level=INFO source=prefix_cache.go:124 msg="cache hit" total=7086 matched=224 cached=220 left=6866
time=2026-09-12T10:19:56.353+08:00 level=INFO source=pipeline.go:200 msg="Prompt processing progress" processed=2048 total=6866
time=2026-09-12T10:19:57.386+08:00 level=INFO source=pipeline.go:200 msg="Prompt processing progress" processed=4096 total=6866
time=2026-09-12T10:19:58.563+08:00 level=INFO source=pipeline.go:200 msg="Prompt processing progress" processed=6144 total=6866
time=2026-09-12T10:19:59.028+08:00 level=INFO source=pipeline.go:200 msg="Prompt processing progress" processed=6865 total=6866
time=2026-09-12T10:20:34.147+08:00 level=INFO source=server.go:225 msg=ServeHTTP method=POST path=/v1/completions took=39.238376708s status="200 OK"
[GIN] 2026/09/12 - 10:20:34 | 200 | 39.248394875s |       127.0.0.1 | POST     "/api/chat"
time=2026-09-12T10:20:34.154+08:00 level=INFO source=pipeline.go:91 msg="peak memory" size="30.82 GiB"
time=2026-09-12T10:20:34.193+08:00 level=INFO source=server.go:225 msg=ServeHTTP method=GET path=/v1/status took=36.208µs status="200 OK"
time=2026-09-12T10:20:34.199+08:00 level=INFO source=prefix_cache.go:124 msg="cache hit" total=7091 matched=224 cached=224 left=6867
time=2026-09-12T10:20:35.473+08:00 level=INFO source=pipeline.go:200 msg="Prompt processing progress" processed=2048 total=6867
time=2026-09-12T10:20:36.863+08:00 level=INFO source=pipeline.go:200 msg="Prompt processing progress" processed=4096 total=6867
time=2026-09-12T10:20:38.317+08:00 level=INFO source=pipeline.go:200 msg="Prompt processing progress" processed=6144 total=6867
time=2026-09-12T10:20:38.966+08:00 level=INFO source=pipeline.go:200 msg="Prompt processing progress" processed=6866 total=6867
time=2026-09-12T10:21:09.857+08:00 level=INFO source=server.go:225 msg=ServeHTTP method=POST path=/v1/completions took=35.663684s status="200 OK"
[GIN] 2026/09/12 - 10:21:09 | 200 | 35.670359334s |       127.0.0.1 | POST     "/api/chat"
time=2026-09-12T10:21:09.862+08:00 level=INFO source=pipeline.go:91 msg="peak memory" size="30.73 GiB"
time=2026-09-12T10:21:09.899+08:00 level=INFO source=server.go:225 msg=ServeHTTP method=GET path=/v1/status took=37.333µs status="200 OK"
time=2026-09-12T10:21:09.903+08:00 level=INFO source=prefix_cache.go:124 msg="cache hit" total=7110 matched=224 cached=224 left=6886
time=2026-09-12T10:21:10.767+08:00 level=INFO source=pipeline.go:200 msg="Prompt processing progress" processed=2048 total=6886
time=2026-09-12T10:21:11.671+08:00 level=INFO source=pipeline.go:200 msg="Prompt processing progress" processed=4096 total=6886
time=2026-09-12T10:21:12.615+08:00 level=INFO source=pipeline.go:200 msg="Prompt processing progress" processed=6144 total=6886
time=2026-09-12T10:21:13.042+08:00 level=INFO source=pipeline.go:200 msg="Prompt processing progress" processed=6885 total=6886
[GIN] 2026/09/12 - 10:21:41 | 200 | 31.697474666s |       127.0.0.1 | POST     "/api/chat"
time=2026-09-12T10:21:41.590+08:00 level=INFO source=server.go:225 msg=ServeHTTP method=POST path=/v1/completions took=31.690943375s status="200 OK"
time=2026-09-12T10:21:41.596+08:00 level=INFO source=pipeline.go:91 msg="peak memory" size="30.78 GiB"
time=2026-09-12T10:21:41.633+08:00 level=INFO source=server.go:225 msg=ServeHTTP method=GET path=/v1/status took=32.958µs status="200 OK"
time=2026-09-12T10:21:41.638+08:00 level=INFO source=prefix_cache.go:124 msg="cache hit" total=7093 matched=224 cached=224 left=6869
time=2026-09-12T10:21:42.506+08:00 level=INFO source=pipeline.go:200 msg="Prompt processing progress" processed=2048 total=6869
time=2026-09-12T10:21:43.409+08:00 level=INFO source=pipeline.go:200 msg="Prompt processing progress" processed=4096 total=6869
time=2026-09-12T10:21:44.355+08:00 level=INFO source=pipeline.go:200 msg="Prompt processing progress" processed=6144 total=6869
time=2026-09-12T10:21:44.777+08:00 level=INFO source=pipeline.go:200 msg="Prompt processing progress" processed=6868 total=6869
time=2026-09-12T10:22:13.349+08:00 level=INFO source=server.go:225 msg=ServeHTTP method=POST path=/v1/completions took=31.716677875s status="200 OK"
[GIN] 2026/09/12 - 10:22:13 | 200 | 31.723164167s |       127.0.0.1 | POST     "/api/chat"
time=2026-09-12T10:22:13.355+08:00 level=INFO source=pipeline.go:91 msg="peak memory" size="30.80 GiB"
time=2026-09-12T10:22:13.394+08:00 level=INFO source=server.go:225 msg=ServeHTTP method=GET path=/v1/status took=37.792µs status="200 OK"
time=2026-09-12T10:22:13.399+08:00 level=INFO source=prefix_cache.go:124 msg="cache hit" total=7082 matched=224 cached=224 left=6858
time=2026-09-12T10:22:14.357+08:00 level=INFO source=pipeline.go:200 msg="Prompt processing progress" processed=2048 total=6858
time=2026-09-12T10:22:15.455+08:00 level=INFO source=pipeline.go:200 msg="Prompt processing progress" processed=4096 total=6858
time=2026-09-12T10:22:16.551+08:00 level=INFO source=pipeline.go:200 msg="Prompt processing progress" processed=6144 total=6858
time=2026-09-12T10:22:17.010+08:00 level=INFO source=pipeline.go:200 msg="Prompt processing progress" processed=6857 total=6858
[GIN] 2026/09/12 - 10:22:45 | 200 | 31.995153083s |       127.0.0.1 | POST     "/api/chat"
time=2026-09-12T10:22:45.383+08:00 level=INFO source=server.go:225 msg=ServeHTTP method=POST path=/v1/completions took=31.988940292s status="200 OK"
time=2026-09-12T10:22:45.389+08:00 level=INFO source=pipeline.go:91 msg="peak memory" size="30.81 GiB"
time=2026-09-12T10:22:45.426+08:00 level=INFO source=server.go:225 msg=ServeHTTP method=GET path=/v1/status took=34.667µs status="200 OK"
time=2026-09-12T10:22:45.434+08:00 level=INFO source=prefix_cache.go:124 msg="cache hit" total=7092 matched=224 cached=224 left=6868
time=2026-09-12T10:22:46.299+08:00 level=INFO source=pipeline.go:200 msg="Prompt processing progress" processed=2048 total=6868
time=2026-09-12T10:22:47.212+08:00 level=INFO source=pipeline.go:200 msg="Prompt processing progress" processed=4096 total=6868
time=2026-09-12T10:22:48.176+08:00 level=INFO source=pipeline.go:200 msg="Prompt processing progress" processed=6144 total=6868
time=2026-09-12T10:22:48.626+08:00 level=INFO source=pipeline.go:200 msg="Prompt processing progress" processed=6867 total=6868
time=2026-09-12T10:23:16.764+08:00 level=INFO source=server.go:225 msg=ServeHTTP method=POST path=/v1/completions took=31.338380792s status="200 OK"
[GIN] 2026/09/12 - 10:23:16 | 200 | 31.344704708s |       127.0.0.1 | POST     "/api/chat"
time=2026-09-12T10:23:16.770+08:00 level=INFO source=pipeline.go:91 msg="peak memory" size="30.76 GiB"
time=2026-09-12T10:23:16.807+08:00 level=INFO source=server.go:225 msg=ServeHTTP method=GET path=/v1/status took=33.75µs status="200 OK"
time=2026-09-12T10:23:16.812+08:00 level=INFO source=prefix_cache.go:124 msg="cache hit" total=7120 matched=224 cached=224 left=6896
time=2026-09-12T10:23:17.674+08:00 level=INFO source=pipeline.go:200 msg="Prompt processing progress" processed=2048 total=6896
time=2026-09-12T10:23:18.580+08:00 level=INFO source=pipeline.go:200 msg="Prompt processing progress" processed=4096 total=6896
time=2026-09-12T10:23:19.526+08:00 level=INFO source=pipeline.go:200 msg="Prompt processing progress" processed=6144 total=6896
time=2026-09-12T10:23:19.957+08:00 level=INFO source=pipeline.go:200 msg="Prompt processing progress" processed=6895 total=6896
[GIN] 2026/09/12 - 10:23:47 | 200 | 31.098797833s |       127.0.0.1 | POST     "/api/chat"
time=2026-09-12T10:23:47.900+08:00 level=INFO source=server.go:225 msg=ServeHTTP method=POST path=/v1/completions took=31.092657875s status="200 OK"
time=2026-09-12T10:23:47.905+08:00 level=INFO source=pipeline.go:91 msg="peak memory" size="30.77 GiB"
time=2026-09-12T10:23:47.941+08:00 level=INFO source=server.go:225 msg=ServeHTTP method=GET path=/v1/status took=28.5µs status="200 OK"
time=2026-09-12T10:23:47.946+08:00 level=INFO source=prefix_cache.go:124 msg="cache hit" total=7049 matched=224 cached=224 left=6825
time=2026-09-12T10:23:48.839+08:00 level=INFO source=pipeline.go:200 msg="Prompt processing progress" processed=2048 total=6825
time=2026-09-12T10:23:49.859+08:00 level=INFO source=pipeline.go:200 msg="Prompt processing progress" processed=4096 total=6825
time=2026-09-12T10:23:50.887+08:00 level=INFO source=pipeline.go:200 msg="Prompt processing progress" processed=6144 total=6825
time=2026-09-12T10:23:51.311+08:00 level=INFO source=pipeline.go:200 msg="Prompt processing progress" processed=6824 total=6825
time=2026-09-12T10:24:19.336+08:00 level=INFO source=server.go:225 msg=ServeHTTP method=POST path=/v1/completions took=31.39472175s status="200 OK"
[GIN] 2026/09/12 - 10:24:19 | 200 | 31.401246625s |       127.0.0.1 | POST     "/api/chat"
time=2026-09-12T10:24:19.341+08:00 level=INFO source=pipeline.go:91 msg="peak memory" size="30.79 GiB"
time=2026-09-12T10:24:19.375+08:00 level=INFO source=server.go:225 msg=ServeHTTP method=GET path=/v1/status took=37.208µs status="200 OK"
time=2026-09-12T10:24:19.379+08:00 level=INFO source=prefix_cache.go:124 msg="cache hit" total=7044 matched=228 cached=224 left=6820
time=2026-09-12T10:24:20.245+08:00 level=INFO source=pipeline.go:200 msg="Prompt processing progress" processed=2048 total=6820
time=2026-09-12T10:24:21.146+08:00 level=INFO source=pipeline.go:200 msg="Prompt processing progress" processed=4096 total=6820
time=2026-09-12T10:24:22.095+08:00 level=INFO source=pipeline.go:200 msg="Prompt processing progress" processed=6144 total=6820
time=2026-09-12T10:24:22.501+08:00 level=INFO source=pipeline.go:200 msg="Prompt processing progress" processed=6819 total=6820
time=2026-09-12T10:24:53.518+08:00 level=INFO source=server.go:225 msg=ServeHTTP method=POST path=/v1/completions took=34.143186166s status="200 OK"
[GIN] 2026/09/12 - 10:24:53 | 200 | 34.149121541s |       127.0.0.1 | POST     "/api/chat"
time=2026-09-12T10:24:53.523+08:00 level=INFO source=pipeline.go:91 msg="peak memory" size="30.86 GiB"
time=2026-09-12T10:24:53.559+08:00 level=INFO source=server.go:225 msg=ServeHTTP method=GET path=/v1/status took=42.792µs status="200 OK"
time=2026-09-12T10:24:53.564+08:00 level=INFO source=prefix_cache.go:124 msg="cache hit" total=7043 matched=225 cached=224 left=6819
time=2026-09-12T10:24:54.777+08:00 level=INFO source=pipeline.go:200 msg="Prompt processing progress" processed=2048 total=6819
time=2026-09-12T10:24:56.064+08:00 level=INFO source=pipeline.go:200 msg="Prompt processing progress" processed=4096 total=6819
time=2026-09-12T10:24:57.396+08:00 level=INFO source=pipeline.go:200 msg="Prompt processing progress" processed=6144 total=6819
time=2026-09-12T10:24:57.953+08:00 level=INFO source=pipeline.go:200 msg="Prompt processing progress" processed=6818 total=6819
time=2026-09-12T10:25:35.737+08:00 level=INFO source=server.go:225 msg=ServeHTTP method=POST path=/v1/completions took=42.178045083s status="200 OK"
[GIN] 2026/09/12 - 10:25:35 | 200 | 42.184507708s |       127.0.0.1 | POST     "/api/chat"
time=2026-09-12T10:25:35.745+08:00 level=INFO source=pipeline.go:91 msg="peak memory" size="30.84 GiB"
time=2026-09-12T10:25:35.778+08:00 level=INFO source=server.go:225 msg=ServeHTTP method=GET path=/v1/status took=36.333µs status="200 OK"
time=2026-09-12T10:25:35.782+08:00 level=INFO source=prefix_cache.go:124 msg="cache hit" total=7055 matched=225 cached=225 left=6830
time=2026-09-12T10:25:36.920+08:00 level=INFO source=pipeline.go:200 msg="Prompt processing progress" processed=2048 total=6830
time=2026-09-12T10:25:38.143+08:00 level=INFO source=pipeline.go:200 msg="Prompt processing progress" processed=4096 total=6830
time=2026-09-12T10:25:39.432+08:00 level=INFO source=pipeline.go:200 msg="Prompt processing progress" processed=6144 total=6830
time=2026-09-12T10:25:39.963+08:00 level=INFO source=pipeline.go:200 msg="Prompt processing progress" processed=6829 total=6830
time=2026-09-12T10:26:17.393+08:00 level=INFO source=server.go:225 msg=ServeHTTP method=POST path=/v1/completions took=41.615034333s status="200 OK"
[GIN] 2026/09/12 - 10:26:17 | 200 |  41.62157275s |       127.0.0.1 | POST     "/api/chat"
time=2026-09-12T10:26:17.399+08:00 level=INFO source=pipeline.go:91 msg="peak memory" size="30.76 GiB"
time=2026-09-12T10:26:17.434+08:00 level=INFO source=server.go:225 msg=ServeHTTP method=GET path=/v1/status took=46.541µs status="200 OK"
time=2026-09-12T10:26:17.438+08:00 level=INFO source=prefix_cache.go:124 msg="cache hit" total=7050 matched=225 cached=225 left=6825
time=2026-09-12T10:26:18.551+08:00 level=INFO source=pipeline.go:200 msg="Prompt processing progress" processed=2048 total=6825
time=2026-09-12T10:26:19.859+08:00 level=INFO source=pipeline.go:200 msg="Prompt processing progress" processed=4096 total=6825
time=2026-09-12T10:26:21.143+08:00 level=INFO source=pipeline.go:200 msg="Prompt processing progress" processed=6144 total=6825
time=2026-09-12T10:26:21.671+08:00 level=INFO source=pipeline.go:200 msg="Prompt processing progress" processed=6824 total=6825
time=2026-09-12T10:26:51.920+08:00 level=INFO source=server.go:225 msg=ServeHTTP method=POST path=/v1/completions took=34.486181583s status="200 OK"
[GIN] 2026/09/12 - 10:26:51 | 200 | 34.492607458s |       127.0.0.1 | POST     "/api/chat"
time=2026-09-12T10:26:51.926+08:00 level=INFO source=pipeline.go:91 msg="peak memory" size="30.81 GiB"
time=2026-09-12T10:26:51.967+08:00 level=INFO source=server.go:225 msg=ServeHTTP method=GET path=/v1/status took=42.292µs status="200 OK"
time=2026-09-12T10:26:51.974+08:00 level=INFO source=prefix_cache.go:124 msg="cache hit" total=7077 matched=225 cached=225 left=6852
time=2026-09-12T10:26:52.861+08:00 level=INFO source=pipeline.go:200 msg="Prompt processing progress" processed=2048 total=6852
time=2026-09-12T10:26:53.918+08:00 level=INFO source=pipeline.go:200 msg="Prompt processing progress" processed=4096 total=6852
time=2026-09-12T10:26:54.948+08:00 level=INFO source=pipeline.go:200 msg="Prompt processing progress" processed=6144 total=6852
time=2026-09-12T10:26:55.379+08:00 level=INFO source=pipeline.go:200 msg="Prompt processing progress" processed=6851 total=6852
[GIN] 2026/09/12 - 10:27:23 | 200 | 31.293466459s |       127.0.0.1 | POST     "/api/chat"
time=2026-09-12T10:27:23.254+08:00 level=INFO source=server.go:225 msg=ServeHTTP method=POST path=/v1/completions took=31.286909167s status="200 OK"
time=2026-09-12T10:27:23.259+08:00 level=INFO source=pipeline.go:91 msg="peak memory" size="30.76 GiB"
time=2026-09-12T10:27:23.297+08:00 level=INFO source=server.go:225 msg=ServeHTTP method=GET path=/v1/status took=39.584µs status="200 OK"
time=2026-09-12T10:27:23.301+08:00 level=INFO source=prefix_cache.go:124 msg="cache hit" total=7057 matched=225 cached=225 left=6832
time=2026-09-12T10:27:24.155+08:00 level=INFO source=pipeline.go:200 msg="Prompt processing progress" processed=2048 total=6832
time=2026-09-12T10:27:25.053+08:00 level=INFO source=pipeline.go:200 msg="Prompt processing progress" processed=4096 total=6832
time=2026-09-12T10:27:25.999+08:00 level=INFO source=pipeline.go:200 msg="Prompt processing progress" processed=6144 total=6832
time=2026-09-12T10:27:26.395+08:00 level=INFO source=pipeline.go:200 msg="Prompt processing progress" processed=6831 total=6832
[GIN] 2026/09/12 - 10:27:54 | 200 |   31.2978825s |       127.0.0.1 | POST     "/api/chat"
time=2026-09-12T10:27:54.588+08:00 level=INFO source=server.go:225 msg=ServeHTTP method=POST path=/v1/completions took=31.290434542s status="200 OK"
time=2026-09-12T10:27:54.593+08:00 level=INFO source=pipeline.go:91 msg="peak memory" size="30.78 GiB"
time=2026-09-12T10:27:54.627+08:00 level=INFO source=server.go:225 msg=ServeHTTP method=GET path=/v1/status took=31.541µs status="200 OK"
time=2026-09-12T10:27:54.635+08:00 level=INFO source=prefix_cache.go:124 msg="cache hit" total=7049 matched=225 cached=225 left=6824
time=2026-09-12T10:27:55.495+08:00 level=INFO source=pipeline.go:200 msg="Prompt processing progress" processed=2048 total=6824
time=2026-09-12T10:27:56.453+08:00 level=INFO source=pipeline.go:200 msg="Prompt processing progress" processed=4096 total=6824
time=2026-09-12T10:27:57.505+08:00 level=INFO source=pipeline.go:200 msg="Prompt processing progress" processed=6144 total=6824
time=2026-09-12T10:27:57.933+08:00 level=INFO source=pipeline.go:200 msg="Prompt processing progress" processed=6823 total=6824
time=2026-09-12T10:28:26.313+08:00 level=INFO source=server.go:225 msg=ServeHTTP method=POST path=/v1/completions took=31.684916166s status="200 OK"
[GIN] 2026/09/12 - 10:28:26 | 200 | 31.691759125s |       127.0.0.1 | POST     "/api/chat"
time=2026-09-12T10:28:26.318+08:00 level=INFO source=pipeline.go:91 msg="peak memory" size="30.73 GiB"
time=2026-09-12T10:28:26.352+08:00 level=INFO source=server.go:225 msg=ServeHTTP method=GET path=/v1/status took=36.292µs status="200 OK"
time=2026-09-12T10:28:26.358+08:00 level=INFO source=prefix_cache.go:124 msg="cache hit" total=7038 matched=225 cached=225 left=6813
time=2026-09-12T10:28:27.233+08:00 level=INFO source=pipeline.go:200 msg="Prompt processing progress" processed=2048 total=6813
time=2026-09-12T10:28:28.182+08:00 level=INFO source=pipeline.go:200 msg="Prompt processing progress" processed=4096 total=6813
time=2026-09-12T10:28:29.194+08:00 level=INFO source=pipeline.go:200 msg="Prompt processing progress" processed=6144 total=6813
time=2026-09-12T10:28:29.606+08:00 level=INFO source=pipeline.go:200 msg="Prompt processing progress" processed=6812 total=6813
[GIN] 2026/09/12 - 10:28:57 | 200 | 31.314255667s |       127.0.0.1 | POST     "/api/chat"
time=2026-09-12T10:28:57.660+08:00 level=INFO source=server.go:225 msg=ServeHTTP method=POST path=/v1/completions took=31.307799542s status="200 OK"
time=2026-09-12T10:28:57.665+08:00 level=INFO source=pipeline.go:91 msg="peak memory" size="30.74 GiB"
time=2026-09-12T10:28:57.704+08:00 level=INFO source=server.go:225 msg=ServeHTTP method=GET path=/v1/status took=35.875µs status="200 OK"
time=2026-09-12T10:28:57.710+08:00 level=INFO source=prefix_cache.go:124 msg="cache hit" total=7086 matched=225 cached=225 left=6861
time=2026-09-12T10:28:58.584+08:00 level=INFO source=pipeline.go:200 msg="Prompt processing progress" processed=2048 total=6861
time=2026-09-12T10:28:59.519+08:00 level=INFO source=pipeline.go:200 msg="Prompt processing progress" processed=4096 total=6861
time=2026-09-12T10:29:00.520+08:00 level=INFO source=pipeline.go:200 msg="Prompt processing progress" processed=6144 total=6861
time=2026-09-12T10:29:00.949+08:00 level=INFO source=pipeline.go:200 msg="Prompt processing progress" processed=6860 total=6861
time=2026-09-12T10:29:29.193+08:00 level=INFO source=server.go:225 msg=ServeHTTP method=POST path=/v1/completions took=31.488273s status="200 OK"
[GIN] 2026/09/12 - 10:29:29 | 200 | 31.494588333s |       127.0.0.1 | POST     "/api/chat"
time=2026-09-12T10:29:29.198+08:00 level=INFO source=pipeline.go:91 msg="peak memory" size="30.79 GiB"
time=2026-09-12T10:29:29.232+08:00 level=INFO source=server.go:225 msg=ServeHTTP method=GET path=/v1/status took=36.084µs status="200 OK"
time=2026-09-12T10:29:29.235+08:00 level=INFO source=prefix_cache.go:124 msg="cache hit" total=7063 matched=225 cached=225 left=6838
time=2026-09-12T10:29:30.109+08:00 level=INFO source=pipeline.go:200 msg="Prompt processing progress" processed=2048 total=6838
time=2026-09-12T10:29:31.029+08:00 level=INFO source=pipeline.go:200 msg="Prompt processing progress" processed=4096 total=6838
time=2026-09-12T10:29:32.016+08:00 level=INFO source=pipeline.go:200 msg="Prompt processing progress" processed=6144 total=6838
time=2026-09-12T10:29:32.428+08:00 level=INFO source=pipeline.go:200 msg="Prompt processing progress" processed=6837 total=6838
time=2026-09-12T10:30:00.865+08:00 level=INFO source=server.go:225 msg=ServeHTTP method=POST path=/v1/completions took=31.632854s status="200 OK"
[GIN] 2026/09/12 - 10:30:00 | 200 | 31.638876792s |       127.0.0.1 | POST     "/api/chat"
time=2026-09-12T10:30:00.871+08:00 level=INFO source=pipeline.go:91 msg="peak memory" size="30.81 GiB"
time=2026-09-12T10:30:00.905+08:00 level=INFO source=server.go:225 msg=ServeHTTP method=GET path=/v1/status took=31.333µs status="200 OK"
time=2026-09-12T10:30:00.910+08:00 level=INFO source=prefix_cache.go:124 msg="cache hit" total=7039 matched=226 cached=225 left=6814
time=2026-09-12T10:30:01.807+08:00 level=INFO source=pipeline.go:200 msg="Prompt processing progress" processed=2048 total=6814
time=2026-09-12T10:30:02.737+08:00 level=INFO source=pipeline.go:200 msg="Prompt processing progress" processed=4096 total=6814
time=2026-09-12T10:30:03.707+08:00 level=INFO source=pipeline.go:200 msg="Prompt processing progress" processed=6144 total=6814
time=2026-09-12T10:30:04.116+08:00 level=INFO source=pipeline.go:200 msg="Prompt processing progress" processed=6813 total=6814
time=2026-09-12T10:30:32.220+08:00 level=INFO source=server.go:225 msg=ServeHTTP method=POST path=/v1/completions took=31.314278375s status="200 OK"
[GIN] 2026/09/12 - 10:30:32 | 200 | 31.321109917s |       127.0.0.1 | POST     "/api/chat"
time=2026-09-12T10:30:32.226+08:00 level=INFO source=pipeline.go:91 msg="peak memory" size="30.82 GiB"
time=2026-09-12T10:30:32.261+08:00 level=INFO source=server.go:225 msg=ServeHTTP method=GET path=/v1/status took=29.417µs status="200 OK"
time=2026-09-12T10:30:32.266+08:00 level=INFO source=prefix_cache.go:124 msg="cache hit" total=7057 matched=225 cached=224 left=6833
time=2026-09-12T10:30:33.140+08:00 level=INFO source=pipeline.go:200 msg="Prompt processing progress" processed=2048 total=6833
time=2026-09-12T10:30:34.044+08:00 level=INFO source=pipeline.go:200 msg="Prompt processing progress" processed=4096 total=6833
time=2026-09-12T10:30:35.008+08:00 level=INFO source=pipeline.go:200 msg="Prompt processing progress" processed=6144 total=6833
time=2026-09-12T10:30:35.417+08:00 level=INFO source=pipeline.go:200 msg="Prompt processing progress" processed=6832 total=6833
[GIN] 2026/09/12 - 10:31:03 | 200 | 31.149137709s |       127.0.0.1 | POST     "/api/chat"
time=2026-09-12T10:31:03.404+08:00 level=INFO source=server.go:225 msg=ServeHTTP method=POST path=/v1/completions took=31.142921875s status="200 OK"
time=2026-09-12T10:31:03.409+08:00 level=INFO source=pipeline.go:91 msg="peak memory" size="30.77 GiB"
time=2026-09-12T10:31:03.443+08:00 level=INFO source=server.go:225 msg=ServeHTTP method=GET path=/v1/status took=39.625µs status="200 OK"
time=2026-09-12T10:31:03.446+08:00 level=INFO source=prefix_cache.go:124 msg="cache hit" total=7051 matched=231 cached=225 left=6826
time=2026-09-12T10:31:04.324+08:00 level=INFO source=pipeline.go:200 msg="Prompt processing progress" processed=2048 total=6826
time=2026-09-12T10:31:05.249+08:00 level=INFO source=pipeline.go:200 msg="Prompt processing progress" processed=4096 total=6826
time=2026-09-12T10:31:06.287+08:00 level=INFO source=pipeline.go:200 msg="Prompt processing progress" processed=6144 total=6826
time=2026-09-12T10:31:06.718+08:00 level=INFO source=pipeline.go:200 msg="Prompt processing progress" processed=6825 total=6826
[GIN] 2026/09/12 - 10:31:35 | 200 | 31.921047167s |       127.0.0.1 | POST     "/api/chat"
time=2026-09-12T10:31:35.358+08:00 level=INFO source=server.go:225 msg=ServeHTTP method=POST path=/v1/completions took=31.914909583s status="200 OK"
time=2026-09-12T10:31:35.364+08:00 level=INFO source=pipeline.go:91 msg="peak memory" size="30.85 GiB"
time=2026-09-12T10:31:35.369+08:00 level=INFO source=server.go:225 msg=ServeHTTP method=GET path=/v1/status took=39.5µs status="200 OK"
time=2026-09-12T10:31:35.373+08:00 level=INFO source=prefix_cache.go:124 msg="cache hit" total=3069 matched=225 cached=225 left=2844
time=2026-09-12T10:31:36.278+08:00 level=INFO source=pipeline.go:200 msg="Prompt processing progress" processed=2048 total=2844
time=2026-09-12T10:31:36.712+08:00 level=INFO source=pipeline.go:200 msg="Prompt processing progress" processed=2843 total=2844
[GIN] 2026/09/12 - 10:32:05 | 200 |  29.80402975s |       127.0.0.1 | POST     "/api/chat"
time=2026-09-12T10:32:05.166+08:00 level=INFO source=server.go:225 msg=ServeHTTP method=POST path=/v1/completions took=29.797445708s status="200 OK"
time=2026-09-12T10:32:05.172+08:00 level=INFO source=pipeline.go:91 msg="peak memory" size="30.60 GiB"
time=2026-09-12T10:32:05.759+08:00 level=INFO source=server.go:225 msg=ServeHTTP method=GET path=/v1/status took=37.125µs status="200 OK"
time=2026-09-12T10:32:05.762+08:00 level=INFO source=prefix_cache.go:124 msg="cache hit" total=2107 matched=236 cached=3 left=2104
time=2026-09-12T10:32:06.635+08:00 level=INFO source=pipeline.go:200 msg="Prompt processing progress" processed=2048 total=2104
time=2026-09-12T10:32:06.780+08:00 level=INFO source=pipeline.go:200 msg="Prompt processing progress" processed=2103 total=2104
[GIN] 2026/09/12 - 10:32:07 | 200 |  1.406083458s |       127.0.0.1 | POST     "/api/chat"
time=2026-09-12T10:32:07.160+08:00 level=INFO source=server.go:225 msg=ServeHTTP method=POST path=/v1/completions took=1.399779416s status="200 OK"
time=2026-09-12T10:32:07.168+08:00 level=INFO source=pipeline.go:91 msg="peak memory" size="30.59 GiB"
time=2026-09-12T10:32:07.170+08:00 level=INFO source=server.go:225 msg=ServeHTTP method=GET path=/v1/status took=39.959µs status="200 OK"
time=2026-09-12T10:32:07.174+08:00 level=INFO source=prefix_cache.go:124 msg="cache hit" total=2120 matched=256 cached=236 left=1884
time=2026-09-12T10:32:07.992+08:00 level=INFO source=pipeline.go:200 msg="Prompt processing progress" processed=1883 total=1884
[GIN] 2026/09/12 - 10:32:08 | 200 |  1.189362417s |       127.0.0.1 | POST     "/api/chat"
time=2026-09-12T10:32:08.353+08:00 level=INFO source=server.go:225 msg=ServeHTTP method=POST path=/v1/completions took=1.182448666s status="200 OK"
time=2026-09-12T10:32:08.360+08:00 level=INFO source=pipeline.go:91 msg="peak memory" size="30.49 GiB"
time=2026-09-12T10:32:08.807+08:00 level=INFO source=server.go:225 msg=ServeHTTP method=GET path=/v1/status took=36.625µs status="200 OK"
time=2026-09-12T10:32:08.808+08:00 level=INFO source=prefix_cache.go:124 msg="cache hit" total=2148 matched=258 cached=256 left=1892
time=2026-09-12T10:32:09.597+08:00 level=INFO source=pipeline.go:200 msg="Prompt processing progress" processed=1891 total=1892
[GIN] 2026/09/12 - 10:32:10 | 200 |  1.356143792s |       127.0.0.1 | POST     "/api/chat"
time=2026-09-12T10:32:10.157+08:00 level=INFO source=server.go:225 msg=ServeHTTP method=POST path=/v1/completions took=1.349799041s status="200 OK"
time=2026-09-12T10:32:10.165+08:00 level=INFO source=pipeline.go:91 msg="peak memory" size="30.49 GiB"
time=2026-09-12T10:32:10.699+08:00 level=INFO source=server.go:225 msg=ServeHTTP method=GET path=/v1/status took=38.667µs status="200 OK"
time=2026-09-12T10:32:10.701+08:00 level=INFO source=prefix_cache.go:124 msg="cache hit" total=2080 matched=290 cached=258 left=1822
time=2026-09-12T10:32:11.468+08:00 level=INFO source=pipeline.go:200 msg="Prompt processing progress" processed=1821 total=1822
[GIN] 2026/09/12 - 10:32:12 | 200 |     1.344083s |       127.0.0.1 | POST     "/api/chat"
time=2026-09-12T10:32:12.038+08:00 level=INFO source=server.go:225 msg=ServeHTTP method=POST path=/v1/completions took=1.338099334s status="200 OK"
time=2026-09-12T10:32:12.047+08:00 level=INFO source=pipeline.go:91 msg="peak memory" size="30.49 GiB"
time=2026-09-12T10:32:12.555+08:00 level=INFO source=server.go:225 msg=ServeHTTP method=GET path=/v1/status took=37.125µs status="200 OK"
time=2026-09-12T10:32:12.557+08:00 level=INFO source=prefix_cache.go:124 msg="cache hit" total=2099 matched=2076 cached=258 left=1841
time=2026-09-12T10:32:13.342+08:00 level=INFO source=pipeline.go:200 msg="Prompt processing progress" processed=1840 total=1841
[GIN] 2026/09/12 - 10:32:13 | 200 |  1.179444709s |       127.0.0.1 | POST     "/api/chat"
time=2026-09-12T10:32:13.729+08:00 level=INFO source=server.go:225 msg=ServeHTTP method=POST path=/v1/completions took=1.172815417s status="200 OK"
time=2026-09-12T10:32:13.734+08:00 level=INFO source=pipeline.go:91 msg="peak memory" size="30.33 GiB"
time=2026-09-12T10:32:13.738+08:00 level=INFO source=server.go:225 msg=ServeHTTP method=GET path=/v1/status took=32.916µs status="200 OK"
time=2026-09-12T10:32:13.741+08:00 level=INFO source=prefix_cache.go:124 msg="cache hit" total=2112 matched=2089 cached=256 left=1856
time=2026-09-12T10:32:14.534+08:00 level=INFO source=pipeline.go:200 msg="Prompt processing progress" processed=1855 total=1856
[GIN] 2026/09/12 - 10:32:14 | 200 |  1.172332875s |       127.0.0.1 | POST     "/api/chat"
time=2026-09-12T10:32:14.905+08:00 level=INFO source=server.go:225 msg=ServeHTTP method=POST path=/v1/completions took=1.166267916s status="200 OK"
time=2026-09-12T10:32:14.912+08:00 level=INFO source=pipeline.go:91 msg="peak memory" size="30.47 GiB"
time=2026-09-12T10:32:15.374+08:00 level=INFO source=server.go:225 msg=ServeHTTP method=GET path=/v1/status took=39.833µs status="200 OK"
time=2026-09-12T10:32:15.376+08:00 level=INFO source=prefix_cache.go:124 msg="cache hit" total=2098 matched=258 cached=258 left=1840
time=2026-09-12T10:32:16.152+08:00 level=INFO source=pipeline.go:200 msg="Prompt processing progress" processed=1839 total=1840
[GIN] 2026/09/12 - 10:32:16 | 200 |    1.6294485s |       127.0.0.1 | POST     "/api/chat"
time=2026-09-12T10:32:16.997+08:00 level=INFO source=server.go:225 msg=ServeHTTP method=POST path=/v1/completions took=1.623306667s status="200 OK"
time=2026-09-12T10:32:17.003+08:00 level=INFO source=pipeline.go:91 msg="peak memory" size="30.29 GiB"
time=2026-09-12T10:32:17.539+08:00 level=INFO source=server.go:225 msg=ServeHTTP method=GET path=/v1/status took=38.958µs status="200 OK"
time=2026-09-12T10:32:17.543+08:00 level=INFO source=prefix_cache.go:124 msg="cache hit" total=2017 matched=291 cached=258 left=1759
time=2026-09-12T10:32:18.297+08:00 level=INFO source=pipeline.go:200 msg="Prompt processing progress" processed=1758 total=1759
[GIN] 2026/09/12 - 10:32:18 | 200 |  1.387586375s |       127.0.0.1 | POST     "/api/chat"
time=2026-09-12T10:32:18.921+08:00 level=INFO source=server.go:225 msg=ServeHTTP method=POST path=/v1/completions took=1.381208833s status="200 OK"
time=2026-09-12T10:32:18.928+08:00 level=INFO source=pipeline.go:91 msg="peak memory" size="30.46 GiB"
time=2026-09-12T10:32:19.453+08:00 level=INFO source=server.go:225 msg=ServeHTTP method=GET path=/v1/status took=35.583µs status="200 OK"
time=2026-09-12T10:32:19.456+08:00 level=INFO source=prefix_cache.go:124 msg="cache hit" total=2106 matched=2079 cached=2076 left=30
time=2026-09-12T10:32:19.538+08:00 level=INFO source=pipeline.go:200 msg="Prompt processing progress" processed=29 total=30
[GIN] 2026/09/12 - 10:32:19 | 200 |  443.417083ms |       127.0.0.1 | POST     "/api/chat"
time=2026-09-12T10:32:19.890+08:00 level=INFO source=server.go:225 msg=ServeHTTP method=POST path=/v1/completions took=437.164917ms status="200 OK"
time=2026-09-12T10:32:19.897+08:00 level=INFO source=pipeline.go:91 msg="peak memory" size="28.88 GiB"
time=2026-09-12T10:32:19.900+08:00 level=INFO source=server.go:225 msg=ServeHTTP method=GET path=/v1/status took=32.5µs status="200 OK"
time=2026-09-12T10:32:19.902+08:00 level=INFO source=prefix_cache.go:124 msg="cache hit" total=2119 matched=2092 cached=2089 left=30
time=2026-09-12T10:32:19.983+08:00 level=INFO source=pipeline.go:200 msg="Prompt processing progress" processed=29 total=30
[GIN] 2026/09/12 - 10:32:20 | 200 |  488.824958ms |       127.0.0.1 | POST     "/api/chat"
time=2026-09-12T10:32:20.382+08:00 level=INFO source=server.go:225 msg=ServeHTTP method=POST path=/v1/completions took=482.416917ms status="200 OK"
time=2026-09-12T10:32:20.388+08:00 level=INFO source=pipeline.go:91 msg="peak memory" size="28.65 GiB"
time=2026-09-12T10:32:20.907+08:00 level=INFO source=server.go:225 msg=ServeHTTP method=GET path=/v1/status took=37.042µs status="200 OK"
time=2026-09-12T10:32:20.914+08:00 level=INFO source=prefix_cache.go:124 msg="cache hit" total=2063 matched=259 cached=258 left=1805
time=2026-09-12T10:32:21.664+08:00 level=INFO source=pipeline.go:200 msg="Prompt processing progress" processed=1804 total=1805
[GIN] 2026/09/12 - 10:32:22 | 200 |  1.331897209s |       127.0.0.1 | POST     "/api/chat"
time=2026-09-12T10:32:22.233+08:00 level=INFO source=server.go:225 msg=ServeHTTP method=POST path=/v1/completions took=1.325832334s status="200 OK"
time=2026-09-12T10:32:22.239+08:00 level=INFO source=pipeline.go:91 msg="peak memory" size="30.44 GiB"
time=2026-09-12T10:32:22.845+08:00 level=INFO source=server.go:225 msg=ServeHTTP method=GET path=/v1/status took=36.292µs status="200 OK"
time=2026-09-12T10:32:22.847+08:00 level=INFO source=prefix_cache.go:124 msg="cache hit" total=2029 matched=288 cached=259 left=1770
time=2026-09-12T10:32:23.589+08:00 level=INFO source=pipeline.go:200 msg="Prompt processing progress" processed=1769 total=1770
[GIN] 2026/09/12 - 10:32:24 | 200 |  1.223052917s |       127.0.0.1 | POST     "/api/chat"
time=2026-09-12T10:32:24.062+08:00 level=INFO source=server.go:225 msg=ServeHTTP method=POST path=/v1/completions took=1.21680675s status="200 OK"
time=2026-09-12T10:32:24.069+08:00 level=INFO source=pipeline.go:91 msg="peak memory" size="30.40 GiB"
time=2026-09-12T10:32:24.565+08:00 level=INFO source=server.go:225 msg=ServeHTTP method=GET path=/v1/status took=29.709µs status="200 OK"
time=2026-09-12T10:32:24.570+08:00 level=INFO source=prefix_cache.go:124 msg="cache hit" total=2104 matched=2077 cached=2076 left=28
time=2026-09-12T10:32:24.642+08:00 level=INFO source=pipeline.go:200 msg="Prompt processing progress" processed=27 total=28
[GIN] 2026/09/12 - 10:32:24 | 200 |  432.444375ms |       127.0.0.1 | POST     "/api/chat"
time=2026-09-12T10:32:24.992+08:00 level=INFO source=server.go:225 msg=ServeHTTP method=POST path=/v1/completions took=426.521125ms status="200 OK"
time=2026-09-12T10:32:24.997+08:00 level=INFO source=pipeline.go:91 msg="peak memory" size="28.68 GiB"
time=2026-09-12T10:32:25.001+08:00 level=INFO source=server.go:225 msg=ServeHTTP method=GET path=/v1/status took=29.042µs status="200 OK"
time=2026-09-12T10:32:25.009+08:00 level=INFO source=prefix_cache.go:124 msg="cache hit" total=2117 matched=2090 cached=2089 left=28
time=2026-09-12T10:32:25.085+08:00 level=INFO source=pipeline.go:200 msg="Prompt processing progress" processed=27 total=28
[GIN] 2026/09/12 - 10:32:25 | 200 |  435.847666ms |       127.0.0.1 | POST     "/api/chat"
time=2026-09-12T10:32:25.431+08:00 level=INFO source=server.go:225 msg=ServeHTTP method=POST path=/v1/completions took=429.632209ms status="200 OK"
time=2026-09-12T10:32:25.437+08:00 level=INFO source=pipeline.go:91 msg="peak memory" size="28.98 GiB"
time=2026-09-12T10:32:25.919+08:00 level=INFO source=server.go:225 msg=ServeHTTP method=GET path=/v1/status took=38.25µs status="200 OK"
time=2026-09-12T10:32:25.920+08:00 level=INFO source=prefix_cache.go:124 msg="cache hit" total=2139 matched=259 cached=258 left=1881
time=2026-09-12T10:32:26.709+08:00 level=INFO source=pipeline.go:200 msg="Prompt processing progress" processed=1880 total=1881
[GIN] 2026/09/12 - 10:32:27 | 200 |   1.13021725s |       127.0.0.1 | POST     "/api/chat"
time=2026-09-12T10:32:27.043+08:00 level=INFO source=server.go:225 msg=ServeHTTP method=POST path=/v1/completions took=1.124126125s status="200 OK"
time=2026-09-12T10:32:27.050+08:00 level=INFO source=pipeline.go:91 msg="peak memory" size="30.40 GiB"
time=2026-09-12T10:32:27.631+08:00 level=INFO source=server.go:225 msg=ServeHTTP method=GET path=/v1/status took=39µs status="200 OK"
time=2026-09-12T10:32:27.632+08:00 level=INFO source=prefix_cache.go:124 msg="cache hit" total=2042 matched=291 cached=259 left=1783
time=2026-09-12T10:32:28.389+08:00 level=INFO source=pipeline.go:200 msg="Prompt processing progress" processed=1782 total=1783
[GIN] 2026/09/12 - 10:32:28 | 200 |     1.086661s |       127.0.0.1 | POST     "/api/chat"
time=2026-09-12T10:32:28.712+08:00 level=INFO source=server.go:225 msg=ServeHTTP method=POST path=/v1/completions took=1.080790333s status="200 OK"
time=2026-09-12T10:32:28.717+08:00 level=INFO source=pipeline.go:91 msg="peak memory" size="30.33 GiB"
time=2026-09-12T10:32:29.220+08:00 level=INFO source=server.go:225 msg=ServeHTTP method=GET path=/v1/status took=39.042µs status="200 OK"
time=2026-09-12T10:32:29.231+08:00 level=INFO source=prefix_cache.go:124 msg="cache hit" total=2104 matched=2076 cached=2076 left=28
time=2026-09-12T10:32:29.303+08:00 level=INFO source=pipeline.go:200 msg="Prompt processing progress" processed=27 total=28
[GIN] 2026/09/12 - 10:32:29 | 200 |  455.891125ms |       127.0.0.1 | POST     "/api/chat"
time=2026-09-12T10:32:29.670+08:00 level=INFO source=server.go:225 msg=ServeHTTP method=POST path=/v1/completions took=449.170084ms status="200 OK"
time=2026-09-12T10:32:29.675+08:00 level=INFO source=pipeline.go:91 msg="peak memory" size="28.84 GiB"
time=2026-09-12T10:32:29.680+08:00 level=INFO source=server.go:225 msg=ServeHTTP method=GET path=/v1/status took=29µs status="200 OK"
time=2026-09-12T10:32:29.682+08:00 level=INFO source=prefix_cache.go:124 msg="cache hit" total=2117 matched=2089 cached=2089 left=28
time=2026-09-12T10:32:29.760+08:00 level=INFO source=pipeline.go:200 msg="Prompt processing progress" processed=27 total=28
[GIN] 2026/09/12 - 10:32:30 | 200 |  436.762917ms |       127.0.0.1 | POST     "/api/chat"
time=2026-09-12T10:32:30.111+08:00 level=INFO source=server.go:225 msg=ServeHTTP method=POST path=/v1/completions took=430.825917ms status="200 OK"
time=2026-09-12T10:32:30.116+08:00 level=INFO source=pipeline.go:91 msg="peak memory" size="28.67 GiB"
time=2026-09-12T10:32:30.594+08:00 level=INFO source=server.go:225 msg=ServeHTTP method=GET path=/v1/status took=37.625µs status="200 OK"
time=2026-09-12T10:32:30.603+08:00 level=INFO source=prefix_cache.go:124 msg="cache hit" total=2143 matched=259 cached=259 left=1884
time=2026-09-12T10:32:31.418+08:00 level=INFO source=pipeline.go:200 msg="Prompt processing progress" processed=1883 total=1884
[GIN] 2026/09/12 - 10:32:31 | 200 |  1.403869834s |       127.0.0.1 | POST     "/api/chat"
time=2026-09-12T10:32:31.990+08:00 level=INFO source=server.go:225 msg=ServeHTTP method=POST path=/v1/completions took=1.3950875s status="200 OK"
time=2026-09-12T10:32:31.995+08:00 level=INFO source=pipeline.go:91 msg="peak memory" size="30.38 GiB"
time=2026-09-12T10:32:32.535+08:00 level=INFO source=server.go:225 msg=ServeHTTP method=GET path=/v1/status took=39.25µs status="200 OK"
time=2026-09-12T10:32:32.537+08:00 level=INFO source=prefix_cache.go:124 msg="cache hit" total=2085 matched=291 cached=259 left=1826
time=2026-09-12T10:32:33.301+08:00 level=INFO source=pipeline.go:200 msg="Prompt processing progress" processed=1825 total=1826
[GIN] 2026/09/12 - 10:32:33 | 200 |  1.309767042s |       127.0.0.1 | POST     "/api/chat"
time=2026-09-12T10:32:33.839+08:00 level=INFO source=server.go:225 msg=ServeHTTP method=POST path=/v1/completions took=1.3036275s status="200 OK"
time=2026-09-12T10:32:33.845+08:00 level=INFO source=pipeline.go:91 msg="peak memory" size="30.41 GiB"
time=2026-09-12T10:32:34.342+08:00 level=INFO source=server.go:225 msg=ServeHTTP method=GET path=/v1/status took=55.542µs status="200 OK"
time=2026-09-12T10:32:34.351+08:00 level=INFO source=prefix_cache.go:124 msg="cache hit" total=2101 matched=2079 cached=2077 left=24
time=2026-09-12T10:32:34.423+08:00 level=INFO source=pipeline.go:200 msg="Prompt processing progress" processed=23 total=24
[GIN] 2026/09/12 - 10:32:34 | 200 |  438.680875ms |       127.0.0.1 | POST     "/api/chat"
time=2026-09-12T10:32:34.775+08:00 level=INFO source=server.go:225 msg=ServeHTTP method=POST path=/v1/completions took=432.186292ms status="200 OK"
time=2026-09-12T10:32:34.781+08:00 level=INFO source=pipeline.go:91 msg="peak memory" size="29.16 GiB"
time=2026-09-12T10:32:34.784+08:00 level=INFO source=server.go:225 msg=ServeHTTP method=GET path=/v1/status took=36µs status="200 OK"
time=2026-09-12T10:32:34.786+08:00 level=INFO source=prefix_cache.go:124 msg="cache hit" total=2114 matched=2092 cached=2090 left=24
time=2026-09-12T10:32:34.862+08:00 level=INFO source=pipeline.go:200 msg="Prompt processing progress" processed=23 total=24
[GIN] 2026/09/12 - 10:32:35 | 200 |  443.232959ms |       127.0.0.1 | POST     "/api/chat"
time=2026-09-12T10:32:35.222+08:00 level=INFO source=server.go:225 msg=ServeHTTP method=POST path=/v1/completions took=437.220333ms status="200 OK"
time=2026-09-12T10:32:35.229+08:00 level=INFO source=pipeline.go:91 msg="peak memory" size="28.88 GiB"
time=2026-09-12T10:32:35.729+08:00 level=INFO source=server.go:225 msg=ServeHTTP method=GET path=/v1/status took=47.209µs status="200 OK"
time=2026-09-12T10:32:35.731+08:00 level=INFO source=prefix_cache.go:124 msg="cache hit" total=2133 matched=259 cached=259 left=1874
time=2026-09-12T10:32:36.552+08:00 level=INFO source=pipeline.go:200 msg="Prompt processing progress" processed=1873 total=1874
[GIN] 2026/09/12 - 10:32:37 | 200 |  1.407259542s |       127.0.0.1 | POST     "/api/chat"
time=2026-09-12T10:32:37.130+08:00 level=INFO source=server.go:225 msg=ServeHTTP method=POST path=/v1/completions took=1.400190583s status="200 OK"
time=2026-09-12T10:32:37.136+08:00 level=INFO source=pipeline.go:91 msg="peak memory" size="30.23 GiB"
time=2026-09-12T10:32:37.723+08:00 level=INFO source=server.go:225 msg=ServeHTTP method=GET path=/v1/status took=39.667µs status="200 OK"
time=2026-09-12T10:32:37.724+08:00 level=INFO source=prefix_cache.go:124 msg="cache hit" total=2080 matched=291 cached=259 left=1821
time=2026-09-12T10:32:38.507+08:00 level=INFO source=pipeline.go:200 msg="Prompt processing progress" processed=1820 total=1821
[GIN] 2026/09/12 - 10:32:39 | 200 |   1.36917875s |       127.0.0.1 | POST     "/api/chat"
time=2026-09-12T10:32:39.086+08:00 level=INFO source=server.go:225 msg=ServeHTTP method=POST path=/v1/completions took=1.36289325s status="200 OK"
time=2026-09-12T10:32:39.095+08:00 level=INFO source=pipeline.go:91 msg="peak memory" size="30.50 GiB"
time=2026-09-12T10:32:39.614+08:00 level=INFO source=server.go:225 msg=ServeHTTP method=GET path=/v1/status took=36.708µs status="200 OK"
time=2026-09-12T10:32:39.617+08:00 level=INFO source=prefix_cache.go:124 msg="cache hit" total=2096 matched=2076 cached=2076 left=20
time=2026-09-12T10:32:39.685+08:00 level=INFO source=pipeline.go:200 msg="Prompt processing progress" processed=19 total=20
[GIN] 2026/09/12 - 10:32:40 | 200 |  440.970333ms |       127.0.0.1 | POST     "/api/chat"
time=2026-09-12T10:32:40.049+08:00 level=INFO source=server.go:225 msg=ServeHTTP method=POST path=/v1/completions took=434.740958ms status="200 OK"
time=2026-09-12T10:32:40.054+08:00 level=INFO source=pipeline.go:91 msg="peak memory" size="28.68 GiB"
time=2026-09-12T10:32:40.061+08:00 level=INFO source=server.go:225 msg=ServeHTTP method=GET path=/v1/status took=68.375µs status="200 OK"
time=2026-09-12T10:32:40.071+08:00 level=INFO source=prefix_cache.go:124 msg="cache hit" total=2109 matched=2089 cached=2089 left=20
time=2026-09-12T10:32:40.133+08:00 level=INFO source=pipeline.go:200 msg="Prompt processing progress" processed=19 total=20
[GIN] 2026/09/12 - 10:32:40 | 200 |  426.824167ms |       127.0.0.1 | POST     "/api/chat"
time=2026-09-12T10:32:40.481+08:00 level=INFO source=server.go:225 msg=ServeHTTP method=POST path=/v1/completions took=419.13125ms status="200 OK"
time=2026-09-12T10:32:40.487+08:00 level=INFO source=pipeline.go:91 msg="peak memory" size="28.97 GiB"
time=2026-09-12T10:32:40.687+08:00 level=INFO source=server.go:225 msg=ServeHTTP method=GET path=/v1/status took=38.584µs status="200 OK"
time=2026-09-12T10:32:40.688+08:00 level=INFO source=prefix_cache.go:124 msg="cache hit" total=2095 matched=259 cached=259 left=1836
time=2026-09-12T10:32:41.459+08:00 level=INFO source=pipeline.go:200 msg="Prompt processing progress" processed=1835 total=1836
[GIN] 2026/09/12 - 10:32:41 | 200 |  1.217449125s |       127.0.0.1 | POST     "/api/chat"
time=2026-09-12T10:32:41.898+08:00 level=INFO source=server.go:225 msg=ServeHTTP method=POST path=/v1/completions took=1.211499083s status="200 OK"
time=2026-09-12T10:32:41.904+08:00 level=INFO source=pipeline.go:91 msg="peak memory" size="30.23 GiB"
time=2026-09-12T10:32:42.137+08:00 level=INFO source=server.go:225 msg=ServeHTTP method=GET path=/v1/status took=33.792µs status="200 OK"
time=2026-09-12T10:32:42.138+08:00 level=INFO source=prefix_cache.go:124 msg="cache hit" total=2043 matched=290 cached=259 left=1784
time=2026-09-12T10:32:42.896+08:00 level=INFO source=pipeline.go:200 msg="Prompt processing progress" processed=1783 total=1784
[GIN] 2026/09/12 - 10:32:43 | 200 |  1.234493625s |       127.0.0.1 | POST     "/api/chat"
time=2026-09-12T10:32:43.365+08:00 level=INFO source=server.go:225 msg=ServeHTTP method=POST path=/v1/completions took=1.228165625s status="200 OK"
time=2026-09-12T10:32:43.373+08:00 level=INFO source=pipeline.go:91 msg="peak memory" size="30.50 GiB"
time=2026-09-12T10:32:43.889+08:00 level=INFO source=server.go:225 msg=ServeHTTP method=GET path=/v1/status took=38.875µs status="200 OK"
time=2026-09-12T10:32:43.893+08:00 level=INFO source=prefix_cache.go:124 msg="cache hit" total=2096 matched=2079 cached=2079 left=17
time=2026-09-12T10:32:43.958+08:00 level=INFO source=pipeline.go:200 msg="Prompt processing progress" processed=16 total=17
[GIN] 2026/09/12 - 10:32:44 | 200 |  436.716417ms |       127.0.0.1 | POST     "/api/chat"
time=2026-09-12T10:32:44.320+08:00 level=INFO source=server.go:225 msg=ServeHTTP method=POST path=/v1/completions took=430.628042ms status="200 OK"
time=2026-09-12T10:32:44.326+08:00 level=INFO source=pipeline.go:91 msg="peak memory" size="29.07 GiB"
time=2026-09-12T10:32:44.330+08:00 level=INFO source=server.go:225 msg=ServeHTTP method=GET path=/v1/status took=32.292µs status="200 OK"
time=2026-09-12T10:32:44.335+08:00 level=INFO source=prefix_cache.go:124 msg="cache hit" total=2109 matched=2092 cached=2092 left=17
time=2026-09-12T10:32:44.401+08:00 level=INFO source=pipeline.go:200 msg="Prompt processing progress" processed=16 total=17
[GIN] 2026/09/12 - 10:32:44 | 200 |  493.958708ms |       127.0.0.1 | POST     "/api/chat"
time=2026-09-12T10:32:44.818+08:00 level=INFO source=server.go:225 msg=ServeHTTP method=POST path=/v1/completions took=487.719916ms status="200 OK"
time=2026-09-12T10:32:44.824+08:00 level=INFO source=pipeline.go:91 msg="peak memory" size="29.13 GiB"
time=2026-09-12T10:32:45.362+08:00 level=INFO source=server.go:225 msg=ServeHTTP method=GET path=/v1/status took=44.416µs status="200 OK"
time=2026-09-12T10:32:45.363+08:00 level=INFO source=prefix_cache.go:124 msg="cache hit" total=2104 matched=259 cached=259 left=1845
time=2026-09-12T10:32:46.170+08:00 level=INFO source=pipeline.go:200 msg="Prompt processing progress" processed=1844 total=1845
[GIN] 2026/09/12 - 10:32:46 | 200 |  1.307702542s |       127.0.0.1 | POST     "/api/chat"
time=2026-09-12T10:32:46.662+08:00 level=INFO source=server.go:225 msg=ServeHTTP method=POST path=/v1/completions took=1.300141167s status="200 OK"
time=2026-09-12T10:32:46.668+08:00 level=INFO source=pipeline.go:91 msg="peak memory" size="30.28 GiB"
time=2026-09-12T10:32:47.210+08:00 level=INFO source=server.go:225 msg=ServeHTTP method=GET path=/v1/status took=38µs status="200 OK"
time=2026-09-12T10:32:47.217+08:00 level=INFO source=prefix_cache.go:124 msg="cache hit" total=2063 matched=291 cached=259 left=1804
time=2026-09-12T10:32:47.986+08:00 level=INFO source=pipeline.go:200 msg="Prompt processing progress" processed=1803 total=1804
[GIN] 2026/09/12 - 10:32:48 | 200 |  1.208867291s |       127.0.0.1 | POST     "/api/chat"
time=2026-09-12T10:32:48.413+08:00 level=INFO source=server.go:225 msg=ServeHTTP method=POST path=/v1/completions took=1.202666083s status="200 OK"
time=2026-09-12T10:32:48.419+08:00 level=INFO source=pipeline.go:91 msg="peak memory" size="30.49 GiB"
time=2026-09-12T10:32:48.927+08:00 level=INFO source=server.go:225 msg=ServeHTTP method=GET path=/v1/status took=33.083µs status="200 OK"
time=2026-09-12T10:32:48.930+08:00 level=INFO source=prefix_cache.go:124 msg="cache hit" total=2095 matched=2077 cached=2076 left=19
time=2026-09-12T10:32:48.986+08:00 level=INFO source=pipeline.go:200 msg="Prompt processing progress" processed=18 total=19
[GIN] 2026/09/12 - 10:32:49 | 200 |  433.446917ms |       127.0.0.1 | POST     "/api/chat"
time=2026-09-12T10:32:49.354+08:00 level=INFO source=server.go:225 msg=ServeHTTP method=POST path=/v1/completions took=427.284292ms status="200 OK"
time=2026-09-12T10:32:49.361+08:00 level=INFO source=pipeline.go:91 msg="peak memory" size="28.93 GiB"
time=2026-09-12T10:32:49.364+08:00 level=INFO source=server.go:225 msg=ServeHTTP method=GET path=/v1/status took=28.292µs status="200 OK"
time=2026-09-12T10:32:49.367+08:00 level=INFO source=prefix_cache.go:124 msg="cache hit" total=2108 matched=2090 cached=2089 left=19
time=2026-09-12T10:32:49.428+08:00 level=INFO source=pipeline.go:200 msg="Prompt processing progress" processed=18 total=19
[GIN] 2026/09/12 - 10:32:49 | 200 |  427.813125ms |       127.0.0.1 | POST     "/api/chat"
time=2026-09-12T10:32:49.786+08:00 level=INFO source=server.go:225 msg=ServeHTTP method=POST path=/v1/completions took=421.465167ms status="200 OK"
time=2026-09-12T10:32:49.791+08:00 level=INFO source=pipeline.go:91 msg="peak memory" size="28.67 GiB"
time=2026-09-12T10:32:50.144+08:00 level=INFO source=server.go:225 msg=ServeHTTP method=GET path=/v1/status took=37.416µs status="200 OK"
time=2026-09-12T10:32:50.152+08:00 level=INFO source=prefix_cache.go:124 msg="cache hit" total=2110 matched=260 cached=259 left=1851
time=2026-09-12T10:32:50.930+08:00 level=INFO source=pipeline.go:200 msg="Prompt processing progress" processed=1850 total=1851
[GIN] 2026/09/12 - 10:32:51 | 200 |  1.312460375s |       127.0.0.1 | POST     "/api/chat"
time=2026-09-12T10:32:51.450+08:00 level=INFO source=server.go:225 msg=ServeHTTP method=POST path=/v1/completions took=1.305671625s status="200 OK"
time=2026-09-12T10:32:51.457+08:00 level=INFO source=pipeline.go:91 msg="peak memory" size="30.53 GiB"
time=2026-09-12T10:32:51.874+08:00 level=INFO source=server.go:225 msg=ServeHTTP method=GET path=/v1/status took=37.167µs status="200 OK"
time=2026-09-12T10:32:51.875+08:00 level=INFO source=prefix_cache.go:124 msg="cache hit" total=2057 matched=291 cached=260 left=1797
time=2026-09-12T10:32:52.732+08:00 level=INFO source=pipeline.go:200 msg="Prompt processing progress" processed=1796 total=1797
[GIN] 2026/09/12 - 10:32:53 | 200 |  1.831371083s |       127.0.0.1 | POST     "/api/chat"
time=2026-09-12T10:32:53.699+08:00 level=INFO source=server.go:225 msg=ServeHTTP method=POST path=/v1/completions took=1.825304083s status="200 OK"
time=2026-09-12T10:32:53.707+08:00 level=INFO source=pipeline.go:91 msg="peak memory" size="30.47 GiB"
time=2026-09-12T10:32:54.202+08:00 level=INFO source=server.go:225 msg=ServeHTTP method=GET path=/v1/status took=37.583µs status="200 OK"
time=2026-09-12T10:32:54.206+08:00 level=INFO source=prefix_cache.go:124 msg="cache hit" total=2096 matched=2077 cached=2077 left=19
time=2026-09-12T10:32:54.261+08:00 level=INFO source=pipeline.go:200 msg="Prompt processing progress" processed=18 total=19
[GIN] 2026/09/12 - 10:32:54 | 200 |  406.722917ms |       127.0.0.1 | POST     "/api/chat"
time=2026-09-12T10:32:54.603+08:00 level=INFO source=server.go:225 msg=ServeHTTP method=POST path=/v1/completions took=400.653791ms status="200 OK"
time=2026-09-12T10:32:54.609+08:00 level=INFO source=pipeline.go:91 msg="peak memory" size="28.65 GiB"
time=2026-09-12T10:32:54.613+08:00 level=INFO source=server.go:225 msg=ServeHTTP method=GET path=/v1/status took=33.917µs status="200 OK"
time=2026-09-12T10:32:54.616+08:00 level=INFO source=prefix_cache.go:124 msg="cache hit" total=2109 matched=2090 cached=2090 left=19
time=2026-09-12T10:32:54.679+08:00 level=INFO source=pipeline.go:200 msg="Prompt processing progress" processed=18 total=19
[GIN] 2026/09/12 - 10:32:55 | 200 |  471.217458ms |       127.0.0.1 | POST     "/api/chat"
time=2026-09-12T10:32:55.078+08:00 level=INFO source=server.go:225 msg=ServeHTTP method=POST path=/v1/completions took=464.8785ms status="200 OK"
time=2026-09-12T10:32:55.084+08:00 level=INFO source=pipeline.go:91 msg="peak memory" size="28.97 GiB"
time=2026-09-12T10:32:55.286+08:00 level=INFO source=server.go:225 msg=ServeHTTP method=GET path=/v1/status took=36.792µs status="200 OK"
time=2026-09-12T10:32:55.293+08:00 level=INFO source=prefix_cache.go:124 msg="cache hit" total=2112 matched=259 cached=259 left=1853
time=2026-09-12T10:32:56.151+08:00 level=INFO source=pipeline.go:200 msg="Prompt processing progress" processed=1852 total=1853
[GIN] 2026/09/12 - 10:32:56 | 200 |  1.342380541s |       127.0.0.1 | POST     "/api/chat"
time=2026-09-12T10:32:56.622+08:00 level=INFO source=server.go:225 msg=ServeHTTP method=POST path=/v1/completions took=1.336452875s status="200 OK"
time=2026-09-12T10:32:56.628+08:00 level=INFO source=pipeline.go:91 msg="peak memory" size="30.35 GiB"
time=2026-09-12T10:32:56.858+08:00 level=INFO source=server.go:225 msg=ServeHTTP method=GET path=/v1/status took=36.792µs status="200 OK"
time=2026-09-12T10:32:56.859+08:00 level=INFO source=prefix_cache.go:124 msg="cache hit" total=2034 matched=291 cached=259 left=1775
time=2026-09-12T10:32:57.618+08:00 level=INFO source=pipeline.go:200 msg="Prompt processing progress" processed=1774 total=1775
[GIN] 2026/09/12 - 10:32:58 | 200 |  1.316873333s |       127.0.0.1 | POST     "/api/chat"
time=2026-09-12T10:32:58.169+08:00 level=INFO source=server.go:225 msg=ServeHTTP method=POST path=/v1/completions took=1.310611791s status="200 OK"
time=2026-09-12T10:32:58.176+08:00 level=INFO source=pipeline.go:91 msg="peak memory" size="30.36 GiB"
time=2026-09-12T10:32:58.679+08:00 level=INFO source=server.go:225 msg=ServeHTTP method=GET path=/v1/status took=38.416µs status="200 OK"
time=2026-09-12T10:32:58.689+08:00 level=INFO source=prefix_cache.go:124 msg="cache hit" total=2090 matched=2077 cached=2076 left=14
time=2026-09-12T10:32:58.739+08:00 level=INFO source=pipeline.go:200 msg="Prompt processing progress" processed=13 total=14
[GIN] 2026/09/12 - 10:32:59 | 200 |  415.854208ms |       127.0.0.1 | POST     "/api/chat"
time=2026-09-12T10:32:59.089+08:00 level=INFO source=server.go:225 msg=ServeHTTP method=POST path=/v1/completions took=409.829709ms status="200 OK"
time=2026-09-12T10:32:59.094+08:00 level=INFO source=pipeline.go:91 msg="peak memory" size="28.81 GiB"
time=2026-09-12T10:32:59.098+08:00 level=INFO source=server.go:225 msg=ServeHTTP method=GET path=/v1/status took=27.583µs status="200 OK"
time=2026-09-12T10:32:59.101+08:00 level=INFO source=prefix_cache.go:124 msg="cache hit" total=2103 matched=2090 cached=2089 left=14
time=2026-09-12T10:32:59.145+08:00 level=INFO source=pipeline.go:200 msg="Prompt processing progress" processed=13 total=14
[GIN] 2026/09/12 - 10:32:59 | 200 |  404.910084ms |       127.0.0.1 | POST     "/api/chat"
time=2026-09-12T10:32:59.497+08:00 level=INFO source=server.go:225 msg=ServeHTTP method=POST path=/v1/completions took=399.003833ms status="200 OK"
time=2026-09-12T10:32:59.503+08:00 level=INFO source=pipeline.go:91 msg="peak memory" size="28.85 GiB"
time=2026-09-12T10:32:59.550+08:00 level=INFO source=server.go:225 msg=ServeHTTP method=GET path=/v1/status took=37.125µs status="200 OK"
time=2026-09-12T10:32:59.563+08:00 level=INFO source=prefix_cache.go:124 msg="cache hit" total=2090 matched=260 cached=259 left=1831
time=2026-09-12T10:33:00.323+08:00 level=INFO source=pipeline.go:200 msg="Prompt processing progress" processed=1830 total=1831
[GIN] 2026/09/12 - 10:33:00 | 200 |   1.27360525s |       127.0.0.1 | POST     "/api/chat"
time=2026-09-12T10:33:00.817+08:00 level=INFO source=server.go:225 msg=ServeHTTP method=POST path=/v1/completions took=1.267544583s status="200 OK"
time=2026-09-12T10:33:00.823+08:00 level=INFO source=pipeline.go:91 msg="peak memory" size="30.33 GiB"
time=2026-09-12T10:33:00.872+08:00 level=INFO source=server.go:225 msg=ServeHTTP method=GET path=/v1/status took=36.5µs status="200 OK"
time=2026-09-12T10:33:00.873+08:00 level=INFO source=prefix_cache.go:124 msg="cache hit" total=2054 matched=290 cached=260 left=1794
time=2026-09-12T10:33:01.626+08:00 level=INFO source=pipeline.go:200 msg="Prompt processing progress" processed=1793 total=1794
[GIN] 2026/09/12 - 10:33:02 | 200 |  1.260964042s |       127.0.0.1 | POST     "/api/chat"
time=2026-09-12T10:33:02.127+08:00 level=INFO source=server.go:225 msg=ServeHTTP method=POST path=/v1/completions took=1.254968s status="200 OK"
time=2026-09-12T10:33:02.134+08:00 level=INFO source=pipeline.go:91 msg="peak memory" size="30.51 GiB"
time=2026-09-12T10:33:02.629+08:00 level=INFO source=server.go:225 msg=ServeHTTP method=GET path=/v1/status took=39.75µs status="200 OK"
time=2026-09-12T10:33:02.634+08:00 level=INFO source=prefix_cache.go:124 msg="cache hit" total=2095 matched=2083 cached=2079 left=16
time=2026-09-12T10:33:02.682+08:00 level=INFO source=pipeline.go:200 msg="Prompt processing progress" processed=15 total=16
[GIN] 2026/09/12 - 10:33:03 | 200 |  406.629875ms |       127.0.0.1 | POST     "/api/chat"
time=2026-09-12T10:33:03.030+08:00 level=INFO source=server.go:225 msg=ServeHTTP method=POST path=/v1/completions took=400.435709ms status="200 OK"
time=2026-09-12T10:33:03.035+08:00 level=INFO source=pipeline.go:91 msg="peak memory" size="28.74 GiB"
time=2026-09-12T10:33:03.039+08:00 level=INFO source=server.go:225 msg=ServeHTTP method=GET path=/v1/status took=36.375µs status="200 OK"
time=2026-09-12T10:33:03.053+08:00 level=INFO source=prefix_cache.go:124 msg="cache hit" total=2108 matched=2096 cached=2092 left=16
time=2026-09-12T10:33:03.100+08:00 level=INFO source=pipeline.go:200 msg="Prompt processing progress" processed=15 total=16
[GIN] 2026/09/12 - 10:33:03 | 200 |    416.5335ms |       127.0.0.1 | POST     "/api/chat"
time=2026-09-12T10:33:03.450+08:00 level=INFO source=server.go:225 msg=ServeHTTP method=POST path=/v1/completions took=410.456625ms status="200 OK"
time=2026-09-12T10:33:03.456+08:00 level=INFO source=pipeline.go:91 msg="peak memory" size="29.01 GiB"
time=2026-09-12T10:33:03.909+08:00 level=INFO source=server.go:225 msg=ServeHTTP method=GET path=/v1/status took=38.458µs status="200 OK"
time=2026-09-12T10:33:03.911+08:00 level=INFO source=prefix_cache.go:124 msg="cache hit" total=2103 matched=259 cached=259 left=1844
time=2026-09-12T10:33:04.682+08:00 level=INFO source=pipeline.go:200 msg="Prompt processing progress" processed=1843 total=1844
[GIN] 2026/09/12 - 10:33:05 | 200 |  1.253505958s |       127.0.0.1 | POST     "/api/chat"
time=2026-09-12T10:33:05.156+08:00 level=INFO source=server.go:225 msg=ServeHTTP method=POST path=/v1/completions took=1.247117875s status="200 OK"
time=2026-09-12T10:33:05.162+08:00 level=INFO source=pipeline.go:91 msg="peak memory" size="30.34 GiB"
time=2026-09-12T10:33:05.698+08:00 level=INFO source=server.go:225 msg=ServeHTTP method=GET path=/v1/status took=34.75µs status="200 OK"
time=2026-09-12T10:33:05.702+08:00 level=INFO source=prefix_cache.go:124 msg="cache hit" total=2041 matched=290 cached=259 left=1782
time=2026-09-12T10:33:06.449+08:00 level=INFO source=pipeline.go:200 msg="Prompt processing progress" processed=1781 total=1782
[GIN] 2026/09/12 - 10:33:06 | 200 |   1.23112725s |       127.0.0.1 | POST     "/api/chat"
time=2026-09-12T10:33:06.923+08:00 level=INFO source=server.go:225 msg=ServeHTTP method=POST path=/v1/completions took=1.225175625s status="200 OK"
time=2026-09-12T10:33:06.930+08:00 level=INFO source=pipeline.go:91 msg="peak memory" size="30.48 GiB"
time=2026-09-12T10:33:10.473+08:00 level=INFO source=server.go:225 msg=ServeHTTP method=GET path=/v1/status took=37µs status="200 OK"
time=2026-09-12T10:33:10.475+08:00 level=INFO source=prefix_cache.go:124 msg="cache hit" total=201 matched=152 cached=3 left=198
time=2026-09-12T10:33:10.963+08:00 level=INFO source=pipeline.go:200 msg="Prompt processing progress" processed=197 total=198
[GIN] 2026/09/12 - 10:33:11 | 200 |  852.959792ms |       127.0.0.1 | POST     "/api/chat"
time=2026-09-12T10:33:11.320+08:00 level=INFO source=server.go:225 msg=ServeHTTP method=POST path=/v1/completions took=846.799208ms status="200 OK"
time=2026-09-12T10:33:11.327+08:00 level=INFO source=pipeline.go:91 msg="peak memory" size="29.03 GiB"
time=2026-09-12T10:33:11.332+08:00 level=INFO source=server.go:225 msg=ServeHTTP method=GET path=/v1/status took=35.5µs status="200 OK"
time=2026-09-12T10:33:11.334+08:00 level=INFO source=prefix_cache.go:124 msg="cache hit" total=202 matched=184 cached=152 left=50
time=2026-09-12T10:33:11.447+08:00 level=INFO source=pipeline.go:200 msg="Prompt processing progress" processed=49 total=50
[GIN] 2026/09/12 - 10:33:11 | 200 |  460.170083ms |       127.0.0.1 | POST     "/api/chat"
time=2026-09-12T10:33:11.786+08:00 level=INFO source=server.go:225 msg=ServeHTTP method=POST path=/v1/completions took=453.84175ms status="200 OK"
time=2026-09-12T10:33:11.793+08:00 level=INFO source=pipeline.go:91 msg="peak memory" size="28.81 GiB"
time=2026-09-12T10:33:11.794+08:00 level=INFO source=server.go:225 msg=ServeHTTP method=GET path=/v1/status took=30.166µs status="200 OK"
time=2026-09-12T10:33:11.795+08:00 level=INFO source=prefix_cache.go:124 msg="cache hit" total=199 matched=186 cached=184 left=15
time=2026-09-12T10:33:11.839+08:00 level=INFO source=pipeline.go:200 msg="Prompt processing progress" processed=14 total=15
[GIN] 2026/09/12 - 10:33:12 | 200 |  393.162625ms |       127.0.0.1 | POST     "/api/chat"
time=2026-09-12T10:33:12.182+08:00 level=INFO source=server.go:225 msg=ServeHTTP method=POST path=/v1/completions took=387.240417ms status="200 OK"
time=2026-09-12T10:33:12.188+08:00 level=INFO source=pipeline.go:91 msg="peak memory" size="28.84 GiB"
time=2026-09-12T10:33:12.190+08:00 level=INFO source=server.go:225 msg=ServeHTTP method=GET path=/v1/status took=29.042µs status="200 OK"
time=2026-09-12T10:33:12.192+08:00 level=INFO source=prefix_cache.go:124 msg="cache hit" total=205 matched=187 cached=186 left=19
time=2026-09-12T10:33:12.247+08:00 level=INFO source=pipeline.go:200 msg="Prompt processing progress" processed=18 total=19
[GIN] 2026/09/12 - 10:33:12 | 200 |  400.376208ms |       127.0.0.1 | POST     "/api/chat"
time=2026-09-12T10:33:12.585+08:00 level=INFO source=server.go:225 msg=ServeHTTP method=POST path=/v1/completions took=394.531375ms status="200 OK"
time=2026-09-12T10:33:12.591+08:00 level=INFO source=pipeline.go:91 msg="peak memory" size="28.76 GiB"
time=2026-09-12T10:33:12.594+08:00 level=INFO source=server.go:225 msg=ServeHTTP method=GET path=/v1/status took=23.209µs status="200 OK"
time=2026-09-12T10:33:12.596+08:00 level=INFO source=prefix_cache.go:124 msg="cache hit" total=203 matched=185 cached=184 left=19
time=2026-09-12T10:33:12.651+08:00 level=INFO source=pipeline.go:200 msg="Prompt processing progress" processed=18 total=19
[GIN] 2026/09/12 - 10:33:12 | 200 |  401.888916ms |       127.0.0.1 | POST     "/api/chat"
time=2026-09-12T10:33:12.990+08:00 level=INFO source=server.go:225 msg=ServeHTTP method=POST path=/v1/completions took=395.995583ms status="200 OK"
time=2026-09-12T10:33:12.996+08:00 level=INFO source=pipeline.go:91 msg="peak memory" size="28.77 GiB"
time=2026-09-12T10:33:12.998+08:00 level=INFO source=server.go:225 msg=ServeHTTP method=GET path=/v1/status took=31.542µs status="200 OK"
time=2026-09-12T10:33:13.000+08:00 level=INFO source=prefix_cache.go:124 msg="cache hit" total=203 matched=185 cached=185 left=18
time=2026-09-12T10:33:13.052+08:00 level=INFO source=pipeline.go:200 msg="Prompt processing progress" processed=17 total=18
[GIN] 2026/09/12 - 10:33:13 | 200 |  396.125334ms |       127.0.0.1 | POST     "/api/chat"
time=2026-09-12T10:33:13.389+08:00 level=INFO source=server.go:225 msg=ServeHTTP method=POST path=/v1/completions took=389.972417ms status="200 OK"
time=2026-09-12T10:33:13.394+08:00 level=INFO source=pipeline.go:91 msg="peak memory" size="28.66 GiB"
time=2026-09-12T10:33:13.397+08:00 level=INFO source=server.go:225 msg=ServeHTTP method=GET path=/v1/status took=32.209µs status="200 OK"
time=2026-09-12T10:33:13.400+08:00 level=INFO source=prefix_cache.go:124 msg="cache hit" total=201 matched=187 cached=185 left=16
time=2026-09-12T10:33:13.446+08:00 level=INFO source=pipeline.go:200 msg="Prompt processing progress" processed=15 total=16
[GIN] 2026/09/12 - 10:33:13 | 200 |  421.455041ms |       127.0.0.1 | POST     "/api/chat"
time=2026-09-12T10:33:13.813+08:00 level=INFO source=server.go:225 msg=ServeHTTP method=POST path=/v1/completions took=415.619167ms status="200 OK"
time=2026-09-12T10:33:13.819+08:00 level=INFO source=pipeline.go:91 msg="peak memory" size="28.79 GiB"
time=2026-09-12T10:33:13.822+08:00 level=INFO source=server.go:225 msg=ServeHTTP method=GET path=/v1/status took=47µs status="200 OK"
time=2026-09-12T10:33:13.824+08:00 level=INFO source=prefix_cache.go:124 msg="cache hit" total=204 matched=185 cached=185 left=19
time=2026-09-12T10:33:13.879+08:00 level=INFO source=pipeline.go:200 msg="Prompt processing progress" processed=18 total=19
[GIN] 2026/09/12 - 10:33:14 | 200 |  409.800292ms |       127.0.0.1 | POST     "/api/chat"
time=2026-09-12T10:33:14.226+08:00 level=INFO source=server.go:225 msg=ServeHTTP method=POST path=/v1/completions took=403.468791ms status="200 OK"
time=2026-09-12T10:33:14.232+08:00 level=INFO source=pipeline.go:91 msg="peak memory" size="28.69 GiB"
time=2026-09-12T10:33:14.369+08:00 level=INFO source=server.go:225 msg=ServeHTTP method=GET path=/v1/status took=34.458µs status="200 OK"
time=2026-09-12T10:33:14.371+08:00 level=INFO source=prefix_cache.go:124 msg="cache hit" total=204 matched=162 cached=152 left=52
time=2026-09-12T10:33:14.496+08:00 level=INFO source=pipeline.go:200 msg="Prompt processing progress" processed=51 total=52
[GIN] 2026/09/12 - 10:33:14 | 200 |  482.109667ms |       127.0.0.1 | POST     "/api/chat"
time=2026-09-12T10:33:14.846+08:00 level=INFO source=server.go:225 msg=ServeHTTP method=POST path=/v1/completions took=476.184041ms status="200 OK"
time=2026-09-12T10:33:14.852+08:00 level=INFO source=pipeline.go:91 msg="peak memory" size="28.80 GiB"
time=2026-09-12T10:33:14.854+08:00 level=INFO source=server.go:225 msg=ServeHTTP method=GET path=/v1/status took=34.125µs status="200 OK"
time=2026-09-12T10:33:14.856+08:00 level=INFO source=prefix_cache.go:124 msg="cache hit" total=204 matched=184 cached=162 left=42
time=2026-09-12T10:33:14.955+08:00 level=INFO source=pipeline.go:200 msg="Prompt processing progress" processed=41 total=42
[GIN] 2026/09/12 - 10:33:15 | 200 |  445.383583ms |       127.0.0.1 | POST     "/api/chat"
time=2026-09-12T10:33:15.294+08:00 level=INFO source=server.go:225 msg=ServeHTTP method=POST path=/v1/completions took=439.406708ms status="200 OK"
time=2026-09-12T10:33:15.300+08:00 level=INFO source=pipeline.go:91 msg="peak memory" size="28.75 GiB"
time=2026-09-12T10:33:15.302+08:00 level=INFO source=server.go:225 msg=ServeHTTP method=GET path=/v1/status took=32.792µs status="200 OK"
time=2026-09-12T10:33:15.305+08:00 level=INFO source=prefix_cache.go:124 msg="cache hit" total=205 matched=184 cached=184 left=21
time=2026-09-12T10:33:15.363+08:00 level=INFO source=pipeline.go:200 msg="Prompt processing progress" processed=20 total=21
[GIN] 2026/09/12 - 10:33:15 | 200 |  426.239667ms |       127.0.0.1 | POST     "/api/chat"
time=2026-09-12T10:33:15.723+08:00 level=INFO source=server.go:225 msg=ServeHTTP method=POST path=/v1/completions took=420.265125ms status="200 OK"
time=2026-09-12T10:33:15.728+08:00 level=INFO source=pipeline.go:91 msg="peak memory" size="28.72 GiB"
time=2026-09-12T10:33:15.731+08:00 level=INFO source=server.go:225 msg=ServeHTTP method=GET path=/v1/status took=34.375µs status="200 OK"
time=2026-09-12T10:33:15.732+08:00 level=INFO source=prefix_cache.go:124 msg="cache hit" total=199 matched=184 cached=184 left=15
time=2026-09-12T10:33:15.777+08:00 level=INFO source=pipeline.go:200 msg="Prompt processing progress" processed=14 total=15
[GIN] 2026/09/12 - 10:33:16 | 200 |     387.897ms |       127.0.0.1 | POST     "/api/chat"
time=2026-09-12T10:33:16.114+08:00 level=INFO source=server.go:225 msg=ServeHTTP method=POST path=/v1/completions took=381.919333ms status="200 OK"
time=2026-09-12T10:33:16.119+08:00 level=INFO source=pipeline.go:91 msg="peak memory" size="28.73 GiB"
time=2026-09-12T10:33:16.122+08:00 level=INFO source=server.go:225 msg=ServeHTTP method=GET path=/v1/status took=28.5µs status="200 OK"
time=2026-09-12T10:33:16.124+08:00 level=INFO source=prefix_cache.go:124 msg="cache hit" total=203 matched=185 cached=184 left=19
time=2026-09-12T10:33:16.179+08:00 level=INFO source=pipeline.go:200 msg="Prompt processing progress" processed=18 total=19
[GIN] 2026/09/12 - 10:33:16 | 200 |   402.23175ms |       127.0.0.1 | POST     "/api/chat"
time=2026-09-12T10:33:16.518+08:00 level=INFO source=server.go:225 msg=ServeHTTP method=POST path=/v1/completions took=395.883541ms status="200 OK"
time=2026-09-12T10:33:16.524+08:00 level=INFO source=pipeline.go:91 msg="peak memory" size="28.80 GiB"
time=2026-09-12T10:33:16.527+08:00 level=INFO source=server.go:225 msg=ServeHTTP method=GET path=/v1/status took=25.541µs status="200 OK"
time=2026-09-12T10:33:16.530+08:00 level=INFO source=prefix_cache.go:124 msg="cache hit" total=215 matched=184 cached=184 left=31
time=2026-09-12T10:33:16.607+08:00 level=INFO source=pipeline.go:200 msg="Prompt processing progress" processed=30 total=31
[GIN] 2026/09/12 - 10:33:16 | 200 |  424.603458ms |       127.0.0.1 | POST     "/api/chat"
time=2026-09-12T10:33:16.946+08:00 level=INFO source=server.go:225 msg=ServeHTTP method=POST path=/v1/completions took=418.757709ms status="200 OK"
time=2026-09-12T10:33:16.951+08:00 level=INFO source=pipeline.go:91 msg="peak memory" size="28.77 GiB"
time=2026-09-12T10:33:16.954+08:00 level=INFO source=server.go:225 msg=ServeHTTP method=GET path=/v1/status took=26.708µs status="200 OK"
time=2026-09-12T10:33:16.957+08:00 level=INFO source=prefix_cache.go:124 msg="cache hit" total=208 matched=187 cached=184 left=24
time=2026-09-12T10:33:17.022+08:00 level=INFO source=pipeline.go:200 msg="Prompt processing progress" processed=23 total=24
[GIN] 2026/09/12 - 10:33:17 | 200 |  379.429458ms |       127.0.0.1 | POST     "/api/chat"
time=2026-09-12T10:33:17.328+08:00 level=INFO source=server.go:225 msg=ServeHTTP method=POST path=/v1/completions took=373.478875ms status="200 OK"
time=2026-09-12T10:33:17.334+08:00 level=INFO source=pipeline.go:91 msg="peak memory" size="28.78 GiB"
time=2026-09-12T10:33:17.337+08:00 level=INFO source=server.go:225 msg=ServeHTTP method=GET path=/v1/status took=31.584µs status="200 OK"
time=2026-09-12T10:33:17.337+08:00 level=INFO source=prefix_cache.go:124 msg="cache hit" total=205 matched=185 cached=184 left=21
time=2026-09-12T10:33:17.396+08:00 level=INFO source=pipeline.go:200 msg="Prompt processing progress" processed=20 total=21
[GIN] 2026/09/12 - 10:33:17 | 200 |     427.187ms |       127.0.0.1 | POST     "/api/chat"
time=2026-09-12T10:33:17.758+08:00 level=INFO source=server.go:225 msg=ServeHTTP method=POST path=/v1/completions took=420.951958ms status="200 OK"
time=2026-09-12T10:33:17.765+08:00 level=INFO source=pipeline.go:91 msg="peak memory" size="28.79 GiB"
time=2026-09-12T10:33:17.938+08:00 level=INFO source=server.go:225 msg=ServeHTTP method=GET path=/v1/status took=38.417µs status="200 OK"
time=2026-09-12T10:33:17.939+08:00 level=INFO source=prefix_cache.go:124 msg="cache hit" total=286 matched=236 cached=152 left=134
time=2026-09-12T10:33:18.085+08:00 level=INFO source=pipeline.go:200 msg="Prompt processing progress" processed=133 total=134
[GIN] 2026/09/12 - 10:33:18 | 200 |  510.712416ms |       127.0.0.1 | POST     "/api/chat"
time=2026-09-12T10:33:18.442+08:00 level=INFO source=server.go:225 msg=ServeHTTP method=POST path=/v1/completions took=504.47ms status="200 OK"
time=2026-09-12T10:33:18.449+08:00 level=INFO source=pipeline.go:91 msg="peak memory" size="28.96 GiB"
time=2026-09-12T10:33:18.454+08:00 level=INFO source=server.go:225 msg=ServeHTTP method=GET path=/v1/status took=93.291µs status="200 OK"
time=2026-09-12T10:33:18.457+08:00 level=INFO source=prefix_cache.go:124 msg="cache hit" total=285 matched=259 cached=236 left=49
time=2026-09-12T10:33:18.575+08:00 level=INFO source=pipeline.go:200 msg="Prompt processing progress" processed=48 total=49
[GIN] 2026/09/12 - 10:33:18 | 200 |  480.317458ms |       127.0.0.1 | POST     "/api/chat"
time=2026-09-12T10:33:18.927+08:00 level=INFO source=server.go:225 msg=ServeHTTP method=POST path=/v1/completions took=472.792208ms status="200 OK"
time=2026-09-12T10:33:18.933+08:00 level=INFO source=pipeline.go:91 msg="peak memory" size="28.81 GiB"
time=2026-09-12T10:33:18.936+08:00 level=INFO source=server.go:225 msg=ServeHTTP method=GET path=/v1/status took=32.125µs status="200 OK"
time=2026-09-12T10:33:18.937+08:00 level=INFO source=prefix_cache.go:124 msg="cache hit" total=288 matched=258 cached=236 left=52
time=2026-09-12T10:33:19.057+08:00 level=INFO source=pipeline.go:200 msg="Prompt processing progress" processed=51 total=52
[GIN] 2026/09/12 - 10:33:19 | 200 |   509.97525ms |       127.0.0.1 | POST     "/api/chat"
time=2026-09-12T10:33:19.440+08:00 level=INFO source=server.go:225 msg=ServeHTTP method=POST path=/v1/completions took=503.953417ms status="200 OK"
time=2026-09-12T10:33:19.447+08:00 level=INFO source=pipeline.go:91 msg="peak memory" size="28.78 GiB"
time=2026-09-12T10:33:19.450+08:00 level=INFO source=server.go:225 msg=ServeHTTP method=GET path=/v1/status took=39.208µs status="200 OK"
time=2026-09-12T10:33:19.454+08:00 level=INFO source=prefix_cache.go:124 msg="cache hit" total=297 matched=259 cached=258 left=39
time=2026-09-12T10:33:19.552+08:00 level=INFO source=pipeline.go:200 msg="Prompt processing progress" processed=38 total=39
[GIN] 2026/09/12 - 10:33:19 | 200 |  469.144709ms |       127.0.0.1 | POST     "/api/chat"
time=2026-09-12T10:33:19.912+08:00 level=INFO source=server.go:225 msg=ServeHTTP method=POST path=/v1/completions took=461.722041ms status="200 OK"
time=2026-09-12T10:33:19.919+08:00 level=INFO source=pipeline.go:91 msg="peak memory" size="28.83 GiB"
time=2026-09-12T10:33:19.923+08:00 level=INFO source=server.go:225 msg=ServeHTTP method=GET path=/v1/status took=37.375µs status="200 OK"
time=2026-09-12T10:33:19.925+08:00 level=INFO source=prefix_cache.go:124 msg="cache hit" total=284 matched=258 cached=258 left=26
time=2026-09-12T10:33:19.997+08:00 level=INFO source=pipeline.go:200 msg="Prompt processing progress" processed=25 total=26
[GIN] 2026/09/12 - 10:33:20 | 200 |  704.886209ms |       127.0.0.1 | POST     "/api/chat"
time=2026-09-12T10:33:20.621+08:00 level=INFO source=server.go:225 msg=ServeHTTP method=POST path=/v1/completions took=697.430042ms status="200 OK"
time=2026-09-12T10:33:20.626+08:00 level=INFO source=pipeline.go:91 msg="peak memory" size="28.71 GiB"
time=2026-09-12T10:33:20.630+08:00 level=INFO source=server.go:225 msg=ServeHTTP method=GET path=/v1/status took=35.167µs status="200 OK"
time=2026-09-12T10:33:20.632+08:00 level=INFO source=prefix_cache.go:124 msg="cache hit" total=292 matched=258 cached=258 left=34
time=2026-09-12T10:33:20.718+08:00 level=INFO source=pipeline.go:200 msg="Prompt processing progress" processed=33 total=34
[GIN] 2026/09/12 - 10:33:21 | 200 |  435.160167ms |       127.0.0.1 | POST     "/api/chat"
time=2026-09-12T10:33:21.059+08:00 level=INFO source=server.go:225 msg=ServeHTTP method=POST path=/v1/completions took=429.067333ms status="200 OK"
time=2026-09-12T10:33:21.065+08:00 level=INFO source=pipeline.go:91 msg="peak memory" size="28.73 GiB"
time=2026-09-12T10:33:21.072+08:00 level=INFO source=server.go:225 msg=ServeHTTP method=GET path=/v1/status took=32.042µs status="200 OK"
time=2026-09-12T10:33:21.074+08:00 level=INFO source=prefix_cache.go:124 msg="cache hit" total=278 matched=261 cached=259 left=19
time=2026-09-12T10:33:21.128+08:00 level=INFO source=pipeline.go:200 msg="Prompt processing progress" processed=18 total=19
[GIN] 2026/09/12 - 10:33:21 | 200 |     400.766ms |       127.0.0.1 | POST     "/api/chat"
time=2026-09-12T10:33:21.467+08:00 level=INFO source=server.go:225 msg=ServeHTTP method=POST path=/v1/completions took=394.964458ms status="200 OK"
time=2026-09-12T10:33:21.473+08:00 level=INFO source=pipeline.go:91 msg="peak memory" size="28.73 GiB"
time=2026-09-12T10:33:21.475+08:00 level=INFO source=server.go:225 msg=ServeHTTP method=GET path=/v1/status took=26.584µs status="200 OK"
time=2026-09-12T10:33:21.479+08:00 level=INFO source=prefix_cache.go:124 msg="cache hit" total=278 matched=258 cached=258 left=20
time=2026-09-12T10:33:21.534+08:00 level=INFO source=pipeline.go:200 msg="Prompt processing progress" processed=19 total=20
[GIN] 2026/09/12 - 10:33:21 | 200 |    401.2585ms |       127.0.0.1 | POST     "/api/chat"
time=2026-09-12T10:33:21.871+08:00 level=INFO source=server.go:225 msg=ServeHTTP method=POST path=/v1/completions took=394.91425ms status="200 OK"
time=2026-09-12T10:33:21.876+08:00 level=INFO source=pipeline.go:91 msg="peak memory" size="28.73 GiB"
time=2026-09-12T10:33:21.879+08:00 level=INFO source=server.go:225 msg=ServeHTTP method=GET path=/v1/status took=31.875µs status="200 OK"
time=2026-09-12T10:33:21.882+08:00 level=INFO source=prefix_cache.go:124 msg="cache hit" total=274 matched=260 cached=258 left=16
time=2026-09-12T10:33:21.927+08:00 level=INFO source=pipeline.go:200 msg="Prompt processing progress" processed=15 total=16
[GIN] 2026/09/12 - 10:33:22 | 200 |     395.378ms |       127.0.0.1 | POST     "/api/chat"
time=2026-09-12T10:33:22.269+08:00 level=INFO source=server.go:225 msg=ServeHTTP method=POST path=/v1/completions took=389.534417ms status="200 OK"
time=2026-09-12T10:33:22.276+08:00 level=INFO source=pipeline.go:91 msg="peak memory" size="28.74 GiB"
time=2026-09-12T10:33:22.278+08:00 level=INFO source=server.go:225 msg=ServeHTTP method=GET path=/v1/status took=34.167µs status="200 OK"
time=2026-09-12T10:33:22.280+08:00 level=INFO source=prefix_cache.go:124 msg="cache hit" total=274 matched=259 cached=258 left=16
time=2026-09-12T10:33:22.327+08:00 level=INFO source=pipeline.go:200 msg="Prompt processing progress" processed=15 total=16
[GIN] 2026/09/12 - 10:33:22 | 200 |    393.7185ms |       127.0.0.1 | POST     "/api/chat"
time=2026-09-12T10:33:22.665+08:00 level=INFO source=server.go:225 msg=ServeHTTP method=POST path=/v1/completions took=387.137208ms status="200 OK"
time=2026-09-12T10:33:22.672+08:00 level=INFO source=pipeline.go:91 msg="peak memory" size="28.76 GiB"
time=2026-09-12T10:33:22.674+08:00 level=INFO source=server.go:225 msg=ServeHTTP method=GET path=/v1/status took=28.583µs status="200 OK"
time=2026-09-12T10:33:22.675+08:00 level=INFO source=prefix_cache.go:124 msg="cache hit" total=275 matched=261 cached=259 left=16
time=2026-09-12T10:33:22.721+08:00 level=INFO source=pipeline.go:200 msg="Prompt processing progress" processed=15 total=16
[GIN] 2026/09/12 - 10:33:23 | 200 |  394.822875ms |       127.0.0.1 | POST     "/api/chat"
time=2026-09-12T10:33:23.063+08:00 level=INFO source=server.go:225 msg=ServeHTTP method=POST path=/v1/completions took=388.540084ms status="200 OK"
time=2026-09-12T10:33:23.070+08:00 level=INFO source=pipeline.go:91 msg="peak memory" size="28.82 GiB"
time=2026-09-12T10:33:23.072+08:00 level=INFO source=server.go:225 msg=ServeHTTP method=GET path=/v1/status took=39.417µs status="200 OK"
time=2026-09-12T10:33:23.074+08:00 level=INFO source=prefix_cache.go:124 msg="cache hit" total=275 matched=259 cached=259 left=16
time=2026-09-12T10:33:23.123+08:00 level=INFO source=pipeline.go:200 msg="Prompt processing progress" processed=15 total=16
[GIN] 2026/09/12 - 10:33:23 | 200 |  439.572041ms |       127.0.0.1 | POST     "/api/chat"
time=2026-09-12T10:33:23.506+08:00 level=INFO source=server.go:225 msg=ServeHTTP method=POST path=/v1/completions took=433.207667ms status="200 OK"
time=2026-09-12T10:33:23.511+08:00 level=INFO source=pipeline.go:91 msg="peak memory" size="28.67 GiB"
time=2026-09-12T10:33:24.393+08:00 level=INFO source=server.go:225 msg=ServeHTTP method=GET path=/v1/status took=38.458µs status="200 OK"
time=2026-09-12T10:33:24.396+08:00 level=INFO source=prefix_cache.go:124 msg="cache hit" total=290 matched=255 cached=236 left=54
time=2026-09-12T10:33:24.524+08:00 level=INFO source=pipeline.go:200 msg="Prompt processing progress" processed=53 total=54
[GIN] 2026/09/12 - 10:33:24 | 200 |  527.615959ms |       127.0.0.1 | POST     "/api/chat"
time=2026-09-12T10:33:24.915+08:00 level=INFO source=server.go:225 msg=ServeHTTP method=POST path=/v1/completions took=521.621625ms status="200 OK"
time=2026-09-12T10:33:24.921+08:00 level=INFO source=pipeline.go:91 msg="peak memory" size="28.85 GiB"
time=2026-09-12T10:33:24.925+08:00 level=INFO source=server.go:225 msg=ServeHTTP method=GET path=/v1/status took=29.5µs status="200 OK"
time=2026-09-12T10:33:24.927+08:00 level=INFO source=prefix_cache.go:124 msg="cache hit" total=282 matched=259 cached=255 left=27
time=2026-09-12T10:33:24.996+08:00 level=INFO source=pipeline.go:200 msg="Prompt processing progress" processed=26 total=27
[GIN] 2026/09/12 - 10:33:25 | 200 |  473.980833ms |       127.0.0.1 | POST     "/api/chat"
time=2026-09-12T10:33:25.393+08:00 level=INFO source=server.go:225 msg=ServeHTTP method=POST path=/v1/completions took=467.694666ms status="200 OK"
time=2026-09-12T10:33:25.400+08:00 level=INFO source=pipeline.go:91 msg="peak memory" size="28.81 GiB"
time=2026-09-12T10:33:25.404+08:00 level=INFO source=server.go:225 msg=ServeHTTP method=GET path=/v1/status took=36.5µs status="200 OK"
time=2026-09-12T10:33:25.406+08:00 level=INFO source=prefix_cache.go:124 msg="cache hit" total=289 matched=262 cached=259 left=30
time=2026-09-12T10:33:25.487+08:00 level=INFO source=pipeline.go:200 msg="Prompt processing progress" processed=29 total=30
[GIN] 2026/09/12 - 10:33:25 | 200 |  472.871417ms |       127.0.0.1 | POST     "/api/chat"
time=2026-09-12T10:33:25.871+08:00 level=INFO source=server.go:225 msg=ServeHTTP method=POST path=/v1/completions took=466.482083ms status="200 OK"
time=2026-09-12T10:33:25.879+08:00 level=INFO source=pipeline.go:91 msg="peak memory" size="28.81 GiB"
time=2026-09-12T10:33:25.881+08:00 level=INFO source=server.go:225 msg=ServeHTTP method=GET path=/v1/status took=28.875µs status="200 OK"
time=2026-09-12T10:33:25.883+08:00 level=INFO source=prefix_cache.go:124 msg="cache hit" total=287 matched=260 cached=259 left=28
time=2026-09-12T10:33:25.961+08:00 level=INFO source=pipeline.go:200 msg="Prompt processing progress" processed=27 total=28
[GIN] 2026/09/12 - 10:33:26 | 200 |  430.859166ms |       127.0.0.1 | POST     "/api/chat"
time=2026-09-12T10:33:26.306+08:00 level=INFO source=server.go:225 msg=ServeHTTP method=POST path=/v1/completions took=424.246417ms status="200 OK"
time=2026-09-12T10:33:26.311+08:00 level=INFO source=pipeline.go:91 msg="peak memory" size="28.75 GiB"
time=2026-09-12T10:33:26.315+08:00 level=INFO source=server.go:225 msg=ServeHTTP method=GET path=/v1/status took=31.875µs status="200 OK"
time=2026-09-12T10:33:26.318+08:00 level=INFO source=prefix_cache.go:124 msg="cache hit" total=287 matched=259 cached=259 left=28
time=2026-09-12T10:33:26.388+08:00 level=INFO source=pipeline.go:200 msg="Prompt processing progress" processed=27 total=28
[GIN] 2026/09/12 - 10:33:26 | 200 |  422.824084ms |       127.0.0.1 | POST     "/api/chat"
time=2026-09-12T10:33:26.732+08:00 level=INFO source=server.go:225 msg=ServeHTTP method=POST path=/v1/completions took=416.456416ms status="200 OK"
time=2026-09-12T10:33:26.738+08:00 level=INFO source=pipeline.go:91 msg="peak memory" size="28.75 GiB"
time=2026-09-12T10:33:26.742+08:00 level=INFO source=server.go:225 msg=ServeHTTP method=GET path=/v1/status took=26.75µs status="200 OK"
time=2026-09-12T10:33:26.745+08:00 level=INFO source=prefix_cache.go:124 msg="cache hit" total=284 matched=262 cached=260 left=24
time=2026-09-12T10:33:26.808+08:00 level=INFO source=pipeline.go:200 msg="Prompt processing progress" processed=23 total=24
[GIN] 2026/09/12 - 10:33:27 | 200 |  412.481375ms |       127.0.0.1 | POST     "/api/chat"
time=2026-09-12T10:33:27.148+08:00 level=INFO source=server.go:225 msg=ServeHTTP method=POST path=/v1/completions took=406.395167ms status="200 OK"
time=2026-09-12T10:33:27.155+08:00 level=INFO source=pipeline.go:91 msg="peak memory" size="28.80 GiB"
time=2026-09-12T10:33:27.157+08:00 level=INFO source=server.go:225 msg=ServeHTTP method=GET path=/v1/status took=24.709µs status="200 OK"
time=2026-09-12T10:33:27.161+08:00 level=INFO source=prefix_cache.go:124 msg="cache hit" total=279 matched=259 cached=259 left=20
time=2026-09-12T10:33:27.217+08:00 level=INFO source=pipeline.go:200 msg="Prompt processing progress" processed=19 total=20
[GIN] 2026/09/12 - 10:33:27 | 200 |  404.349167ms |       127.0.0.1 | POST     "/api/chat"
time=2026-09-12T10:33:27.556+08:00 level=INFO source=server.go:225 msg=ServeHTTP method=POST path=/v1/completions took=398.554958ms status="200 OK"
time=2026-09-12T10:33:27.563+08:00 level=INFO source=pipeline.go:91 msg="peak memory" size="28.73 GiB"
time=2026-09-12T10:33:27.568+08:00 level=INFO source=server.go:225 msg=ServeHTTP method=GET path=/v1/status took=39.666µs status="200 OK"
time=2026-09-12T10:33:27.574+08:00 level=INFO source=prefix_cache.go:124 msg="cache hit" total=279 matched=262 cached=262 left=17
time=2026-09-12T10:33:27.636+08:00 level=INFO source=pipeline.go:200 msg="Prompt processing progress" processed=16 total=17
[GIN] 2026/09/12 - 10:33:28 | 200 |  471.925834ms |       127.0.0.1 | POST     "/api/chat"
time=2026-09-12T10:33:28.033+08:00 level=INFO source=server.go:225 msg=ServeHTTP method=POST path=/v1/completions took=464.180292ms status="200 OK"
time=2026-09-12T10:33:28.039+08:00 level=INFO source=pipeline.go:91 msg="peak memory" size="28.97 GiB"
time=2026-09-12T10:33:28.042+08:00 level=INFO source=server.go:225 msg=ServeHTTP method=GET path=/v1/status took=31.333µs status="200 OK"
time=2026-09-12T10:33:28.047+08:00 level=INFO source=prefix_cache.go:124 msg="cache hit" total=278 matched=260 cached=259 left=19
time=2026-09-12T10:33:28.105+08:00 level=INFO source=pipeline.go:200 msg="Prompt processing progress" processed=18 total=19
[GIN] 2026/09/12 - 10:33:28 | 200 |  451.726083ms |       127.0.0.1 | POST     "/api/chat"
time=2026-09-12T10:33:28.488+08:00 level=INFO source=server.go:225 msg=ServeHTTP method=POST path=/v1/completions took=445.369375ms status="200 OK"
time=2026-09-12T10:33:28.494+08:00 level=INFO source=pipeline.go:91 msg="peak memory" size="28.76 GiB"
time=2026-09-12T10:33:28.497+08:00 level=INFO source=server.go:225 msg=ServeHTTP method=GET path=/v1/status took=34.958µs status="200 OK"
time=2026-09-12T10:33:28.500+08:00 level=INFO source=prefix_cache.go:124 msg="cache hit" total=279 matched=260 cached=260 left=19
time=2026-09-12T10:33:28.553+08:00 level=INFO source=pipeline.go:200 msg="Prompt processing progress" processed=18 total=19
[GIN] 2026/09/12 - 10:33:28 | 200 |  399.999417ms |       127.0.0.1 | POST     "/api/chat"
time=2026-09-12T10:33:28.892+08:00 level=INFO source=server.go:225 msg=ServeHTTP method=POST path=/v1/completions took=394.105333ms status="200 OK"
time=2026-09-12T10:33:28.898+08:00 level=INFO source=pipeline.go:91 msg="peak memory" size="28.73 GiB"
time=2026-09-12T10:33:28.901+08:00 level=INFO source=server.go:225 msg=ServeHTTP method=GET path=/v1/status took=30.75µs status="200 OK"
time=2026-09-12T10:33:28.903+08:00 level=INFO source=prefix_cache.go:124 msg="cache hit" total=273 matched=260 cached=259 left=14
time=2026-09-12T10:33:28.946+08:00 level=INFO source=pipeline.go:200 msg="Prompt processing progress" processed=13 total=14
[GIN] 2026/09/12 - 10:33:29 | 200 |     412.187ms |       127.0.0.1 | POST     "/api/chat"
time=2026-09-12T10:33:29.307+08:00 level=INFO source=server.go:225 msg=ServeHTTP method=POST path=/v1/completions took=405.825875ms status="200 OK"
time=2026-09-12T10:33:29.314+08:00 level=INFO source=pipeline.go:91 msg="peak memory" size="28.80 GiB"
time=2026-09-12T10:33:29.317+08:00 level=INFO source=server.go:225 msg=ServeHTTP method=GET path=/v1/status took=26.208µs status="200 OK"
time=2026-09-12T10:33:29.324+08:00 level=INFO source=prefix_cache.go:124 msg="cache hit" total=278 matched=266 cached=262 left=16
time=2026-09-12T10:33:29.372+08:00 level=INFO source=pipeline.go:200 msg="Prompt processing progress" processed=15 total=16
[GIN] 2026/09/12 - 10:33:29 | 200 |  402.209084ms |       127.0.0.1 | POST     "/api/chat"
time=2026-09-12T10:33:29.713+08:00 level=INFO source=server.go:225 msg=ServeHTTP method=POST path=/v1/completions took=395.872334ms status="200 OK"
time=2026-09-12T10:33:29.719+08:00 level=INFO source=pipeline.go:91 msg="peak memory" size="28.99 GiB"
time=2026-09-12T10:33:29.779+08:00 level=INFO source=server.go:225 msg=ServeHTTP method=GET path=/v1/status took=39.083µs status="200 OK"
time=2026-09-12T10:33:29.784+08:00 level=INFO source=prefix_cache.go:124 msg="cache hit" total=1915 matched=159 cached=152 left=1763
time=2026-09-12T10:33:30.525+08:00 level=INFO source=pipeline.go:200 msg="Prompt processing progress" processed=1762 total=1763
[GIN] 2026/09/12 - 10:33:31 | 200 |   1.43871825s |       127.0.0.1 | POST     "/api/chat"
time=2026-09-12T10:33:31.212+08:00 level=INFO source=server.go:225 msg=ServeHTTP method=POST path=/v1/completions took=1.432342292s status="200 OK"
time=2026-09-12T10:33:31.219+08:00 level=INFO source=pipeline.go:91 msg="peak memory" size="30.44 GiB"
time=2026-09-12T10:33:31.221+08:00 level=INFO source=server.go:225 msg=ServeHTTP method=GET path=/v1/status took=37.667µs status="200 OK"
time=2026-09-12T10:33:31.225+08:00 level=INFO source=prefix_cache.go:124 msg="cache hit" total=1366 matched=179 cached=159 left=1207
time=2026-09-12T10:33:31.765+08:00 level=INFO source=pipeline.go:200 msg="Prompt processing progress" processed=1206 total=1207
[GIN] 2026/09/12 - 10:33:32 | 200 |  1.225875625s |       127.0.0.1 | POST     "/api/chat"
time=2026-09-12T10:33:32.441+08:00 level=INFO source=server.go:225 msg=ServeHTTP method=POST path=/v1/completions took=1.219016166s status="200 OK"
time=2026-09-12T10:33:32.448+08:00 level=INFO source=pipeline.go:91 msg="peak memory" size="30.20 GiB"
time=2026-09-12T10:33:32.450+08:00 level=INFO source=server.go:225 msg=ServeHTTP method=GET path=/v1/status took=38.792µs status="200 OK"
time=2026-09-12T10:33:32.454+08:00 level=INFO source=prefix_cache.go:124 msg="cache hit" total=779 matched=337 cached=179 left=600
time=2026-09-12T10:33:32.765+08:00 level=INFO source=pipeline.go:200 msg="Prompt processing progress" processed=599 total=600
[GIN] 2026/09/12 - 10:33:33 | 200 |  1.171132708s |       127.0.0.1 | POST     "/api/chat"
time=2026-09-12T10:33:33.616+08:00 level=INFO source=server.go:225 msg=ServeHTTP method=POST path=/v1/completions took=1.165067875s status="200 OK"
time=2026-09-12T10:33:33.623+08:00 level=INFO source=pipeline.go:91 msg="peak memory" size="29.60 GiB"
time=2026-09-12T10:33:33.625+08:00 level=INFO source=server.go:225 msg=ServeHTTP method=GET path=/v1/status took=29.125µs status="200 OK"
time=2026-09-12T10:33:33.627+08:00 level=INFO source=prefix_cache.go:124 msg="cache hit" total=831 matched=181 cached=179 left=652
time=2026-09-12T10:33:33.960+08:00 level=INFO source=pipeline.go:200 msg="Prompt processing progress" processed=651 total=652
[GIN] 2026/09/12 - 10:33:34 | 200 |   1.20331325s |       127.0.0.1 | POST     "/api/chat"
time=2026-09-12T10:33:34.822+08:00 level=INFO source=server.go:225 msg=ServeHTTP method=POST path=/v1/completions took=1.197409334s status="200 OK"
time=2026-09-12T10:33:34.829+08:00 level=INFO source=pipeline.go:91 msg="peak memory" size="29.65 GiB"
time=2026-09-12T10:33:34.832+08:00 level=INFO source=server.go:225 msg=ServeHTTP method=GET path=/v1/status took=36.875µs status="200 OK"
time=2026-09-12T10:33:34.838+08:00 level=INFO source=prefix_cache.go:124 msg="cache hit" total=1918 matched=180 cached=162 left=1756
time=2026-09-12T10:33:35.616+08:00 level=INFO source=pipeline.go:200 msg="Prompt processing progress" processed=1755 total=1756
[GIN] 2026/09/12 - 10:33:36 | 200 |  1.603276584s |       127.0.0.1 | POST     "/api/chat"
time=2026-09-12T10:33:36.429+08:00 level=INFO source=server.go:225 msg=ServeHTTP method=POST path=/v1/completions took=1.59651825s status="200 OK"
time=2026-09-12T10:33:36.436+08:00 level=INFO source=pipeline.go:91 msg="peak memory" size="30.42 GiB"
time=2026-09-12T10:33:36.436+08:00 level=INFO source=server.go:225 msg=ServeHTTP method=GET path=/v1/status took=34.542µs status="200 OK"
time=2026-09-12T10:33:36.438+08:00 level=INFO source=prefix_cache.go:124 msg="cache hit" total=2021 matched=181 cached=180 left=1841
time=2026-09-12T10:33:37.218+08:00 level=INFO source=pipeline.go:200 msg="Prompt processing progress" processed=1840 total=1841
time=2026-09-12T10:33:38.021+08:00 level=INFO source=server.go:225 msg=ServeHTTP method=POST path=/v1/completions took=1.584243834s status="200 OK"
[GIN] 2026/09/12 - 10:33:38 | 200 |  1.590632583s |       127.0.0.1 | POST     "/api/chat"
time=2026-09-12T10:33:38.028+08:00 level=INFO source=pipeline.go:91 msg="peak memory" size="30.55 GiB"
time=2026-09-12T10:33:38.031+08:00 level=INFO source=server.go:225 msg=ServeHTTP method=GET path=/v1/status took=42.584µs status="200 OK"
time=2026-09-12T10:33:38.032+08:00 level=INFO source=prefix_cache.go:124 msg="cache hit" total=1943 matched=184 cached=181 left=1762
time=2026-09-12T10:33:38.809+08:00 level=INFO source=pipeline.go:200 msg="Prompt processing progress" processed=1761 total=1762
[GIN] 2026/09/12 - 10:33:39 | 200 |  1.261134958s |       127.0.0.1 | POST     "/api/chat"
time=2026-09-12T10:33:39.286+08:00 level=INFO source=server.go:225 msg=ServeHTTP method=POST path=/v1/completions took=1.254813125s status="200 OK"
time=2026-09-12T10:33:39.294+08:00 level=INFO source=pipeline.go:91 msg="peak memory" size="30.48 GiB"
time=2026-09-12T10:33:39.294+08:00 level=INFO source=server.go:225 msg=ServeHTTP method=GET path=/v1/status took=60.458µs status="200 OK"
time=2026-09-12T10:33:39.297+08:00 level=INFO source=prefix_cache.go:124 msg="cache hit" total=1905 matched=227 cached=184 left=1721
time=2026-09-12T10:33:40.028+08:00 level=INFO source=pipeline.go:200 msg="Prompt processing progress" processed=1720 total=1721
[GIN] 2026/09/12 - 10:33:40 | 200 |  1.176595125s |       127.0.0.1 | POST     "/api/chat"
time=2026-09-12T10:33:40.464+08:00 level=INFO source=server.go:225 msg=ServeHTTP method=POST path=/v1/completions took=1.169374708s status="200 OK"
time=2026-09-12T10:33:40.471+08:00 level=INFO source=pipeline.go:91 msg="peak memory" size="30.38 GiB"
time=2026-09-12T10:33:40.472+08:00 level=INFO source=server.go:225 msg=ServeHTTP method=GET path=/v1/status took=28.75µs status="200 OK"
time=2026-09-12T10:33:40.475+08:00 level=INFO source=prefix_cache.go:124 msg="cache hit" total=1905 matched=1905 cached=1901 left=4
time=2026-09-12T10:33:40.491+08:00 level=INFO source=pipeline.go:200 msg="Prompt processing progress" processed=3 total=4
[GIN] 2026/09/12 - 10:33:40 | 200 |  457.383542ms |       127.0.0.1 | POST     "/api/chat"
time=2026-09-12T10:33:40.923+08:00 level=INFO source=server.go:225 msg=ServeHTTP method=POST path=/v1/completions took=450.9325ms status="200 OK"
time=2026-09-12T10:33:40.929+08:00 level=INFO source=pipeline.go:91 msg="peak memory" size="28.63 GiB"
time=2026-09-12T10:33:40.931+08:00 level=INFO source=server.go:225 msg=ServeHTTP method=GET path=/v1/status took=30.042µs status="200 OK"
time=2026-09-12T10:33:40.936+08:00 level=INFO source=prefix_cache.go:124 msg="cache hit" total=1943 matched=1943 cached=1939 left=4
time=2026-09-12T10:33:40.958+08:00 level=INFO source=pipeline.go:200 msg="Prompt processing progress" processed=3 total=4
[GIN] 2026/09/12 - 10:33:41 | 200 |  460.219958ms |       127.0.0.1 | POST     "/api/chat"
time=2026-09-12T10:33:41.385+08:00 level=INFO source=server.go:225 msg=ServeHTTP method=POST path=/v1/completions took=453.754333ms status="200 OK"
time=2026-09-12T10:33:41.390+08:00 level=INFO source=pipeline.go:91 msg="peak memory" size="28.83 GiB"
time=2026-09-12T10:33:41.393+08:00 level=INFO source=server.go:225 msg=ServeHTTP method=GET path=/v1/status took=37.541µs status="200 OK"
time=2026-09-12T10:33:41.395+08:00 level=INFO source=prefix_cache.go:124 msg="cache hit" total=2021 matched=2021 cached=2017 left=4
time=2026-09-12T10:33:41.416+08:00 level=INFO source=pipeline.go:200 msg="Prompt processing progress" processed=3 total=4
[GIN] 2026/09/12 - 10:33:42 | 200 |  783.768167ms |       127.0.0.1 | POST     "/api/chat"
time=2026-09-12T10:33:42.170+08:00 level=INFO source=server.go:225 msg=ServeHTTP method=POST path=/v1/completions took=777.425333ms status="200 OK"
time=2026-09-12T10:33:42.176+08:00 level=INFO source=pipeline.go:91 msg="peak memory" size="28.83 GiB"
time=2026-09-12T10:33:42.178+08:00 level=INFO source=server.go:225 msg=ServeHTTP method=GET path=/v1/status took=25.958µs status="200 OK"
time=2026-09-12T10:33:42.179+08:00 level=INFO source=prefix_cache.go:124 msg="cache hit" total=1918 matched=1918 cached=1914 left=4
time=2026-09-12T10:33:42.195+08:00 level=INFO source=pipeline.go:200 msg="Prompt processing progress" processed=3 total=4
[GIN] 2026/09/12 - 10:33:43 | 200 |  837.462541ms |       127.0.0.1 | POST     "/api/chat"
time=2026-09-12T10:33:43.009+08:00 level=INFO source=server.go:225 msg=ServeHTTP method=POST path=/v1/completions took=831.240208ms status="200 OK"
time=2026-09-12T10:33:43.015+08:00 level=INFO source=pipeline.go:91 msg="peak memory" size="28.66 GiB"
time=2026-09-12T10:33:43.017+08:00 level=INFO source=server.go:225 msg=ServeHTTP method=GET path=/v1/status took=52.25µs status="200 OK"
time=2026-09-12T10:33:43.024+08:00 level=INFO source=prefix_cache.go:124 msg="cache hit" total=831 matched=831 cached=827 left=4
time=2026-09-12T10:33:43.039+08:00 level=INFO source=pipeline.go:200 msg="Prompt processing progress" processed=3 total=4
[GIN] 2026/09/12 - 10:33:43 | 200 |   873.93825ms |       127.0.0.1 | POST     "/api/chat"
time=2026-09-12T10:33:43.885+08:00 level=INFO source=server.go:225 msg=ServeHTTP method=POST path=/v1/completions took=867.625ms status="200 OK"
time=2026-09-12T10:33:43.891+08:00 level=INFO source=pipeline.go:91 msg="peak memory" size="28.83 GiB"
time=2026-09-12T10:33:43.893+08:00 level=INFO source=server.go:225 msg=ServeHTTP method=GET path=/v1/status took=34.958µs status="200 OK"
time=2026-09-12T10:33:43.893+08:00 level=INFO source=prefix_cache.go:124 msg="cache hit" total=779 matched=779 cached=775 left=4
time=2026-09-12T10:33:43.910+08:00 level=INFO source=pipeline.go:200 msg="Prompt processing progress" processed=3 total=4
[GIN] 2026/09/12 - 10:33:44 | 200 |   884.95875ms |       127.0.0.1 | POST     "/api/chat"
time=2026-09-12T10:33:44.772+08:00 level=INFO source=server.go:225 msg=ServeHTTP method=POST path=/v1/completions took=878.868541ms status="200 OK"
time=2026-09-12T10:33:44.778+08:00 level=INFO source=pipeline.go:91 msg="peak memory" size="28.68 GiB"
time=2026-09-12T10:33:44.779+08:00 level=INFO source=server.go:225 msg=ServeHTTP method=GET path=/v1/status took=37.583µs status="200 OK"
time=2026-09-12T10:33:44.782+08:00 level=INFO source=prefix_cache.go:124 msg="cache hit" total=1366 matched=1366 cached=1362 left=4
time=2026-09-12T10:33:44.797+08:00 level=INFO source=pipeline.go:200 msg="Prompt processing progress" processed=3 total=4
[GIN] 2026/09/12 - 10:33:45 | 200 |  887.821083ms |       127.0.0.1 | POST     "/api/chat"
time=2026-09-12T10:33:45.661+08:00 level=INFO source=server.go:225 msg=ServeHTTP method=POST path=/v1/completions took=881.812041ms status="200 OK"
time=2026-09-12T10:33:45.667+08:00 level=INFO source=pipeline.go:91 msg="peak memory" size="28.66 GiB"
time=2026-09-12T10:33:45.669+08:00 level=INFO source=server.go:225 msg=ServeHTTP method=GET path=/v1/status took=32.291µs status="200 OK"
time=2026-09-12T10:33:45.677+08:00 level=INFO source=prefix_cache.go:124 msg="cache hit" total=1915 matched=1915 cached=1911 left=4
time=2026-09-12T10:33:45.692+08:00 level=INFO source=pipeline.go:200 msg="Prompt processing progress" processed=3 total=4
[GIN] 2026/09/12 - 10:33:46 | 200 |  708.092375ms |       127.0.0.1 | POST     "/api/chat"
time=2026-09-12T10:33:46.371+08:00 level=INFO source=server.go:225 msg=ServeHTTP method=POST path=/v1/completions took=701.756084ms status="200 OK"
time=2026-09-12T10:33:46.376+08:00 level=INFO source=pipeline.go:91 msg="peak memory" size="28.83 GiB"
time=2026-09-12T10:35:17.065+08:00 level=INFO source=client.go:142 msg="stopping mlx runner subprocess" pid=92206
